316.5855,223.9277,182.3434,551.5497,7.8641
1.2330516792455324,-1.3132255247980125,-1.008827322169856,-0.531576190298347,1.2267485162519438
-1.43955566190909,0.44848321915519174,2.023001264396983,0.6365766214336083,-0.9026689674406988
0.25438096733591803,-1.3615716869826033,0.09628073742496912,0.03251616175567552,0.6139971518786331
0.1043171682848373,1.263382911517668,0.7161732440997693,-1.253617262733273,0.15367204590435843
0.38193535595571554,0.6600312761384032,0.07393344688614562,-0.6495573369743287,0.7621696267118834
1.2766558567063457,-1.2728846158846103,-1.188199992333421,1.4300309603066017,1.40851991122107
1.4210249455045367,0.2525387665595434,-1.188199992333421,-0.6841803816066685,-0.2505670124987757
1.4210249455045367,-0.049136784483853786,-1.188199992333421,-0.38214988480820805,0.05368150898454377
0.14267196651104397,-1.5575161395782513,-1.188199992333421,0.08197094196316564,1.4932018830083817
0.7591626137172353,1.0186965937244903,0.3107481961927377,-1.1539169682966652,-1.5204147222795408
0.888505766307845,-0.3811764089068847,-0.2681605592429173,0.8364769584798445,1.3129853860401015
0.9016616310913956,-0.01377416078040117,-0.35930891700315476,0.24455568091921667,-0.7786272617897155
1.3516712821727372,-1.047749333343918,-0.7157194488362115,-0.3627200389060773,1.298292648721839
0.4242279857397711,-1.1202813756400904,-0.9851386378864435,1.2761015820693942,-0.15373951782834597
0.23806739740840832,-0.8112853188573282,-0.007782012078561979,-1.4191994228894715,-0.2929779177075857
0.8393020030001961,-1.414636954236593,-0.650022376957757,-0.8151389632115389,0.31551966309993906
1.4210249455045367,-1.0825802644545137,-1.188199992333421,0.09095145934586585,1.2282657653907834
-0.9939153564510459,-1.2856649699345764,0.8483916382659649,-0.8085343853266401,-1.5003769222382057
0.4981465577196039,0.6268156879202481,-0.45181740147182886,1.1853652535268497,1.4528998519127907
1.0993811633113917,0.0234640525409833,-1.094057766351024,0.5818792906802958,1.1421805667324212
-1.0606161648386108,-1.404187621574167,-0.09586838174810396,-1.4673129985984275,-1.3530520846409753
1.4080646437457214,-0.008561760176004497,-0.6450621151971901,1.4723787448612302,1.0487097370302643
1.107447606660459,-0.31023784451187214,-0.9661825814695731,1.17034824806277,0.744460677706059
-0.38752383892439074,-0.23165986548027423,-0.5966998468644478,-0.6386424310971266,-0.7585770914080072
-0.17828415656795055,-1.0549429154753593,0.06823294922082022,1.1400488793974402,0.5853910086856313
0.6559366905115167,-1.0563113439540663,-0.4450985117718895,-1.2940071663579162,-0.33248448213307996
1.4210249455045367,-1.3693486910765176,-0.8658090905128406,0.999576929259576,1.4932018830083817
-1.2660094200944154,0.728968927184971,-1.188199992333421,-1.1573954505052437,-1.5144436127653982
0.46875949330428807,-1.1759459103941654,1.6220323912233516,1.5529887658722468,0.6032021474597575
1.4210249455045367,1.005971702091432,-0.9170891598812106,-1.4673129985984275,-0.605123019076209
-0.9935008478660092,-1.6796139839385171,0.08043775900019651,1.3075990649444014,1.3298015191754995
0.5093287239328641,1.2812887394993773,0.30294052392736365,-1.4673129985984275,-0.7074752153255679
1.1109225702983505,-1.3222525664422342,-0.684401339276761,1.4192174990371706,0.26739312279774097
-1.471587078528435,-1.2922505986499127,-0.10178913365502915,-0.9697437489689078,1.0763886425361484
0.2465754518269187,0.5817444747955713,-0.06673975829651628,0.9247006642635902,-1.0727552313249515
1.0742592859518516,0.08605498989889515,-1.0628980354859197,-0.9876065426404665,1.4932018830083817
-1.098655830255937,-0.6171236629897849,-0.34620322196238923,0.8720493110733281,-0.24735664025144027
1.3367170878356422,-0.2520204387026257,-0.3483875990801121,-1.4673129985984275,1.2397077923952753
-0.4669861975184583,-1.6796139839385171,-1.188199992333421,0.3448683804353701,-0.585784412186413
0.13424787665206675,-1.076262348559252,-0.545959627454226,0.3448683804353701,0.0227131686211117
-0.942082652155991,0.2204329599720155,-0.7489761363210842,-1.3253946619213404,0.9172953085167453
-0.6414656150707285,-0.0812431243638521,-1.0137296820421673,-1.0233641651228798,0.613046787033426
0.6337849265901435,-1.5713742777106285,1.1026331529407927,1.2052115562398313,-0.06524963256957564
0.11480636117131804,0.238680095134696,-0.8240873740312212,-0.5812765732404411,1.4932018830083817
0.8519849028597943,-1.4328120949157872,0.2572008705332595,1.4339221618931126,-1.2674444886892027
-0.6776793170288417,0.9198678997194164,-1.188199992333421,-1.3754714577501648,0.5988225091266947
0.8254074626612596,-0.5885114553749812,0.4174006360317809,0.13467942448517264,0.8783954286104326
-0.2247548203206713,-1.0478954554807713,-0.9583300636240796,-0.909584426965594,0.475094902553018
-0.16818024409704876,1.068746092059116,1.65077102842757,1.5529887658722468,-1.5028789580389437
0.7056607152355131,-1.1846423107068211,-0.7266004625037039,-1.3151204588300622,0.794448685314008
-1.3892773648079229,0.7328774276995633,0.5514128534027593,0.6073023772257564,-1.3395813218152486
-0.16398095327786877,-0.3860571015947749,-0.8826051794315469,-1.2232927998754943,0.09027889205875032
1.1992787951477704,-0.5392698951328108,1.140951714323465,0.950586658571881,1.3319539584004674
0.18007764636176904,-0.7484618659823795,-1.1072957274698636,-0.9710598592749932,-1.2692683071329478
-0.020487115299620398,-1.050137417025777,-0.7861758288630517,-0.6690293624765328,-0.9650197856496283
0.3199599454375695,0.7039889745851605,-1.1540225512921696,1.2484963686188741,-0.09541336296785201
-1.2423957162788932,-0.7710979981753633,1.9631766928519077,-0.2209122234595618,0.15405122372884708
0.5993020636851901,-1.3584727244378774,-1.0855649217412915,0.24799572096064004,0.7623261384096508
-0.4960979857196088,0.1499060973640498,0.5200357066239107,1.5529887658722468,-0.7589175446887181
0.7063706940427043,0.3593689807885143,-0.7644450231344794,0.3448683804353701,-0.5606139965718963
-1.4174697942243122,1.0028082111578043,1.7686382692899325,-1.4673129985984275,-0.7980540745847826
0.3253145460822233,-0.4889206864298945,-0.5073084140468692,0.8426875041514,-1.2688218991977345
-0.6935034479732504,1.002980997918171,1.555016064557582,-1.307453382158506,0.7985766141125168
-0.36071948184661157,-0.3033919690710453,-0.37170503008000316,0.5047279968752918,-1.0269161283100574
0.33968417703016346,1.2696368323164973,-0.8358925472485192,1.0920372822152438,1.0494153842724327
0.30394822278736827,-0.6797471311883834,0.1652674312881438,-0.2900456558177165,-0.8380328633080086
-1.5280915071453591,1.1856400684945094,-1.0819239147680395,0.9312369005179906,-0.995423930923857
0.49393238710506376,-1.3237777829072,1.3955264486885488,-1.3189588024367347,1.4021384291110623
-1.3329934760150886,1.0232349126464686,-1.188199992333421,1.2827446021214484,-1.29460061285409
0.7713273778455377,-0.5910429947313419,1.0596410009109762,-0.8314667397918216,0.13584853678985886
-1.0751154625746906,1.183866337738399,-0.19555102370476662,0.6897165104981371,-0.90413350817273
0.46508524669282153,-0.6261880351069256,-1.188199992333421,1.5529887658722468,-1.0301587710105409
-1.58399489831398,1.3278649039751496,1.2717140462997023,-0.8742726268383861,1.036887456519512
0.5203259555466465,-0.7838655532060429,-0.9761269469446947,1.2399387150748837,-1.0928538073863818
0.2197089184613838,-0.4821894688701753,-0.6550070483378827,0.9379082182764233,-1.3971028667105871
0.014123288708421285,0.8856699867710284,2.023001264396983,-1.0762130683388018,1.178900039687704
1.206201619939147,-1.6184506705235118,-0.31558220572429085,1.1854960636789762,-0.26551576207867855
-0.5094201853584368,0.06065960246474615,-1.0250858317926987,-0.8873338870484333,-1.3332046802732131
1.321422783890313,-0.390467430323889,1.645686447906925,-0.4971362798789838,1.066838201927012
-0.5160151232306238,1.1729749056181211,-0.8296766092446044,0.27583532484701045,-0.519958066173449
0.6559063994995333,-1.302958044867948,1.4615033796935724,1.159692826813867,-0.28253519906890834
-0.6854407245730231,1.3108272761350364,-0.5144717858890064,-0.7432649246865949,0.17452790193299397
1.1838622643119814,-1.1025787320895535,0.5739031956655083,1.5529887658722468,-1.549285483188356
-1.1451222426385548,1.1118537223082672,-0.8356121204563792,-1.4218759587776686,1.493073876877562
0.6585810427155461,-0.6692908657238441,1.091108974181206,0.39030488633714067,-0.3324183277041266
-0.9602503508696459,0.7066970337491802,-0.1791188084171571,0.9821540848343518,-0.8002350193766983
0.9017211502728367,-0.977095013835558,-0.2993481057210072,-1.204178500095431,-1.0145490149819907
0.6011041131875743,-0.6754189294996905,-0.6204685719933902,-0.9021480032969708,-0.7858052862515916
-0.5579894316782218,1.1278871604268665,1.6851539644055722,0.9762323893354501,-0.6575958515765503
0.9982442570900061,-1.5031955018492513,-0.1893004581010127,-0.5329179287158693,-1.2202763808454988
-0.7524550715056798,0.870219970614902,-0.24111356544067725,1.4903189567860884,0.15062679080896346
1.0201760126085522,-1.4415330266820756,-0.48448598742500676,-1.4670380303194686,-1.275859547188417
-1.1659199451821416,1.0793442133207467,1.820573424727391,0.8065203658049838,1.1336729996008494
0.8732906441306826,-1.1795674995597534,-0.33655631324654184,1.4971750105144623,-1.2994761404838597
-0.8621181004685134,0.5611177886305564,-0.2576104946033959,-0.7559962229618913,1.4510873281276473
1.3902269576363075,-1.2342054463085628,-0.14627424613692777,0.6636062702147731,-0.9359785291800148
-0.9852298073307378,0.7665921776698889,-1.0888573820538674,1.036053740619189,1.3558222612304645
1.2579131601862679,-0.9790948605990619,0.41923816948554116,-0.8691913198270212,-0.3999700672787344
-1.5310472722094288,0.07169395696705558,-0.16175505392731712,0.7438724473973438,-1.3927189256504375
0.4067862084711933,1.3252773689094102,-0.8673327049057636,1.0353468318787196,-0.3038105709884673
-0.24029092094060575,-0.4847775372283845,1.0146546397297664,-0.6807883942741897,-1.549285483188356
-0.14255829932914973,0.34442399260173173,-1.1872145249019328,1.14469664419033,1.303903942683382
0.21615796158290237,0.6375471322994454,1.1037906230403347,-0.6943141640040316,-1.3964284142397947
-0.8846721502858776,-1.5144031764043977,-0.5822328897841034,1.5011874117113106,1.22396303830439
1.4210249455045367,0.8644652115682431,1.8704893937283262,-0.6910220195223592,-0.01499109099606935
0.5566098051114581,-1.1691773623615274,-0.4935232233174565,0.23864039244817434,1.2798420171344977
-0.8578959585350303,0.49041920584716425,-0.02371695232585825,-1.3688823635159257,-1.0685283398034555
0.9458073268190706,-1.3196357002906305,-1.188199992333421,0.443299015517872,0.7569644026191187
-1.306515943013973,-1.0741211792911272,1.8432357696581938,-0.6432864584570984,1.1911837876784719
0.48112460324869155,-1.643484485662819,-1.0407204769528653,0.8970260413445951,1.4780960838898258
-0.9426029135723385,0.9860388294302357,-1.1812739047000178,-0.8854480851818639,-0.7793608767579455
-0.21072901892980658,-0.22066444132829427,-1.188199992333421,-1.4673129985984275,0.43763374701621804
0.08988854957671884,-0.5223399923716916,-1.188199992333421,-1.419495214008973,0.7418828063404234
0.9917401922537693,-1.4273677120868242,-1.188199992333421,-0.5134047914515684,1.4932018830083817
-0.34456214977038485,0.6906902602540944,-0.6093133758550403,-1.3947368566039084,-1.042084854812252
1.0243338525692285,-1.1193646458837003,-1.188199992333421,-0.1678273280508246,0.7834073497694362
0.5919865185805546,-0.5160130105044354,-1.188199992333421,-0.7718877877287572,1.391904930576961
1.1726795666774579,-1.5191100157469808,-0.11943104427472473,0.09884705334440137,-0.8447354364268381
-0.5976143267226821,1.0044320867297691,-0.9167241509189716,-0.15401270814832857,0.6060295769964037
0.9054719215461563,-0.5039467350721579,-1.188199992333421,-1.4673129985984275,1.4932018830083817
0.5664979605496357,-1.3857581003866555,-1.0165521152618444,1.5529887658722468,-1.3251634211896295
1.4210249455045367,0.12262072141527199,-1.188199992333421,0.07948715082973405,0.040957807149192116
-0.9468930774274686,-1.646306669415476,0.38473318540974555,0.0007848223638058626,1.3412015945908993
-0.04504143475041816,-0.7412794829928138,-0.5786270780762616,-0.9053061341125873,0.950429534127291
0.2555756023348445,-0.7957894395487588,-0.8997469766830736,-1.071587194224431,0.9749760543142806
1.030660422703667,-1.3339519366549677,-0.9477260707553007,1.373082627098743,1.4932018830083817
1.4210249455045367,0.5802613884357568,-1.188199992333421,-0.7411287148145269,-0.6365393808975117
1.3134509335260356,0.2785858373923597,-1.188199992333421,-1.0431592116129873,-0.3322903215733064
1.4210249455045367,-1.2297929844095676,-1.188199992333421,0.2992765041080132,1.0599511493843534
-0.9542537933394478,0.3583791899636976,-1.0962909627078643,-1.4673129985984275,0.95729991360249
1.1529176041752005,-0.6665886727769975,-1.1682510888326378,-0.3928752494445743,1.408420410657197
1.3169088916835152,-1.0466832816958527,-0.020688456503859514,0.09531357748003118,-0.9656657325534732
0.7534992573188551,-0.1290010649537374,-0.6463427687256679,-1.1998708416980695,1.3338229554786196
1.4210249455045367,-1.03402878466887,-1.188199992333421,-0.29377988522167636,0.742564250742731
-1.5138797083124906,-1.346858681020387,-0.655653051757833,-1.055355523062037,1.1533402272718687
0.6137338709208858,-0.06196833461096569,-0.5638598259087875,1.4148676610397355,-1.3807196954882575
0.3959611573465802,-1.4696002093922658,0.20106839586283792,-1.0992660884953322,0.8471156783741229
0.9915839544024861,1.3120330504103115,-0.4160856920968131,0.8452070678570458,1.4932018830083817
1.4210249455045367,0.7086814150310464,-1.0583260569760082,0.2411466081791134,0.9787360999469027
-0.9949787303980441,-0.8560013591968065,-0.7085288290466599,-0.9199563372317258,0.17177577012035966
1.232356580233702,-1.2797043599943942,-1.0709520746091656,0.6501723345509136,1.4609244379289144
1.4210249455045367,-1.2475308252631425,-1.188199992333421,0.3481418377524532,1.2236010713882468
0.511496922685364,0.21861763240322424,-1.188199992333421,-1.1620090444828841,-0.2976426117101222
1.0003300855467614,-1.5563871594186944,-0.9238880904266799,1.4664458370635751,1.3342015954622224
1.4210249455045367,0.5553432977624974,-1.188199992333421,-0.6477655048496949,-0.661140760854853
1.4210249455045367,0.2536672134266298,-1.188199992333421,-0.34573500805123436,-0.3568922393715334
-1.5246186691925194,-0.7526626107706784,-0.03043527436022658,-1.3634032868582997,0.523642572268797
1.4165774809555978,-1.269439546526681,-0.8168104690748572,1.464475675996859,0.8343134517694445
-0.2660143671697124,1.3052618359153219,-0.6584226920793947,-0.5451606911168987,1.4473993531737224
0.806299148312329,-1.1226651929821871,-0.9277397013268225,0.9123062688698923,-0.5800763068654261
0.8441097711653593,-1.4211809861392484,-1.1420209657872593,-0.9187742405916961,0.7151010194320524
1.4061196419236262,0.35113067870781844,-1.188199992333421,1.159979541310568,0.5141184858630647
1.4210249455045367,-0.5538965077148437,-1.188199992333421,0.2538885848341752,1.426864588153909
-0.5303980397101357,-1.1095067345708014,0.055237948966425615,-1.446368958445563,-1.0521467821037835
1.0748821116719323,-0.7511987229397935,-0.11114880359188303,1.3069156486394162,1.3140325622447526
0.22492269247137803,-0.679310364655234,-0.16321849576970002,-1.4569352152234252,-0.7907959118309223
0.8671665454973962,-0.8834781871424104,-1.1452929901392743,1.108237986076318,0.6275523557234304
0.7146954081255253,-0.9048082860757085,-0.3617107100346218,-0.3768277803331334,1.4915216680811456
0.09434398544460075,-0.3712721011490725,-0.7631762905829954,-1.4673129985984275,-1.549285483188356
0.3949610225298634,-0.6729476521924699,-1.0842967568553787,-1.1652830357189554,-1.2450369617050365
1.4210249455045367,-1.6796139839385171,-1.188199992333421,0.3448683804353701,0.27620725923421824
-0.94826839565577,1.139344415858098,-1.1280705843766465,-0.9624221178827624,-0.2569070808605766
0.5548178526130685,-0.36903440594382914,-1.188199992333421,0.5477287643525748,1.2643366022377922
0.8471617234780079,-0.2834990933451185,-0.5827755780701073,-1.0146041562823351,-1.1727527601762817
1.4210249455045367,1.1440539216630323,-0.699783373257773,1.2987029067618479,0.6013030312920006
1.1204079084192744,0.8423778373271646,-1.020903271864585,0.9966724099633877,0.297054509808681
1.4210249455045367,-0.4621888680652546,0.3782589595709646,-0.5134784722719496,-1.224189173289688
0.03384220608838672,0.799812565520276,-1.188199992333421,0.9966724099633877,0.029620659117430965
0.3176604856331413,-0.9681655647133952,1.0833075462371147,-1.050730716785643,0.05312107878154105
1.2358613034623138,0.40440712978003457,-0.49680433031860977,1.4348586557985379,-0.8184898768816089
-1.2730066438625933,-0.6421953418944815,-0.6803669400627131,-1.0879459381060335,1.3815471907982402
0.49172326891532303,1.050092588034092,-0.6257444558115075,0.8578214378739113,-1.440628178234773
-0.17718145744750036,-1.4307663849998402,-0.1631219926226073,-0.7777923978200343,1.3006623756646702
0.7273049718508479,1.1207879710626623,1.3939687743613578,1.2315172108729022,0.4019313311759814
1.4210249455045367,-1.2569322382214922,0.23902081295212899,-0.6986501201077717,-0.9577659256228545
-1.4145342231682316,1.3371436596653372,-0.4955787403505319,1.1124543443266854,1.3600023605948959
0.8511930851781216,-1.5420714563468279,-1.128525852164696,-1.3207330152347556,-0.7826567657061232
1.4210249455045367,0.26378963780478143,0.7981952424728892,0.49144836379904205,-0.014567810218945546
-1.105026508355194,-0.20827552395150473,-0.45578765447633846,-0.6486635565879649,-1.4849252914300806
0.39805973991364446,0.6224080256534853,-1.188199992333421,0.8614878595663608,0.036318391668288305
0.5631340639556836,-1.3418323994881138,1.0075440607857444,-0.8357081922346379,-1.3656321829598186
0.9694359104299531,1.2387399997590667,-1.0327742942881346,1.1210600505796202,1.386862134431708
1.4210249455045367,0.7337920242860724,-0.06941403080212755,0.21496962802221548,0.47411549429997774
0.5191733028274866,0.4036178569240382,-1.0327742942881346,1.1210600505796202,0.16986697281665808
-0.32170359556939754,-0.672804729810438,0.5094992659580966,-0.5471943885432188,-0.9645475613518967
1.4210249455045367,0.4821649049923604,-0.1703273717170083,1.2381516882211443,0.8622279315833088
0.5813665960634083,1.1365168991807388,-1.188199992333421,-0.2719991940141931,-0.6590157515150602
1.4210249455045367,-0.07018583828532085,0.09628073742496912,0.9361217253416722,-1.267513332322585
-1.314912398967281,0.36304976541830214,1.0502705453282708,-0.8261713312661604,0.359669407892538
1.2814886016708633,-1.4089072599360368,-0.14315038249897863,1.5529887658722468,-1.2827718782527082
-1.0587864814305576,1.0895807622875355,-1.188199992333421,-0.8522041532962253,0.669881509117599
0.7381863536293249,-1.186466704247607,1.7371901643146923,1.4643961220676067,0.29923975732768304
1.156480252321465,0.7676635622426566,-0.09036827002938866,-1.4462370804554605,-0.07734674977297107
1.3770609958487627,-0.46674051929898963,0.06768685494138947,0.2831969998572759,-1.3478640714565562
-1.024874896383187,1.322118144315544,0.2519261220462844,1.1904406874293438,1.1628062268619346
0.29962829934151747,0.16962938608443126,-0.2359546207302134,-1.2823154083527815,-0.943734732594125
1.3673705291203722,1.2667687854113978,-0.8226914843918032,0.9596830363750355,1.4574758021691705
1.2894455722397806,0.6634171500321326,-0.6439392726974875,0.355622576697103,0.8489782213616456
-0.03402347770738396,-0.07978350287272924,-0.640496381008561,1.286501790041904,-0.8111198432235024
1.4210249455045367,0.9877800293456596,-0.6314994493716618,-1.0199759152233188,0.5455805641596604
0.7002364984054236,-1.1318244911590354,-0.5613047631731144,0.33265818709262523,-1.2390260519653447
1.2148334955119053,0.8520613620022861,-0.3952041140626571,1.0985612383329137,0.888133037847827
0.9743425229500097,-0.1625163635401828,-1.188199992333421,-0.4115896439024234,-0.48713309907223823
1.4210249455045367,0.9511028397029968,0.4174006360317809,1.0985612383329137,-0.31136508407040275
0.6633723368215603,0.04607565328033484,-0.545959627454226,0.1924708157755093,-0.42590045206488525
0.9664477286688485,0.8042543585051362,-0.4971437943301477,1.0667978638017477,0.1092399346467152
1.4210249455045367,-1.0058005476326588,-1.188199992333421,-0.7453829813130616,-1.549285483188356
-0.04969827927692708,0.8042543585051362,0.5604114880363719,1.0667978638017477,0.27620725923421824
1.4210249455045367,-0.09459090160218273,-1.097804926786078,-1.4479931400078805,-1.154806085498934
-0.48408680233627516,0.6236489972317985,1.5863233884711812,-0.9598801295796093,0.6820722106351235
1.327840227060702,-0.7770436759263781,-0.681970027635595,1.3252536302105347,-0.7184815912125627
-0.3251317941361564,-1.2600583986822014,-0.16159156624283064,0.5484468853917979,1.121234891275857
0.718044424924117,1.0008728927832025,-0.5268128354054548,-1.4342634132245191,-0.425555696057088
1.4210249455045367,0.5072072528111923,-1.188199992333421,-1.4673129985984275,0.48719040623375615
-1.2647249749020644,-1.3687028738950233,1.829217268379045,0.3139389873638818,1.4932018830083817
1.081659327037283,1.3371436596653372,-1.0545085060101336,0.04155167279416769,-0.28595586710259124
0.7810417585307574,1.03546810862194,-1.188199992333421,-0.2604782900853046,0.018293192221613908
-1.248313623462187,-0.26293160264430326,1.7759282305544322,0.2737124629496492,-0.43631358945484355
0.25477262480665136,-1.6796139839385171,0.17032760218923035,-1.2364389532046764,1.0849300936435256
0.8190500700935744,-0.4729107131799871,-1.1141531275691596,-0.028318033848811253,1.4932018830083817
0.518433033008312,-0.7745867975158547,-0.7930332289623478,-0.18636339356659157,1.4932018830083817
0.7510642850923956,-1.076262348559252,-0.4719127626899647,-0.2877636860618508,1.4302045800547218
-0.39323077186632605,-1.1042842014094696,1.7876056790182258,-0.292020622155327,0.38553471393150723
1.3654845150584547,-0.8323109077901035,-0.5087616379089718,-1.3318016897805793,0.13082080018940798
-1.0316430775870689,-1.5189777592143543,-0.9615918699958144,1.1383787808021317,0.5004374272509905
1.2651612147905194,0.8746350989762485,1.845827162990419,-0.037897074417362044,0.7895193735956585
0.3524542299768722,-0.46566806814128126,1.1894269481048632,-1.4492788169316342,1.1171085760000055
0.7505105441364877,-1.0741777082929755,-0.5014892742771768,1.5130478881167388,-0.22826382664645448
0.5434794485485253,0.22053535212630698,-0.9120182033342725,-1.0333367039857855,1.4932018830083817
0.9722412832766312,0.3100175622974689,-0.3371154638341086,-0.4875252041711368,-1.0498216959544737
1.4210249455045367,-1.1983612595044582,-1.188199992333421,-1.4673129985984275,0.4714219871438952
1.032503391643292,-0.2943595945021207,-0.545959627454226,-0.5612225760410228,1.3841680894347397
1.2100416699846281,-0.3120062423432798,-1.0587325055249401,-1.1020755702116085,-1.4000798160134855
0.13244157577957974,-1.3600726018486806,-1.0202215055136532,1.0927495301455958,1.4932018830083817
0.12850214995794204,-1.4393145300057617,-1.134746899158751,-0.08672556765161155,-1.3055499776071902
0.42911918704320473,-1.1478216653896562,-1.188199992333421,-0.3887555305310835,-1.0013014561238707
1.245228666062881,-1.1548915236679955,1.868795479664063,-1.27766817747888,0.23689377968672606
-0.41745242160656865,-0.9044680454796779,-0.9683289249940299,1.483407909401922,-1.3561113235994011
1.0330300301147939,-1.577947107406678,-1.1833220420806685,-1.236906666238401,1.4400078058801842
1.3336470672000564,-1.5786835843081177,-1.188199992333421,-0.9348767033589286,1.1357592843968645
1.0330300301147939,-1.2770074999722503,-1.188199992333421,-0.6328462065604683,0.8315102250726593
0.5595448447462759,0.4049041583623239,1.1405208561549747,0.3045414792513428,-1.2409138734744998
1.3380870918513155,-1.5790227583192082,-1.0925125806663978,-1.3331428942791135,-0.22834450277932444
-0.941184018800482,1.2163699805087465,-0.6430429287606673,0.44369091205526234,1.2037095640678495
1.3677473067957449,-1.6796139839385171,-0.4544979182987226,-1.4244366342454111,-1.2108055406874607
-1.5834831396378384,0.8305558098462699,-0.2664552918672315,1.417685685459824,1.3854271749483957
0.37317965922870877,-0.5927138000406907,-0.9182892048985872,-1.3114161288894455,-1.244132851176008
1.033663484260132,-1.192042277024256,-1.1019517237832104,1.4492029233373978,1.1395784925269243
-0.6750445304075441,-0.5943872718123909,-0.699329240800866,-0.23037113225575181,-1.3907515036901843
1.1297529513268014,-1.066108993217825,-1.0416730197812278,-1.4275248216735645,0.6762490073645756
-0.7840379685791645,-1.4227408666147816,-0.7637956137211024,0.9564709797416038,-1.286075296973287
0.8128228757352917,0.0037007668853314976,0.05294287706233187,-0.5425994817301678,1.4932018830083817
0.23432938024539732,-1.1748115973099058,-0.11169092421231572,-0.08471910009369303,-1.3952349453142063
0.8881555596956152,-1.6069763497332312,-0.8705536393563766,-1.4673129985984275,1.456884715035677
-1.5849551765359817,1.0504637595933983,1.4387382872943943,-0.1855064535904184,-1.170196402446078
1.2105481144481407,-0.5280712865496588,-0.18418408830838384,-0.6513187357166312,0.7837526436181194
-1.3776296735683906,-0.8795051582389158,-0.7141220379190412,-0.3101781391084106,-1.0334960737069248
0.546097229689411,-0.8189428654379024,-0.47422429689562146,-0.712120896181822,0.9928840044478505
1.2948873259715443,-1.1504379982487898,-0.9079202255762577,-0.05795480904969812,-1.083197412122743
-1.3667116237227754,-1.2672178500955458,-1.0208255016813397,-1.4219565805448975,0.9535420193334108
1.379093682179231,0.627884939323135,-1.0383748828129404,0.016778365657431408,0.762894098385055
-0.8337099140193999,0.30671381544416026,-0.5426631934826521,-1.4443785084572929,-1.2626932023040527
0.72319495980383,-1.4735252419734362,-0.19918521869116518,1.2809084547207883,1.4198667403887755
1.185059024995959,0.2551582991734984,-0.876720190455603,-1.142701466029067,-1.0115489385210028
-0.38320444689980293,-1.5548966069642962,-1.188199992333421,0.6694793790857422,0.6412592306980229
0.5101736837408235,1.3371436596653372,1.3821749544554822,-0.4516944347873304,-0.7288301876962252
0.27749088379424175,-1.4143057796125569,-0.9663483398163443,-0.8837197894168343,0.9025880494945664
-0.24248143938614608,1.283430442059972,-0.45969716726473686,1.5486122319253983,-0.25415494904794217
1.3417305160295354,-0.657420841920625,-0.4992634575727613,-1.4048364681860221,0.4063647535976245
-1.2805002150902893,-0.7452007825266923,0.059961494183829935,1.5529887658722468,-0.9800744898840336
0.9678947887676369,-0.2524550720658939,0.2370090061680309,-0.650525332100062,-1.0030526660480328
-0.668802987675164,0.6335901021700591,0.3718738572268519,1.0656755660884045,-1.549285483188356
0.27549752263722516,-1.4921360826008392,-0.5354725736931005,-1.286171905205055,0.982340709563529
1.1117537131534756,0.21667911427380113,-0.07894059441689466,0.5872056665072765,-1.1915486856123063
-1.3624055172297593,-1.2031150285844248,-0.8547555065117236,-0.6992700000531531,0.22487518725265718
-0.053375714415970964,-0.180366729104984,1.2703380249552743,1.1060649357940595,1.2486079833734804
0.06598096980283083,1.2123286901690578,-1.188199992333421,-1.3217362490137148,-1.2738883603419628
1.4210249455045367,-1.5684763664271937,1.0632331886451105,1.2897917988476229,-1.4217063980314715
-0.7098659086569439,1.2781428472172678,-0.8971703426556974,0.11413849316845219,1.1366660841303218
1.1471479635242465,-0.7352607441733723,0.9871120738839265,1.175765924036745,-0.029826893989954407
-0.746910753470182,0.9949906768361495,-0.8876823802997673,-1.155067563716387,-0.9625704582556986
0.8684143226226094,-1.1184095190694507,1.2023316895334475,0.6534447240300199,-1.2486184441635733
-1.3873020719738438,1.3371436596653372,-1.0624189257438827,-1.2026146513787883,-1.292299729544641
0.41640174480152,-0.4729107131799871,0.8151701460465026,0.6095667276550092,-1.549285483188356
0.7452043028267546,1.218107447376879,-1.0707948312459616,-1.0838438385191556,0.607963114980852
0.8101859634289427,0.6147558119976139,-0.5229055932793409,-0.47978337884122296,-0.0005339279857869645
-1.048168684598463,-1.0757050579278222,-0.9000296741374982,0.14675507024287332,-1.1486768507643663
1.405044045287582,0.9529005686202694,0.9805640515208984,-0.10259470782097001,-0.7894265689356775
-1.1855889089633975,-1.5102952245059253,-1.1282147714317146,0.7514428847320233,-1.5043639367246353
0.6273961801679492,0.7491343153632047,0.8940966640602299,-0.29069543522644103,0.25501256344752926
0.9395944808348854,-1.3893066284838167,-0.25100911167668133,1.455390510492458,-1.5245813756218272
-0.717957860226629,-0.030722195485509418,-1.0572821199906932,-0.7909385511492163,0.32564075288890837
0.7280920067411548,-0.7562959323706123,1.9074086594781536,0.574029079795763,-1.4808694333102688
1.1204079084192744,0.4504068050954471,-0.6615528000386264,-0.7191237776319702,0.4360992869690329
-0.3197097029911182,-0.45786439942385365,0.07240585883422457,1.0983556795224299,-0.43916952455843733
1.304062314074954,0.9128492375182229,-0.9013988834950729,-0.4608506115171713,-1.3963590327655266
-0.49964150270040997,-0.8972051353271018,0.41462021006436767,1.3513307675166266,-1.0548064052840607
0.9598049628830034,1.1611859422703827,-0.11485963343038447,-1.0658550399663653,-1.549285483188356
-1.5162269960305768,-1.234062523926531,-1.0177686225807843,0.4893863686663437,0.588359352534357
0.6900502156387771,0.48715972226888793,1.426982500981785,-0.7575371131620381,-0.6972702223584141
-0.918862200074991,-0.3877065752053129,-0.16008157582361468,1.3691001253652377,-0.6422560916726715
1.1854586537856353,0.8621395231054055,-1.188199992333421,-0.7451112165480323,-1.549285483188356
-1.2194792371602534,-0.4765872314700128,1.376742394939732,1.5529887658722468,0.5777079516319898
0.555188253233287,0.5854919209841426,-0.21744418178668318,-0.8132916035121249,-1.549285483188356
1.4210249455045367,-0.594979226454388,-0.5448311082988121,1.0149901026129522,0.9573122839428633
-0.325173776415923,1.2150751463909364,1.228192262292018,-0.7971912764208455,-0.868180458479711
0.4351901435502043,-1.4281596514051718,-0.14672837859383486,1.4790538000525812,-1.0797837360205753
0.11355645836105362,0.8880271394896118,-0.916955190806423,-0.675547445485332,-1.0592301465697591
1.4210249455045367,0.79406313939832,1.6341730547931896,0.6803467661729884,-0.8650131135032396
-1.1666692491627848,1.3371436596653372,-0.16848983826324823,-0.9627761061719855,-0.4973639084019106
0.751548941284131,-1.4826568089418304,-0.9180099134375895,1.369450910140531,-1.4082523082732044
1.2403077051687268,-0.5776296225191682,0.04535091771398869,0.4633604875831262,-1.549285483188356
-0.17848503380531452,0.9307491992827589,-1.188199992333421,-1.046790394652211,-0.9443408792724207
0.8845206382576009,0.47331811620308906,1.0668441093430925,1.4317752736412792,-0.42324943433878104
-0.5595193934940177,1.3371436596653372,-0.8598764176289214,-0.38040557147353027,-1.549285483188356
0.6429498176895584,0.16418500325546814,0.3088272159000211,0.8277148139633468,-0.8666766553630165
0.6354413666665018,1.3301473957478953,-0.7487445287680614,-1.3087406608392247,-0.809599904880234
-0.24791575322023016,-0.7658242689368857,-0.7343735071692387,0.28731031174290744,-0.5721533727767182
0.6819051219428054,-1.2210283226607175,-0.8666617242006834,-1.4329307514297975,1.4457653925626641
1.1004509143135441,-1.6796139839385171,-0.32986353616287456,-0.24559903572019837,1.4932018830083817
-0.7032523710405566,0.1304409221992777,-1.188199992333421,-1.4673129985984275,-0.15263156560359953
0.7998338772282818,-1.3779384328951196,0.01656346127065245,0.04283788363690969,1.3686126553356552
-1.4296494381479747,1.3371436596653372,-0.6514018042956121,-1.4174882125320662,1.402082493658939
1.2568710430897845,-0.9863545709968164,-0.12526380801812434,0.7886292744270468,-0.947572765155188
1.4210249455045367,-1.5897062063760816,-0.7675041728973194,0.18456934866810248,-0.33907518434766337
1.3884376622442327,-1.288030122040214,-1.0886246391697025,-0.11746114813035781,-0.03482666286434372
-1.2720686853336318,0.7201344041225161,0.08968276049168111,-1.0174419357049898,1.0462319040693873
-0.9714511168271065,0.41845831978664844,-0.23143770578070202,-1.181120674668006,1.3504809633935926
1.0032167658466582,-1.5318653050508442,-0.77842435548922,1.372736113675356,-0.6653025736291671
1.4210249455045367,0.2781890677944804,-1.188199992333421,-0.43944526535844186,1.1601901687934073
-1.412846429237364,-1.6796139839385171,1.860041508891609,-0.7857477907452561,0.7572236419260739
1.4107647951823519,0.7226750094508716,-0.5030151593323844,-0.9909579521298368,0.6249013379973261
0.8095301895905641,0.11932337407160647,-1.1452549565460084,-1.4673129985984275,1.233398380963965
1.3025366036292612,0.1756177272330676,1.3927210454360055,1.1658788122119623,0.5866888187430646
-0.490285299946363,-1.6344371789047274,-0.5339994815360084,-0.6463025668218352,1.4932018830083817
0.08247416011719004,-1.0310855435254622,-1.1762398464152035,-1.2503630264997678,0.8847043022008572
1.2849433713007659,-1.6796139839385171,-0.18484201270532796,-0.3217716560197036,1.4932018830083817
-0.416267352190374,0.6813496426373554,-0.7255707171576672,-1.4469413196009886,-0.7257714865786851
1.38743646458499,-1.1287052635004395,-0.5343661934949608,0.3652395255138209,1.0997212558438891
-1.071116517571612,-0.8657883426111598,-0.8986570587864967,-1.2940536173098958,1.2008805210085456
1.0960549976271032,-1.4491623087617254,1.6677413906766145,-1.4045524232842626,0.47662774907754585
1.4210249455045367,-0.8107237618861364,0.7043811271906075,-0.49846146680786974,1.3893738513683902
-0.5692082659586198,-1.025236391711566,-1.0341531539604185,-0.2580318732810518,-0.2746950924766135
1.2344955508167437,-1.6796139839385171,0.6654483516599683,-1.4673129985984275,1.4932018830083817
1.283209875141292,1.2449795216611987,-1.188199992333421,-0.11290201388952102,-1.3260901210358615
-0.9061840830067583,-1.2138182084626978,1.3899729764061473,-1.3663499857545613,0.9031452526522542
0.3891547138117719,0.8191198861138488,-0.4672386043772492,1.4972043760588172,1.0054248403820305
0.5642930937299977,-1.3828159258281882,1.7785917174141919,-1.3679223771750164,0.4830893694795373
-1.2074016261190612,0.08292882943818566,0.7587475942692319,-0.6443494911627438,0.5892683036313575
0.9144385925145214,-1.5893297018920725,-0.9716832608538596,-0.6120730204838504,1.2870716743214106
-1.0446187905625073,0.08363864171611207,1.3425269203052146,-1.4311068841658674,-1.2125212531131602
-0.1597619998719628,-0.9422688823571946,-1.129858163260147,1.1059864497027838,0.7601758505482258
0.732061723574776,-1.0362344823258973,0.7368890637871546,-0.4770806809226006,1.1105463793523696
-0.21405996740546077,-1.6240017118465284,0.3293676269259255,-1.3254469859821907,-0.8498540681369892
1.0182634274834916,1.1522372946192905,-0.4424895208069587,-0.2579939650328846,0.20732006074017129
-0.9190046209734394,-1.627914478700883,1.133897901936557,0.34180902463258356,0.6309321478497926
1.3545861277995659,0.023668303557095798,-0.5709312359284009,-0.03180559268019054,1.0081264151513998
-0.449117688975798,-1.6796139839385171,0.33271231247104577,-1.4673129985984275,1.4932018830083817
0.98161449151109,0.5950213241353566,0.09272942161195608,1.3174931177160316,-0.40900149143307446
-0.8220887938430109,-1.2150330487099679,-1.188199992333421,-0.4946882613177661,1.416490713148614
-0.5214717567577484,-1.3298087874534577,-0.8670800937266091,-0.7967182241972383,1.1122421916652947
0.8898959643315069,0.2520486707793673,0.047087974361657965,-1.0152064169011035,-0.2784486840186061
-1.4160657792478162,-0.1742008015637485,-0.20049595849491303,0.08881311379784468,0.5374424937166327
1.1645063076545545,-1.520994671336907,1.3976869838522838,-1.2407135086247654,1.3040427056319184
-0.7892039146755006,0.8167989972832436,-0.6978470659946356,1.4593377735727373,-0.7167734085592645
1.0144999020998633,-0.9932553755620809,0.5412499366827512,-0.35284360546106014,1.108718796022424
-0.7288854756549756,-0.3362075879364994,-1.0258430976645911,-0.5917905059574524,-0.4119122863070197
1.1450717006502231,-1.6796139839385171,1.5213046769502316,-0.8715736663526817,1.2989660255108597
-1.5851475510331399,0.020385355110127536,-0.9493512972854565,-0.9296523060587074,-1.0313113640288085
0.13053430486714787,-1.6796139839385171,1.346669743643349,-1.2554496727010154,0.21235102438593675
0.2857746784398218,-0.7807335265281605,0.9962486512513246,-1.3500350232299974,1.224042100914602
-0.6812520621791005,-1.6543924498496754,-0.8606734200907933,1.0699997759744027,-1.3367345300067135
0.6850803639884392,0.6584484640866485,1.1324883883234316,0.05763277880186937,0.04087336613012174
-0.8708116209077646,-1.0268010718193314,-0.8518865247152134,-0.6123896344438945,0.4595066601598998
0.3316575902758111,-1.6796139839385171,0.23481611406674105,-1.4673129985984275,1.4932018830083817
-0.0024602432206254038,1.2277637741360166,0.25089807969696104,1.4231199129224357,0.20673865474262215
1.4203840514615187,-1.6218589427009928,0.5515604464512538,-0.6986677394343846,-1.2079506812656386
-0.7372691774979749,1.2337499821147715,-1.051968770244881,0.9862278867148513,1.073426752778052
1.3670516763626512,-0.7428452296855198,1.195872222999516,-1.1279834551984185,-1.0563145111278416
-1.1111415728270115,1.3371436596653372,-1.067490449956392,1.3717472957090802,0.4096176152749378
0.34043826380217274,-0.4496810264675954,1.6917559149978578,-1.4219629875727566,-1.1690163795426347
-1.0820489157913242,-0.4605996565038568,-0.27321448582272134,1.1119316376371693,1.4442621272868554
1.3159289508747873,0.8997958377234798,0.8662816187402459,-0.3215372655838532,0.3781539234556848
0.41669721502367424,0.020785857755298703,0.04670309710442939,1.3522608543941923,-0.1281802432533964
0.11435465309788068,-0.4231689246007058,2.023001264396983,-0.7619504875190773,-0.9892247768741353
1.2182611626574014,0.68177734319851,-0.24356361004569066,1.1398369135590969,0.8169347370675007
0.06234232841597651,-0.2453201521061821,1.2133517812658674,-1.270673838732544,-0.9733401841529419
1.1110129119130379,1.3371436596653372,-0.7380463034144742,1.0758963772808559,0.5354056902821112
-0.6926903734410629,-0.4729107131799871,1.1886742235575398,-0.7362850017529422,-1.2900870521404633
-0.988946036221971,-0.17123516213658993,0.8675543249507278,-0.47185147835148494,-0.9858385306571437
-0.0870943935449205,0.7337920242860724,0.4874534058375451,0.2296881727718526,-0.07309189052541346
0.7015746171453239,-0.17123516213658993,0.20711630485769728,-1.2804627094634848,-0.9858385306571437
-1.0930918496337132,1.28788770052647,1.6946583890630649,1.5526913729957805,0.8218398459459897
-0.49185724404192527,0.6845360651472049,1.0524185918494409,0.9486309133178481,0.21334226513846472
1.3059488595581334,-1.5843738149658744,-1.087950820136767,-0.9912265133809366,-1.4687782323566172
-0.6269769457599059,0.8608308233833684,0.7351383831657781,1.0551135806624488,1.107845880264772
0.08027567035270672,-0.7047681473084044,-1.188199992333421,-1.3702395855841076,-1.4832042005955233
1.2953294684622503,0.7919864985190973,1.9982465041709816,0.4035722392766602,1.3397822324932749
-1.3812178299352726,0.5261311361186425,1.107526430163966,-0.09563347205190677,-1.068553618325088
0.2363987346430039,-1.3717735719388249,-1.188199992333421,1.448380154176474,1.0472306745943163
-0.8145155094258848,1.2884764554136456,1.644163401179573,-0.5065967904321386,-0.4924942970218847
0.6885712702642166,-0.003672534808589881,0.03856277281437085,0.39949363212526606,0.16788180210717354
-0.8145155094258848,0.38499848361711086,0.12929446404539627,-0.7178236848955329,0.36490367539313556
0.8599519704327057,-0.35959512922009035,1.9822252787568726,1.5285758540525933,-0.7236981099639291
-1.0647872903308586,1.2862088958300673,-0.288052128521016,-0.31421189706478975,0.863627931409044
0.10791117028561106,-1.0828042472920263,1.0388031331257974,1.221231261563882,-1.279598617026493
1.310380381469187,0.5690574469279024,-0.8879179615117879,-0.5909495835509273,0.5442644675121099
1.0097633443839242,0.32280111610225665,-0.5667974952394047,-0.8929800803493878,0.24001594602879026
-1.441967251599983,-0.07217075285965743,2.0119601690384314,1.1597766520950255,-1.1196501159986694
0.47233383271833557,0.23319998171022485,-0.7336014819924968,-0.24914585955927546,1.29052730201267
-0.44912034608211227,0.9260642249314571,1.1223816704949658,1.3885016735609899,0.79965552292943
1.325122538722397,-1.1017622613175735,-0.3377149186772259,-0.23189440312928594,-1.549285483188356
-0.31908900295608883,0.8061544795767,1.5813222547894927,-0.07224354901377811,1.2633905401196717
1.1799419696558069,-1.0613690897420853,-0.47800608493051466,-1.0752653621346226,-0.8283866870212
-1.5227060840674587,0.7542763213615261,1.4562206838886014,1.0819072372507983,-0.2601298234482854
0.5816147697931674,-1.3574541358196661,-0.633757623013632,-1.0323041046624715,-0.45211858172493885
-1.5851475510331399,1.3371436596653372,1.9741246910567936,1.1875671354344752,0.4284517274138541
0.7278507414878128,-1.1505787874609403,-0.8140550203925738,-1.450799418210227,-0.4147047561860892
-1.1092709699817176,1.2974464347635484,1.3358909097786609,1.1605999551749377,0.6724389425295743
0.9932260461047472,-0.19955619206262748,-0.2068600572128939,0.5090687582499261,-1.169143847832569
-0.7262910770496559,0.593049741872777,1.6300529380779005,-1.440648016486251,0.47345879057841694
1.0625148760424772,-0.3366480875169405,-0.04858808399394258,0.8392960507379095,-0.11787521188148375
-0.4432226329068075,0.002437930315737743,1.9713306411156728,-1.4673129985984275,-1.549285483188356
0.5992090649641884,0.3933423776069196,0.40650088940044127,1.282957635797768,-1.2265363109153158
0.6789403227172669,-1.0456684261249334,-0.8146635578848294,-1.4673129985984275,0.4778206801622483
1.368814400691583,-0.9651529955488529,-0.5968355189359487,0.5173498417579927,1.154761740733036
-0.13427184757725538,-1.6796139839385171,-1.188199992333421,-0.9928010404773445,-0.1789346741236095
0.16634572092927002,-1.3779384328951196,-0.9435860857450219,-1.2948310033568167,0.12531384735971016
1.0681973636063204,-0.4729107131799871,-0.7204265317520528,-1.4673129985984275,1.03806048749144
1.2370415900871425,-1.076262348559252,-1.188199992333421,-0.8632525389204949,0.6469076356806862
-1.3325577105795372,-1.0990989987210567,2.023001264396983,-1.4673129985984275,1.4439905176395271
-0.4307060679024868,-1.6796139839385171,1.0596410009109762,-0.8288168998530379,1.1889533615250625
0.9679516508427637,1.022896805220319,-0.4932825331152958,-1.4386330062245203,1.3316118915970994
-0.5245731312478438,-0.7871581009174758,0.9754340577545624,0.37354783889028925,0.16269432676364004
-0.2239560941625812,-1.0888336519608732,0.6543135914821792,0.07151787601081695,0.4669433860878453
1.179010388182,-1.6796139839385171,0.8772443762499814,-1.4386330062245203,1.4932018830083817
-1.413549499568138,1.1899325395876943,-0.13001289818622955,0.49777637164801725,-0.7242913484609658
1.392762899902712,-1.2975835233525899,1.6080167282720585,-1.0046828736423035,1.4932018830083817
-0.5551782131976521,0.39584565246235637,-0.5779430410630454,-1.3288015989854907,-1.3133454434059637
0.29583395152464276,-1.5569583156543512,1.641018533915492,1.1194310637464089,1.4932018830083817
-0.30206279711507367,0.3375882497178399,-0.6724088364209887,-1.165438406144542,-1.143858872109377
0.0262715787775748,-1.1765501307629787,1.008029414849064,1.0950790186914174,1.1223885599758963
1.110691402049003,1.0487492243014875,0.8570894101468766,-1.396526019133601,0.9349843574097952
-0.14508095606398247,-0.7613051485438371,0.08407990130459074,0.37580898580561234,1.4932018830083817
1.3805827245577862,-1.411272412041674,0.04701531316855285,-0.9781561765480888,-1.549285483188356
-1.4429206213455676,1.001766157670901,1.9817285713821307,-0.40184188493357936,0.9358986869156539
-1.1423030528390423,0.7000906066275036,1.6606086727753187,-0.7038718478130515,1.2401472083989735
0.6913766431108946,-0.47907237438146044,0.38055119314720276,-1.2195350780360505,-0.9568327716859929
-0.06384843324330272,-1.6796139839385171,0.0173042648409821,-1.1264943551401336,0.8686594328956955
-0.36446600174982813,-1.3779384328951196,0.3384241634477941,-0.8244643922606614,1.1729084922199007
0.23676860384195966,-0.17123516213658993,0.6555204484864097,-1.4673129985984275,1.4932018830083817
-0.0414203302652383,-0.4729107131799871,0.9766403470932218,-1.4673129985984275,1.1889533615250625
-0.057933714587586255,-1.6796139839385171,0.7805277869024926,0.3055650019518563,1.4932018830083817
1.223778909629756,1.021120408001857,-1.0143978244193919,-0.30979318351786794,-1.0499421723128928
-1.3761762364144476,-1.6144552433362658,1.0126485096013795,-0.25342094889835276,1.0218644848973688
0.5346748610653346,1.3097468255902736,-0.3577279683875473,-0.7977177205432795,0.8061945924189767
-1.3479986867934184,-0.5327050648238151,0.9227779670417642,-0.8763154008875069,0.5591497518674883
1.4210249455045367,-1.3120858787890504,-0.9628645762062963,-1.0158556623908397,0.645142441893493
-1.3349693002704304,1.241300870201292,-0.19740558712566075,-0.6911304050769781,1.2014205132578881
1.4210249455045367,-1.59476288557916,2.023001264396983,-0.16511128215749546,1.3241079355584289
-1.4344588005769268,0.32414394654239076,-0.7300371098713478,-1.1010851504883679,-0.851989296453612
1.4210249455045367,-0.15859826376112568,1.2464977739643688,-1.4552741932509172,0.5587867092695739
-1.2698542529312626,-1.1376128476313214,-0.30173059812305547,1.4474089555368108,1.4172657418650505
0.9817021760194632,0.7529414903084458,0.9578614023345451,-0.7155849625777172,-1.0415410976767092
-0.607099664843606,-0.3529455054083222,-0.2654442794850422,-1.3293365858117372,-0.08517394818400692
1.4210249455045367,-1.6182944158297232,1.1896120070810527,1.2975459043142672,0.7749245233186112
-1.5851475510331399,1.2366372275488013,-1.1605705736551977,-1.4411685874998141,0.5752849784414642
1.2984212773696142,-1.6796139839385171,1.156693648276576,1.1416575773090973,0.6073408330759823
-1.5269415115325136,0.4113356655537527,-0.9395783668128175,-0.6592282116088618,0.7742075814178411
0.27676177382158734,-1.1235760565214044,0.6016501211169563,-1.4673129985984275,1.4932018830083817
-0.13183209255943001,-1.3796524348945602,0.6108389237168987,-0.6004170350509297,0.6300791322049152
0.45495157463119906,-0.1729491641360303,-0.6736418060414914,-1.4673129985984275,1.4932018830083817
-1.2720989763456152,-0.8501495409205588,0.9877262880318933,1.0292697659542314,-0.745198837214638
1.3296188940275198,-1.3716173172450363,-1.0837921021626409,-0.6058202952122212,0.921879864227298
-0.8365461092993243,1.2255522102618162,1.4031195433680343,-0.8933260598537867,0.829783217988358
1.2677742131400391,-0.886178246919376,-0.6921953875684278,-1.4673129985984275,1.4932018830083817
-0.40909847935428983,-1.3285603497805607,0.7164746745180416,1.3973305579510218,-0.9262167171027594
1.3325188598589883,1.225036516443067,-0.6596147897787756,-1.2078096831346548,0.9667578455792687
-0.4243598351813218,-0.5850178564022572,0.6248659399796144,0.2730722940827134,1.4932018830083817
-0.12374226667479657,-0.8866939407381249,0.9459858385864265,-0.02895820271574705,1.4932018830083817
1.2303419622261709,-1.656599214091643,-0.9989306406027098,-1.0383010827387193,-1.5273469534566066
-0.6535490717458121,1.041810555970834,1.0183745522174061,-1.4673129985984275,0.6983757814063546
1.1467424891006788,-1.4133213217124427,-0.7917656317420062,1.3670488086123047,-0.7853110104775421
-0.6569613276746851,0.39673358442535234,1.134954895230008,-0.4451325704214931,0.4316841511375073
0.5455078835088907,0.07783428646971828,1.0064331392630357,-0.5342591332144033,-1.3938085912850668
-0.712751526114315,1.3371436596653372,-0.4732235024937126,0.6738617861414619,0.4316841511375073
0.6023178793519637,-0.954141572622765,1.5158045652315164,-1.120059029574516,-1.103057724671764
-1.0293255494597033,1.3371436596653372,-0.9733232466888649,0.9400300123358081,1.0573598319965727
1.3306216859505513,-1.5640063089414094,1.4421567693637622,-0.9927150795202331,-0.6998507829284786
-1.1093634372814565,0.8175818706295968,-0.7604537665038379,1.3959770733157575,0.6714638370036201
1.1272063806351398,-1.6599866878627836,1.7126369253664429,-0.5654496126711557,-0.9296287796822693
-0.7439023777010886,0.7297667327204916,-0.8644932417189525,1.4842232036970107,0.854449138851995
0.3687821482784794,-1.428622549269364,2.023001264396983,-1.4673129985984275,-1.5112902516519575
-0.9176048573670461,0.7092349726151842,-0.725956162080467,1.4952545039136556,1.176708338078072
-0.6169878202817837,0.40755888827931686,-0.40483626347365503,1.1932245410341833,0.8724598165947528
1.278625303906533,0.7412202551044315,1.6287166533234518,-1.4673129985984275,-0.9957837464764566
-1.5593098492325166,-0.6920907187052,-0.8203458902518784,0.9750203932320775,1.2343110969471665
1.0993785062050774,1.0270660857528722,1.721385787148757,-1.3183618810078488,-0.33616277595106064
0.4981439006132896,0.9025694918613423,1.0791454222695618,-0.7324039446272081,-0.33616277595106064
-1.3518201370946996,-0.9303684608831703,-1.0616168142918707,1.4556660126904053,0.9332320718038617
0.5683818489265012,0.9042237651041128,1.7212660097132475,0.08523158522453012,-0.8889669330340785
-1.1594711481572433,-1.6796139839385171,-0.8350138009444042,-1.0663505167874796,1.4932018830083817
1.3571178186958675,-0.2152445899529634,1.9193818617045073,0.9397497048669663,-1.492426558264322
-1.5541609086165926,0.7384609998632665,0.04685069015292407,-0.9309689502837811,0.8326875587716734
1.0803477793605256,-0.5609429011244912,0.8185381058800393,-0.4064698947239031,-0.5254741622982058
-1.4833368026504377,0.5201395952151847,-0.4412298709046128,1.4014881851126795,-1.4452794262151645
1.4018560491316396,-1.543615871340723,1.4435157607410563,-0.11292443848702835,1.128174652225324
-0.9185922380734541,0.6144315701756909,-1.1676141680618257,0.2596063232795578,-0.40416146130176744
-0.6136526204360265,-0.5716439478328833,1.918084745874467,-1.1750628298270955,1.348243545308668
-0.012418014844238722,0.8650779646165806,-0.008636348763118282,0.6371185492067022,-0.028041800089987072
0.864333007323786,-1.3134425748334115,1.283203029793879,-0.6005820160183051,0.39868169654398267
-0.638753772366315,0.1949362469685159,-0.2040790635799095,0.9095688662170321,-1.122561986554386
1.4088298903642509,-0.970300334471877,1.251794093743047,-0.0064134734360493635,0.9888561140541003
-0.9696708555965001,1.3214333967837206,-0.20319407295451192,-1.0393673189582944,-1.2793259316973928
0.4297149102788793,-0.7633103282320437,-0.0983820048970842,0.7689041713244028,0.8608811780052675
-0.39730943005883496,-0.0013495128081038611,0.9268804861243479,-1.0870350723120448,-0.6957814787865219
0.29889600084128604,0.23673037786339737,-0.4527597263199109,1.0168492085301082,0.6503799364394058
-1.5851475510331399,0.18875965357787503,0.16352696864704763,-1.097672874234335,-1.113956532381599
0.22780193287359454,-0.04532161015155855,-0.9044313529760696,1.1924119163340365,-0.8364096595146665
0.27754402592052846,-0.41411361845555983,-0.19676923402041982,-0.20713017261535024,-0.4625338704784403
-0.9144429008529839,1.0628942737828684,1.0229522073830288,0.8273656309450182,-0.8662275582233742
1.2542692045867847,-1.646336533793811,-1.0820209855807033,-1.0755702298769247,-0.8167053208225271
-0.8500516492738416,0.4653939233873812,1.165820007663694,1.038641112036345,-1.549285483188356
-0.07136219847898789,0.2701758151362377,-0.759643140068259,-0.6864548764966983,1.2438862782370497
-0.021496284277805804,0.5677487472058653,1.8344460359547583,-0.3497975976329802,-1.2452510223775846
-0.7282929409468782,0.9788143163355186,-1.1624609000070734,1.4439699833333643,-1.5124772664869162
-0.12705833535509026,0.9774485543191629,-0.5202205351278781,0.8399095236554318,-1.0043225083794045
1.1798160228165073,0.17317738088912243,1.0367084471683137,-0.6507084663130386,-1.549285483188356
-0.8826548751720321,1.260350610531726,0.49049552563325116,1.2288721762050132,0.5603835588595116
-1.0432971458817555,0.4787369009934794,-0.036576848174322885,0.8251504010626863,-1.5416051153391435
1.3270149298394684,-1.265760361774304,0.2755200061793176,-1.0501220491390155,1.1809486756217131
-1.4781357827507524,1.2084500540328005,-0.3387509083445449,-1.4673129985984275,1.4581572465714776
0.8879456482967826,-1.6699176602441093,1.9105279817915344,0.308179603237414,0.07160613218557359
-1.1635912572082558,0.15564805739142218,-1.0127158313321225,0.38479270670224197,1.383788911610251
-0.8629742201229932,-0.146027493651975,-0.6915959327253105,0.08276220990378153,1.0795403901269318
0.9127167876228303,-0.8411097002570507,2.0160218161998937,-1.1310273273505453,0.19897761076053982
0.691773083372994,-1.0067375425029192,-0.40001167378458913,0.6173464612330904,1.4348337765587953
1.2930071575435187,-1.6100891778821842,-0.41535510650676405,0.013286001555157682,0.826336195751271
-1.0910963627916455,0.6039561061822222,0.7634836281292009,0.00631301956835256,-1.0911994088216634
1.2609895578770083,-1.3412249793644788,-0.9134214726261152,-0.83372628495018,1.2484552365619135
-1.5368774948843493,-0.6914656999300463,1.8009935038478446,0.9093574342976775,-0.6936102151305504
-1.2362604577990868,-0.9931417842659138,1.4798730375754614,0.6829901990839127,-0.3893616936472309
1.102860909740649,-0.7248178110205896,-0.578743449518344,-1.4673129985984275,0.6880083604916892
-0.7953056936157464,-1.6796139839385171,1.689928031858807,0.630911207049076,0.1247765443147965
1.0694791516923572,0.6252851385305799,-0.29570369275432834,-1.0491625967170943,0.904793197126343
-1.2137351047299174,-0.8181461264873224,0.7573210506889726,1.4193515127032263,-1.4324180371130482
1.304021926058976,-1.0477104029935884,-0.7749519451905946,-0.7478838578541179,0.24663192676500614
-1.447648144900038,-0.2561337235258006,1.9472462939291806,1.5529887658722468,0.6788118191854088
-1.1470311078147752,-0.5578098078616682,1.6261258276567971,1.250958802992775,0.5684630046459873
1.3837117329535507,-1.6017607493740131,-0.9565975483009792,-1.1719191148241621,1.1862324244838043
-1.1885824049371307,1.3371436596653372,1.9535224044836355,1.01004067359169,-0.7523553480410821
0.180370990898872,-0.5509223356081605,-0.44018196026029976,-0.039888592243608814,1.0653112716522282
1.1780150361566486,-1.1840359571681267,1.950441683429092,-1.2554528762149448,-1.121625067731324
-1.3577263530102102,-0.8729755252329578,-0.37432650968749887,1.22875578186557,0.5759067225054483
1.025704388006164,-1.5406470321587429,2.0068091716459633,-1.13796346892716,0.6865578036226888
-0.8639472524553038,-0.15122762852955557,-0.8239006120583181,0.07080509416147676,1.4563441849454486
0.808784074137498,-1.6560083260345866,1.9579541695974771,-1.028234574133878,-0.914531586017886
-0.9989101849007386,0.854286258188243,-0.5141828441132993,0.37578549337012856,1.1633623543378508
0.505102330629278,-1.013438362391833,1.054048359704166,-0.9474926751327588,-1.247591168071697
0.11423189478615826,-1.6796139839385171,0.41180799482497116,0.8646881699820507,0.5779015743508775
1.0160835374632087,-0.7745867975158547,-0.551552268661036,-0.041402252575354064,1.4906476766417218
-1.1516688211758208,-1.440719222372447,1.884482350056774,-1.2590958054719106,-1.1493760439159053
0.8245051093569105,1.0585703384339378,-0.421300268033248,0.48364460386648894,0.863703229133056
-1.5851475510331399,-1.168015318068814,0.036604894259530465,-0.2473999444676328,1.4550904778406506
0.3673318996521137,-0.5068286475814847,-0.9569988878597709,1.2518456424322915,-1.1670801523537575
0.872714583481734,-1.5424356951040208,1.2257195110641592,-1.3424224062952448,1.3267842318061658
0.5140227679477737,-0.21678740506944805,-0.379881117301043,0.16772847594009252,-0.19445945129220327
0.06575830429368931,-0.5727014668014241,-1.0523491061775407,-1.2557305140888453,1.4004818791828009
0.9676099469707398,-1.4777286532240863,-0.3633302599090665,-0.34964009153144066,0.4877357768919566
-1.1020494864406096,1.264476161081717,-0.7633085566610697,0.8882654985850624,1.1686622384265162
0.09807031133982856,-0.5575650266178154,2.023001264396983,-0.6295236286964646,-1.070924958790577
1.0534387322939613,-1.5104210815289087,-0.13928457995955768,1.4755043066185627,1.1142483381693256
0.6405509821089738,1.1180313822838486,0.48989720612127596,-1.2066478754161793,-1.549285483188356
-0.15011564110838996,-1.1137970724941053,-0.16849154125996169,1.1912234126661476,1.1272049251082281
0.9900258272597583,-1.054193106262163,-0.6883880545828336,-0.3753557656824732,-0.9494191729161366
-1.4873628501379228,-1.508306043591827,1.3657711224464293,0.8407835490392297,0.9372250025400348
0.6092470811984945,1.3371436596653372,-1.0300971834546675,-1.0574799867163631,-1.500628093931874
1.2451133476488387,-1.5223918976090083,1.403259189098533,1.2992208081804701,1.4298221751849187
-0.8876284467712101,0.5321792060239486,-1.0691423567683913,-0.9229633689736619,-0.9003766895854226
0.7560144741560075,-0.4266507911390837,0.38874771632880367,1.2480959293776714,0.41488899379665567
0.8057432816713694,-1.5699621192493594,-0.3978687362535591,-1.4051493447131485,1.4932018830083817
0.009697081009997008,0.9740632137179035,-0.7423327461421055,0.5719788308808065,-1.3247422917760487
1.182858940967687,-1.6796139839385171,1.2906275277987376,-1.3514952916629155,1.4005657823609852
-0.8473823202704577,0.17349042356916952,-0.9572134654456593,0.7627160502503545,-0.7291754815449083
1.1305112894689133,-1.218162942217969,2.0197615969825224,-1.0945942973479705,1.1089215620363702
-1.1035597856696793,-1.154195043701826,-0.5756349128508155,0.6226797780069186,-1.207691979799569
0.966622566264332,-0.6359440875580032,-0.4460572989215345,-1.1622509097845704,0.7745060831094596
-1.1596061291580115,-1.623219371792646,0.019820158652246955,1.4670913451203935,1.4640369231350345
0.6347191651702647,1.0836388175838125,0.31902021889529913,-0.7200282363980994,-1.2871337678365398
0.14559106350797582,-1.665249751251856,-0.9040527200401234,0.9070701253519291,-0.021969038648428356
0.7965310940795595,-0.07828548432374705,0.7096547403464402,-1.422800172546364,-0.8744339344588983
-0.920302883118625,0.7848035822370613,-0.8343961808030106,0.850399430017971,0.9922057870908579
0.5079847595590719,-1.5598882244860022,0.7452536159778109,-1.0699646144190789,-0.9797507096707826
1.4139708596612321,0.2501666816517926,-1.1814669109942033,0.7422162306957305,0.5712199770265941
-1.0532708601432548,0.25734533159406636,1.4195761682752026,0.9420306067848553,-1.090940707355594
1.3011782908813712,-1.6796139839385171,-1.1279048260298756,-0.9423515691947077,0.36542000264350283
-1.5572218950907097,0.9245203432300318,1.8951516244662334,1.5529887658722468,-1.1423991719453181
-0.955987289498922,0.32116870785076707,1.2529112595870382,0.9489283061943145,-0.5339015911377932
0.5470989587699163,-0.23339039954629298,-0.35268936877816376,-0.5588493061381629,-0.2717767678302671
1.215694397957751,0.9935758519125294,0.8965115133998331,1.468859150890555,-1.5372018120071056
-0.5880094188176129,-0.758498430272818,-1.0302090135721809,-0.3433216942242543,0.288290930415469
-0.09642189955077277,0.5194863119391067,2.023001264396983,1.2259537750151297,-0.4033858947444451
1.4210249455045367,-0.6377972788921835,-1.1345311862417202,-1.2651301578773373,0.00868520263769695
-1.0154070951639378,0.31791509048966377,2.019980148227409,0.7737580288467646,-0.15001174264887165
0.6563559818879194,-1.6796139839385171,0.26899014911456565,0.09032250277768394,-1.1343041287731543
0.5690046746465822,-0.31514840157809726,-0.6269229295371813,1.5529887658722468,0.3869395543252146
1.2009150412161398,1.0174582886085288,1.6396589748726265,-1.2395639810430203,-1.2324762256580821
0.6456760087680691,0.11243110218586648,1.0140319105982325,-0.33347302456662736,-0.7851889205964658
-0.9533923594723394,-1.436335024974376,-0.15968761591724798,0.887657364857423,0.6127111743206872
-0.3521577538805514,-0.832983389595111,-0.647539975415189,0.7742743285084216,0.0042135935131625574
1.235807098493501,1.1436672846220883,0.6029347483044322,0.6522967982052397,-1.3024444843325855
-1.169808354562544,-1.0058672091914422,-0.32270697630759093,1.1074360397559366,1.3770707411057332
1.2764927103786454,0.5727830281251928,1.5148162594721724,-1.1377493674128636,-1.4985348172043438
-0.5272111063967186,0.28050569028532324,-0.41190483516541293,0.6744320116209342,0.13824676929963745
0.9758751418721199,-1.0622218244020434,0.9219389573276284,1.5529887658722468,-1.0174673396283371
-0.48476967865906,1.0833156423468309,-1.1398104760532644,-1.3681562336918784,0.843213104906764
1.0088870307214557,-0.43078754083095044,1.0445212284238279,1.3709031697886254,-0.0623253916734854
-1.3215179652647255,1.058688196069867,-1.15263574430189,-0.7973669357679862,-0.41098612430167347
1.028064429834559,-1.6761811803074036,0.818434790746093,0.49666048096253307,0.0900546124093721
-1.3827743628142117,-0.052926360777576224,-0.5925496438738886,1.2494104379267923,-0.8433865314852538
1.395820697849252,0.45247384671020496,1.9955148974426855,-0.7413753853871076,1.4178869480881484
-0.9313176516340819,-1.1620285767975884,-0.5964790249572767,0.28315054890529656,-1.4804375470789723
0.8723861651412818,0.482176104134236,1.3302420696803088,1.5529887658722468,0.34505465750271624
0.4548580444889343,-1.6787772480526668,-0.3784670623633488,-0.723949871366942,-0.8121524977242369
1.1165434129957013,-0.49752589373013445,1.1280083716360438,0.42506674990643084,1.0276156174892197
-0.4380460583852142,1.3125290124076603,-0.7987127230015413,1.5529887658722468,-0.7978771249333546
0.7220157360215267,-1.3578653043142426,1.5304077620489327,-0.33157974783422217,0.9053638463061761
0.06923858214420926,0.1885778008455136,-0.7562206843398933,0.3140318892678408,-1.419856763225208
0.41366917666785463,0.1885778008455136,-0.11398031946069825,0.9180923489457733,-0.811359182417683
0.2217665815912072,-0.8946495978095786,1.1762009079630171,-0.8899084444098709,1.0161257226458913
-0.9040621179041279,0.16705305016056768,0.6420508798145474,0.6189060385978269,-1.2075575195781194
0.7205027796861424,-1.5266139740961178,-0.2835908447974757,0.4689858580435382,1.2667934594041232
0.631996694040594,-1.2249384230527205,-0.03881458585573231,0.7710163548419987,0.9625449379208036
-1.1045859601282766,1.3110304605662082,-0.7986661744247083,1.026847375504451,-1.549285483188356
0.7129757289188858,-0.518912521665281,-0.10960815923182596,-1.4673129985984275,1.277654080411066
-1.5490135622644567,-1.1906178528361708,0.5531220944374429,0.2187898183832869,0.5481890924557865
0.5198099455004019,-0.7946119297744078,-1.076159838558747,-1.0151103114832152,1.4074652052440177
0.7028303655894802,-0.32996966591177784,0.9432144952681514,-1.2956281444063038,1.4932018830083817
-0.19902127708757028,-1.2349973856269103,-0.020145768217855676,-0.3895371879299107,0.7870012025683465
0.287371599334739,0.16409594341293338,-1.174922862290173,-1.2866497626995568,1.46613342690788
0.8886062049265271,-0.43925515867386133,-1.188199992333421,-1.031842264737618,1.4932018830083817
1.4210249455045367,-1.6796139839385171,-0.052674140774963484,0.47830861749771947,0.27620725923421824
-0.9103142890617654,0.9890748634634698,-0.680438465924676,-1.0241831968508859,0.9558504324152611
0.14997741461168507,-0.9988885439255188,-0.7322055923530788,1.3127358995305467,0.45660178153569836
0.8527963831281934,-0.26126773013706794,-0.4203908677882918,-1.3368199943513284,0.626430957476539
1.3752318438619724,-1.3706179271557548,-1.0549677474571808,0.909513338642252,0.9843651426576772
0.1727626326783966,-0.16391465639722483,-1.188199992333421,-0.29860704679462474,1.4932018830083817
1.4210249455045367,-1.0110332133509259,2.023001264396983,-1.126853148700251,-1.5185295899748148
1.2163708972253815,-0.19125656134785107,0.1505779493039151,0.46377267304207065,1.430142190511969
-1.2041020314979163,-0.36655352937214364,-0.9880405442860793,-0.7980562251818427,-0.9666150217169086
1.2959522941823312,-0.618302772641547,-1.0485184989035299,-0.9733845425499206,1.0944272880049677
1.0572086347327443,-1.2216544080208118,-1.188199992333421,-1.4072577907978265,1.4932018830083817
-1.5381311176434538,0.6685084932457787,1.1240086000218354,1.2791064781353767,-0.6997276173656305
1.1187403084963958,-1.5814577717384504,-1.1531477786470525,-0.3348969865083432,0.9426173952610574
-0.6269811971300089,1.3371436596653372,2.023001264396983,-1.1661196867735744,0.7478517644910229
-0.3263636286234836,1.03546810862194,1.701881365790171,-1.067037670525383,1.052100823815228
-0.15735519297243541,-0.8757731775319825,-0.1887963710738458,1.1691293110125498,1.3939734666237447
0.6290690943034563,-0.9188632091296145,-0.8115022283191853,-1.2032916606559148,-1.304545828673403
1.2303036998952444,-1.5222148445088792,-1.188199992333421,-0.8605541123537788,-0.6960482478658783
0.19151276909615442,0.884285026225743,1.610026832059443,-0.8870178070073775,0.5976957324709453
1.0829405837020567,-0.2927607836762583,-0.9539363321035041,-0.8547327936246718,1.011074858887351
-1.4518447786129034,-0.5258015937961994,0.39852518812601184,0.09897519390158617,1.052944696165047
0.9216228765672286,-0.1364975572082909,-0.4865857823726306,-0.004718814567280513,-1.3986421673257443
1.3261269249092167,-0.9742904287344202,-0.0487282973900126,-0.982367729527562,1.465522439661612
1.2487594289333734,-1.0936519494297419,-0.3698487636623957,-1.1239822663003236,1.4120433068639402
0.14349460662596317,-0.13816622934775838,-1.188199992333421,0.386169149854002,-0.04485900890715642
0.4441116437112255,-0.4398417803911559,-1.188199992333421,0.08413865305554157,0.2593895125761632
1.4210249455045367,-1.6796139839385171,-0.5402682124380387,-1.4673129985984275,1.4932018830083817
-0.6183153105964269,0.43211647324267516,-1.188199992333421,0.6468983433148424,-0.3625352659453385
1.1853879747576743,-1.3779384328951196,-0.3677574836983388,-1.1652830357189554,1.46295693863635
-1.0837850690571127,0.3176015145171462,-1.0402879157876612,0.375159206396888,0.18978859922666044
0.4193017106329886,-1.190777307284781,-1.188199992333421,-1.1349916758384495,1.4932018830083817
1.4210249455045367,0.750244630286302,-0.29948548078922144,0.27341934142508884,-0.3271431842962081
0.2185562657422239,-0.7581341915156252,-1.188199992333421,-1.2367315408102484,1.1941004988021608
0.7521680470553719,-0.4328103191706759,1.3956831243861818,0.52760268808974,0.9355587714758289
0.6761886234181383,-1.3426312716085749,-0.9124167045652084,-0.8068290480781058,1.2700092100603166
1.2913555002585264,1.2435225666324274,0.13726108267068776,-0.9876604684582816,-1.3849901521215033
-1.0985782427515585,-1.4859658887198417,-1.1005739994420687,0.9755035899164616,0.18058775519329368
-0.21253213127471626,0.8113764794455615,-0.6779475493985411,-1.4673129985984275,0.12032806234835147
1.2834171294338101,-0.697002875648836,-1.188199992333421,0.04283788363690969,1.4932018830083817
-1.2141033796650846,-1.6542372617408272,1.8671061069243688,-1.0286259367522799,-0.3020179473160985
0.8176933516094735,1.186884773120114,0.25229794299537694,0.5748566542275816,0.9547801290525206
-1.030654634038135,-0.8543006895091227,-1.0456830093757168,-0.6324692597547498,-0.8288723573410766
0.6809804489454157,-1.6796139839385171,-0.277443594327668,0.9499037761858836,0.8051769974630447
-1.014089701853289,0.6632683614329281,-1.1516729834932469,-1.4434692444202692,-1.2903505941745048
-0.8982940715169629,0.3615928103895309,-1.188199992333421,-1.141439281540797,-0.9861020726911852
0.8073747449483731,-1.4681197894948024,1.7552640684340206,1.4602230112552887,0.9271286534318122
-0.6090983402132512,0.5820073879834134,-0.6934970447230375,-0.15347024645624638,-1.549285483188356
1.418467746387618,-1.625185621130523,-0.6810458680857892,1.1656273363684873,1.459107073575799
-1.1654836483253272,1.3371436596653372,0.31557505654408824,-1.4313354014928468,-1.0558460517163104
0.5696902080756812,-0.7396769391196593,0.18230818406800878,1.3656627549187557,0.8801482520572521
0.3474594015271794,-1.237893163740464,-1.010299846661377,-0.5996796929281288,1.0316311375425964
0.37820371584785917,-1.2503444763362748,1.8822105524410964,1.1578700273879134,1.1002892158192932
0.7901088681178047,-0.9571498754475453,-0.5564972034511824,-1.1035844252724594,1.4932018830083817
1.2508867082486326,0.07228324514670142,0.0755893273571428,0.8944952653401956,1.400454987138511
-0.2570599188903932,-1.0309143566425065,-0.4389716972626425,0.4679959722392857,-1.2473168692199392
-0.34296788598178196,0.3388078895973422,-0.49975846195079,1.1290875225682584,0.8920028030211524
0.8022513125530666,0.11708461228142251,-0.6979129152008872,-0.8832339231375086,-0.3726654990293664
1.361633836587716,-1.634420646838149,1.369011925192032,1.5529887658722468,1.4891390329570546
-0.9809391120543446,0.8401508079713267,-1.188199992333421,-0.005663317257530255,-1.1125065133534844
0.45454291168005373,-1.5146122270527427,1.9101414015375917,1.5529887658722468,0.9159614631199634
1.1238026274464727,0.8474921121170322,-0.6962587377266034,-0.48465378785222113,-0.6730361877260737
0.7723705577845466,-1.2004954959704697,1.2677557142721867,1.1979342404297122,1.0057088203697324
1.2139428334753393,0.8843314226706562,-0.15530296704581065,-1.1733521533886788,-1.411566483811499
1.1388413177643633,-0.5869014454072428,-1.188199992333421,0.33679926276564676,-0.029303036967186023
1.4210249455045367,1.251781133826994,1.4418882635486159,1.3877445764356233,-0.14943894210549558
-1.4032856292971128,-0.74752647098953,-1.0144006627472475,-1.1356975167409422,-0.13310632792643134
0.5184983978236447,1.0092189199428923,1.8242677922643296,0.9996735685964528,0.24822931419582991
1.4210249455045367,-0.4269936981974659,-0.42357320098006773,0.4485319555219058,0.07182234422166502
-1.493997113183562,0.618797635629773,-0.7019563970640731,1.5470921645657942,-1.4325750866517015
1.4028779722201337,-1.5969429851976145,1.3802988197428852,-0.4280311452272074,0.9278316114695516
0.30252401380288324,0.9958812752614967,-0.07707638068129123,0.3302470089415983,0.8902386849157309
0.7627576785605344,-1.0709512888478558,-0.2619866284912663,1.376757591495005,-1.2484517134889754
1.3639922841523227,-0.46759965346859084,-0.9042264257048902,0.7726971318170723,-0.6399541326814508
0.026076547174102408,1.0854946753803445,1.097360107450531,0.09985455847526663,0.8753399545382076
-0.26171516915311344,-1.2802925815890995,-1.0418433194525678,0.7516639271931671,-0.7950045167623011
0.5944544389253118,0.007079174684477669,1.382211285052035,0.7884899215711084,0.44598802949533717
1.4210249455045367,-0.29459690965138996,0.41885102156602794,1.5529887658722468,0.4112946031568597
-0.6426459016955575,-0.26744059048041696,-1.188199992333421,-0.8632525389204949,-1.549285483188356
0.9123256615733597,0.7153955672317172,0.411544597999965,1.123492585490178,1.3991706231032226
1.0974760180840113,-1.0994616376008386,-0.1213435095838745,-0.8927697162680094,-1.2215844098797624
0.5920407235493671,0.5296561993471121,0.33258004639297156,0.6740550648152156,0.9509286504693127
1.1350947978611465,-0.6103188510691689,0.05379380775346142,0.20955942691407625,-0.5665275571112585
1.4210249455045367,0.6704160804119265,-0.48188721444035637,1.3422162364678702,0.23018582815903835
-1.0607070378745613,-1.1605785545709306,0.337312674259514,0.15495553198371123,-1.1813877955977878
0.2760624234396536,1.0323318156042955,1.5137921907818468,0.8548309576206112,1.4107288237390474
0.9701969056783794,-0.5410702905124346,-0.5522249523628295,1.3637208915584178,-0.8896881776619352
1.30627621505606,1.3192474309480933,-1.188199992333421,-1.0146490054773498,1.3398338652183115
-0.8184267699205903,-1.1237984394815062,1.0747675853849779,0.7853333925124565,-1.3065202425651719
1.39657265893621,0.7418708719181581,-0.18762243867274123,0.7216667566751978,1.2255200876687786
-1.5790298294550078,1.2477862399322184,-0.37059127022943866,1.500192186717176,-0.8610508396975568
0.5252910244056183,-0.13979543784442655,0.161967023657572,-0.6140191551960942,0.32190759930057616
0.26397684107951846,0.8699399920680114,-1.1086291738964569,0.9200988165036917,-0.8903066946806043
0.8326613628994025,1.2780729859036626,1.4450961416910926,-1.2323315144279159,1.159103192363207
0.5259446725589457,-1.6796139839385171,-0.5068168156622673,0.9347047043468037,-0.9297874427435802
0.45986350136388443,1.1553975857980974,2.023001264396983,-0.4953433799163734,0.5177112629802034
1.1504571237281231,-1.463583070450235,-0.49863959311008527,1.3167440293754886,-0.4532851586062372
0.8654303922316077,0.34647130239508944,1.2123152239329773,-0.4827850713932764,0.15521242220128742
1.0405363554527989,0.8888910732914453,-0.9643331270388193,0.22609489798079602,-0.43087063969055567
0.844051314826444,1.3371436596653372,1.4146641580881818,1.2842806870507009,0.6340865846450049
1.0933771658835136,-1.5215060988158937,-0.9559333795827528,-0.30303163345041756,-0.9671657707839671
0.4826811361276309,-0.16879268262276362,1.60274027678837,0.8715767927687091,1.264543670978825
1.4210249455045367,-1.6771715044246907,-0.002860351576832006,-0.6385740894666281,1.4932018830083817
0.819790339912749,-1.073820402337896,-0.6451007164560272,-1.2426345491445605,1.4932018830083817
-0.3826783398495639,-1.6796139839385171,-1.188199992333421,-0.7113066697247102,0.5772981168770106
1.3610986953760085,1.1865029357114025,1.9181159674808792,-0.588404925652833,0.8021236747543627
-0.7104350608294752,-1.53926687124569,-0.8585514861858953,-1.3704056343894597,0.9226618848752499
-0.10920045523768733,-0.935915235866425,-0.5943304107705353,-0.7663451747115272,1.4828355377754885
0.6158053510035436,1.2780383218930953,1.761621922830719,-1.204827211666179,-0.6408663108237662
1.3585537189481351,-1.584442609694539,-1.1548297717343219,0.899624625060505,1.4932018830083817
-0.01748405374315539,0.2924962381868228,1.4240868389034316,-1.2607893965027028,0.26032266651302477
0.7518943651049949,-0.3812798676461166,-1.1042343070447391,0.2146273859507345,0.5233300867141475
0.7257303706489711,0.6861882052200943,0.6023193988253231,-1.086576969820109,0.2925597735260572
1.2035035941875682,-1.269005446455883,0.685652704667762,0.7224121075828227,1.4932018830083817
1.4210249455045367,0.8427250107253091,0.2502072306968913,-1.3917992343304473,-0.5137707446232151
-0.09843279760946379,-0.6656538110766181,0.4694169676459115,0.7224121075828227,1.4932018830083817
1.4210249455045367,0.5410489263894416,0.623951998410089,-1.0897692714509752,-0.3322903215733064
0.4344291483017777,-0.9673298954124857,-0.1860744146602593,0.4203821447033504,1.1889533615250625
1.1393748647122823,1.3035915638984437,0.5930579350322754,-0.9872904625994106,-1.0819453185406023
0.2892932186212683,-1.5251495529727628,0.14120692605563864,1.0804966232837891,0.7522830355491223
1.191144861298319,-0.6201223665501003,-0.6371851877321377,0.17440620072638444,1.4932018830083817
0.8655451792243873,0.3598846746072632,1.2904702844355336,-1.4512463084034088,-1.2688218991977345
1.0194171430451773,-1.5136272358601581,-0.9288687881478076,0.1886591681182502,1.4448806443055247
1.2387033443761297,0.8109669108283959,1.14065368989862,-0.42605724672757356,-1.1526342840020767
1.4210249455045367,-0.8413560813783144,-0.7860668370733941,-1.4673129985984275,0.6728584584204974
1.4210249455045367,-0.9706341755582645,-1.107187303345777,-1.1652830357189554,0.9771069799038168
-0.8962098373239963,-1.51723655929893,-0.7810560530769962,0.6850751527331069,1.1365214049320418
0.6491695721501607,0.972398807918198,-0.23542839474577235,-1.4128206927366107,-0.49925710831992376
1.4210249455045367,-0.23430392954786175,-1.188199992333421,-0.2047003072997339,0.7177380532951259
-0.9872805619841439,-0.9576335717180781,1.5650160612586748,-0.3696679267004338,-0.6322974298312134
0.805564724127046,-1.609666810245732,-0.9627686407247746,-0.8748802266470375,1.4585627785993704
1.4210249455045367,0.14210242864662218,-1.188199992333421,-1.4673129985984275,-0.31775086890749676
-1.3759020230428078,-1.2789796155273003,0.9272188148047439,1.0016725612885355,1.4462693494726582
-1.0752849859575455,-1.3248656995465462,0.6060989161979318,0.6996420644900753,1.1420208279893387
0.42780179373255584,0.183513122255381,-0.9995017121672702,-0.8105088177452623,-0.3066299329118267
0.7745403508008349,-1.4613005786774893,-1.0183862427221777,-1.0768532372057373,0.6506811273354532
1.3757749563926227,-0.8579489432982242,-1.188199992333421,-1.3002855197409822,1.2591787081429782
-0.513333040116931,-0.09856073075085588,1.0721557560921913,0.41017468148560615,-0.5344636348634534
1.2504939879353736,-1.4246073902607184,-0.18135086944285517,-1.2864084313168587,1.4932018830083817
1.4210249455045367,-0.8212557548814535,-0.8235912343220503,-0.6823479716389261,0.8847043022008572
-1.5021985375333977,-1.0753349529534564,-0.8994041066781088,-1.4673129985984275,0.16289870630024378
-0.17898722689872432,-0.6365259096430653,-1.0865713927989118,0.7358108045934565,0.5299509080183357
0.2889201608947352,-1.4574651392313238,-0.9877425198612341,-1.366020557738799,0.5879651151650661
0.01900970722048878,0.32799911780995605,-0.5993758223667723,1.3270112915199193,1.0836172240412896
0.6202437813910139,-0.27535251756930873,-1.188199992333421,0.7229508318419868,1.2702550033451268
1.1506553438591731,-1.4891416453802861,1.1355271021257107,0.05090700130663309,-1.1012322927053615
0.7977995966340244,0.4583987260548793,-0.31162841502134414,-1.3022775714862174,0.5485806406206482
1.3961321107092928,-1.4556194139917271,-0.5829714226921484,0.4863328859724279,0.8358586686343457
-1.2773807722772563,1.3008616397431427,-0.26571732662475744,-1.3107791635364392,1.0162865370707452
-0.07491209251494355,0.09415890227708332,-1.188199992333421,-0.4159960773126151,1.4932018830083817
1.1449861418269012,-0.6659471219352654,1.235101319958287,-1.08791924215662,-1.4789961335050303
1.1177911901209143,-1.3506306586625907,-1.1712205474352386,1.466962136725232,1.2467492052721585
1.1210737792616476,0.04602712366554023,1.3360759687548505,-0.7135267048779366,-1.4520992486470983
1.4210249455045367,-0.5573245117137245,0.7489320888787576,-1.2007998607376589,-0.8436016678395736
0.8473078643252967,-1.6796139839385171,-1.1453735986503755,-0.3049959214082626,0.981890536742115
0.5476808650527565,0.41838845847304335,0.21390274676060148,-0.1417117485775778,0.9268500518529684
0.8482979021380188,0.11671237413717572,-0.10721771951178147,-0.44374224537603824,1.2310991111771734
0.918366327068376,-0.6931898344864217,-1.1261217884709445,-1.442439848610885,-1.549285483188356
0.7927059238294386,-1.3599504778729894,-0.9859282606958905,0.8501127155212701,-0.9217881352490886
1.3939405294212264,-1.637723327106517,-1.188199992333421,0.24605278976232578,-0.3132905544415639
0.19147131823765057,-0.4310200563479872,0.09628073742496912,0.4141182071329676,0.25291444615202646
1.0572585883314536,0.7963466977560063,-1.188199992333421,-0.9986394446140762,-1.3853074782441248
1.2216516303144969,0.976165452635699,-0.545959627454226,-0.3945789849361436,-0.7768098974366
-0.28143461795434166,-0.5322133691662283,-1.188199992333421,1.1155718972991937,0.13593620485424412
1.301633718903649,0.8947855549653144,1.4387723472286624,-0.7329608221319736,-1.549285483188356
-1.5851475510331399,-0.5430253407084361,-1.1103917754948274,1.1351752668725124,0.7283700919256042
0.7558125340761178,1.1525716689981487,1.8835133449268486,-0.9714501540554186,0.4795423088376917
1.4210249455045367,-0.05413160176038128,0.5990326151684585,0.23667023138145848,0.3744428213436704
-0.5425649295234894,1.1990241096208183,-0.7646374617630939,1.5529887658722468,-0.8661936742475688
0.960521318745349,-0.2365714891314399,-0.7683221789853233,0.04283788363690969,0.6550500088508001
-1.3985937109672548,1.0913582260909378,0.31288999839262543,1.2914047681111862,-0.5461234874266943
0.14679526408963364,-0.6622428724367857,-0.4295904560340858,-1.061767890111159,1.3801342827912457
0.44741283259615905,-0.4802493508633413,-0.7507103546408977,-0.7597379272316868,1.0758852234670402
0.7323970503916452,1.1933045478771969,-0.9004798329354073,0.9691253936825892,-1.3421210064779925
1.4131030487389695,-1.6076344326415417,1.0711680179984187,-0.9330784642064356,0.8567451815934717
-1.3511138782363485,0.8723563402507944,-0.37948886039138946,1.5291193835826518,-0.9283793753045579
-0.7498798040658233,0.26900470487152967,-1.0217292252705845,0.9250589239047192,-0.39100103266714686
1.1782509871973619,-1.2074256316215988,1.7215759551150869,0.48740713097682714,1.2392463249152599
-1.007065375600705,1.0872876046653845,-0.8164880350304533,-1.21683184619844,-1.2282934370892216
1.4210249455045367,-1.0659116750038258,2.023001264396983,0.994382431422698,0.6112380281344834
-1.268326948221781,1.268020956131586,-0.9156694282878048,-1.2291589677996162,-0.8290143473349275
1.3932619044685446,-0.9834694587326681,1.6290600909939876,1.4388390218560903,0.7691965178848498
-1.0716575044172112,0.6532408631144841,-0.6993462707679999,-1.1460731644399917,0.37809583664001845
-0.16980586174016082,0.022629983117484476,-0.9717678430239585,-0.23998220796359881,-0.31964137962108086
0.1308117067663646,-0.27904610121838314,-0.6506479444171465,0.03427168738910703,-0.6238899011044003
0.9455782842547745,0.4759845785544277,-1.1546923966661073,1.5352722660034746,1.2256475559587128
-0.7155712473350906,-1.3898303216896197,1.917120282069111,-1.269427671813922,-1.346479669016509
1.315959773308034,0.6801214700783288,-0.5855066171328318,1.2126533190983375,1.2168710683842414
0.865361307467435,-1.4176111263432762,-1.1024194802138245,-0.982601052125436,0.21132697533937533
1.4210249455045367,-0.21090785558474628,-0.22454511041599565,0.22551933331144106,-1.0056681862756742
-1.383661304901938,0.8587024531345301,-1.0380967266830847,1.2328760346980492,0.521028127722927
0.7766511560569455,-1.1618829879532055,1.6960327074107797,-1.1674747731658033,-0.9534804094448065
1.4210249455045367,-0.4888060285487869,0.7326718762592017,-0.2613838166894104,-0.39207241171165896
-0.5285077742781156,-0.6389267923442107,-0.6272839648404224,1.276023095978118,-0.906514529774163
-0.2278902057715902,-0.337250708008343,-0.6041186682135951,0.973992599179658,-0.9502501370846966
0.5817901388099138,0.7286105546449514,-0.425373836171704,-0.9228277535506414,0.42898257636813797
0.19223975338375726,-1.2736328252203961,-1.188199992333421,0.9321531055018619,-0.4071636891262986
-0.16195039263245176,0.39875049654790484,1.0453437758364008,-0.7771506271961339,0.8818413751657482
-0.28210208306050344,-0.1285850968269287,-0.9249604106905516,1.3950523256280736,-1.4485607934594253
1.1970085635128,-0.4306104877308216,0.8325242502216333,-1.3744794362699593,1.1936863613200954
-1.5508655653655503,1.230641420305581,-1.1475415134665352,1.2210924426269318,-0.6331649671800076
-0.1544153705462518,-1.4689058625959772,0.7949198121274473,-0.5439492289325142,1.1363724230066754
0.1462016665390106,-1.16723031155258,0.47379991352063555,-0.24191926605304206,0.8321239015233561
0.6278314141822375,-1.0466166201370692,-0.28312592669471703,1.0396149802709493,-1.549285483188356
-0.5746213229421894,0.6244254710685082,-0.27680780888799805,-0.5643177044160235,1.1221556748723451
1.0181619260222838,-0.3633457751634833,-0.1236720737566653,0.8266475099057952,-0.922138269665744
-1.5259179941802306,1.0661622900406689,-0.2331531911366683,-1.3297882812758135,0.9649291865675516
0.7004485354893076,-0.9651892594368311,0.9756906425927149,-0.5644607947048799,1.3500420852307804
0.6814172772234928,-1.6796139839385171,0.01233037910670786,-1.4673129985984275,1.4932018830083817
0.6728720233165816,-1.6796139839385171,-0.30879008716567524,-1.4673129985984275,1.4932018830083817
0.07163741772479383,-1.6796139839385171,-0.9510304520448704,-1.0021398175011738,0.8847043022008572
0.3244063471439828,0.05258288800254148,1.837423441875355,-0.48901163463448033,1.477203805860285
0.7711844255258262,-0.5507687473767234,1.195183644661731,-1.0930715603934247,1.4932018830083817
1.4160774135472398,-1.4804041815474198,-0.5981292287725626,1.4806518195844731,-0.0677032626905914
-1.047192995159838,0.993905959951625,1.8563221640695409,-0.38628401953438213,0.7866193355394292
0.7084852192476544,-1.17057725509598,-0.9890475830092708,-0.7024201220839457,1.4349752287117612
0.8320677653487795,0.46736603894243123,0.7027490886735978,-0.9265470332229296,-1.028052586101751
1.1199243150700648,-1.657127173637208,-0.4429425179327233,-1.229354916068311,1.1686122192241368
-1.382477829749532,0.5562472284996013,1.1005713915864348,-0.08539931288474903,0.3650241517515546
1.1507281485721859,-1.6603711917338468,-0.7741645930434321,-0.599687701712953,1.4932018830083817
-0.6624865145447196,1.0993352148612026,1.6855513303053657,-0.7140926590055027,-0.628741763735195
0.23936512813233088,0.19430749514607015,0.7221910668193587,-1.4673129985984275,0.2840043385556492
0.7797902614567043,-1.122202828410465,-0.9769875279505336,0.6952244187811298,0.03737793821331274
0.4684347949126759,0.8418856083771078,1.9192876292196996,0.02033960530919166,1.4758925497807063
0.8512026507608532,-0.9669565906832983,-0.6322408206075626,-0.37143306287565403,-0.941351021788263
1.3425940755816954,-1.6573266250210885,0.23154125138687032,0.09311703476228862,0.9369732930054807
-0.03233674661904237,0.15272774782423618,-1.188199992333421,-1.4673129985984275,-0.8885189115762077
1.4210249455045367,-1.6573266250210885,0.6365683657285374,0.3448683804353701,0.379125801936324
-0.9839166653901921,0.5093356230600307,-1.1068960909077856,0.02460615194445668,1.4510894794911906
0.819787151385172,-1.300719283077764,0.8198250037297995,-1.2239254938765942,-0.3744032629313837
1.3778793845935788,-1.4632945592238202,0.29791498062611643,0.5687897327638703,1.3467504990096895
-1.4678772266923563,1.0749146860627028,-0.9207625237920171,0.19560118280373587,-1.101143011118319
0.31436407953957357,-1.1140765177485255,-0.4850888482615508,-0.24936743593940755,0.22344990890528907
0.01231645641467125,0.8976589347951168,-0.8730207139285241,-1.1407275675294333,-1.0023599269871235
0.6192526807357659,-0.8986967543664405,-1.089590238306201,1.0366212965037198,1.4932018830083817
0.5265781267042837,-0.3707862717086585,-1.188199992333421,0.17550874343716186,0.5804557807175379
-1.191406377528009,-0.35908956795827657,1.2942532078015692,-1.248051157280559,-1.463541813492476
0.835761674546972,0.6282683766092574,0.24306088882188814,-0.04173701978099934,0.622290658337657
-0.45236148436434187,-0.6299626792114804,-0.8781518430260024,-0.22262023030303738,-0.8454878758260713
0.35242978459878005,1.0467237794994106,-0.7629514950168266,-1.0219172446646685,1.1066723114519579
-1.5784521745422708,-0.1278950163704021,0.11198974677495423,1.120080309236145,-0.8138725128770229
0.5475687351662915,-0.20732146372219576,-0.9789482448332295,-0.88534130138421,1.4837417996680602
-1.1214288256336027,-1.011410251127405,-0.7201761912351828,1.2251870673479741,-1.1479297897739913
0.8312265254896601,1.3371436596653372,-1.188199992333421,-0.28365998471800824,0.35110590530884317
-1.4194551840623855,-1.0703193372705886,1.229529682377609,-1.3597827821988413,-1.3001699552265407
0.6551698496291988,0.3317844277639162,-0.44574167686398397,0.4973209387510232,1.352095561732762
-0.7915783048779931,-1.3682575746823498,-0.03385886541973431,-0.9212761849707289,-0.46192718595925886
0.6911954284602569,0.7870935401043908,0.1350568372579752,1.3594511414092239,0.8228945519230418
-0.7468969365173475,-0.7212852816975363,-1.188199992333421,-0.15069974082611373,-0.28056616358599756
0.8288643579762136,0.7125488520254281,1.773189244173712,0.0770183094279739,1.2434334162112066
-0.04023898079788352,0.36158641087988747,0.015244774148908626,-0.08016797463768024,-1.0190077159252662
1.4210249455045367,-1.2493952157391983,-1.188199992333421,-0.9928853996774912,1.4709481785175547
0.6266766357780263,0.6562838299498319,0.9550418074427237,0.24579971216188562,-0.8847507983302986
0.32605906727150097,0.35460827890643437,0.6339219088359116,-0.05623078463657481,-0.580502276846979
0.27598217882896053,-1.4994181912823452,-0.4698549749946047,-1.3925301694253889,1.089851875589474
-0.4912997831371772,0.6339143439919818,-0.6119694830623753,0.4060261309467486,-0.5114499612009915
1.2189769870984843,-0.6247241472760406,1.2281406047250445,-1.1262156494282567,-0.0706285792684533
-0.6112410307451334,1.2682449389690988,-1.1585911238086541,1.0103327272782736,-0.5623915606994626
0.5361904745070332,-1.5977418573180757,1.352419060547792,-1.2331905900800422,1.0378109293204292
-1.5851475510331399,0.4292948227824885,-1.0174530005232338,-0.6002232224581876,-1.2621817156216575
0.9243761701301457,-0.808647654299384,-0.9430995963505604,0.23478763302881844,0.8436562857966623
-1.0984368846956356,0.3101130216496468,0.41560283916800045,0.7990172022628265,-1.4240659059974723
0.6695150351990471,-0.7632761975139466,-0.7044700202130535,0.3909162235787098,0.44447078035649756
0.32000511624491307,1.010853461364263,0.03192449162553245,0.29757330253543207,-1.5310252472745873
0.10058446533445516,0.40750182598499796,-0.6103158732536625,-0.3064871571425005,-0.9225276664670626
0.4012020338409806,-0.49752536043766415,-1.188199992333421,-0.8177044439501759,-0.00978156417621842
-1.531439461101425,0.40647843773455433,1.9118114736478677,0.7620534567859115,0.5016857559469304
-0.930204855509637,1.0098300731138192,1.2695711087686723,0.15799299710797876,-0.10681182486059447
0.4005919622312085,0.6281814499366037,-0.70477372129361,0.8103624468445743,-1.0815941084421754
-0.8782403587413911,1.0983987532834123,1.579418872129481,-0.7625345948922446,-1.2630019229725014
0.3645297153330127,1.3371436596653372,-0.02618175623572114,0.7476162873430927,-1.5128510659025467
0.014106814649272294,-0.4480128876205979,-1.188199992333421,-1.1131933653043533,0.5905026484642668
-0.7419642843554104,1.121558045389729,0.1256086114920246,0.9462528381440938,-0.741451699763275
0.9431204609140119,1.1499900001495824,-0.9295613401445908,-0.8777900851331084,-1.148656412810706
-1.1721774305524078,1.2194913413372237,0.31736150009644637,1.5032979934719417,-0.8009309854829224
1.2762796104522351,-1.0201823789708389,-0.4907280380451938,-1.4579939765771641,-1.1513902580332234
0.37442743635392195,-0.11515519254817656,-1.188199992333421,-0.5519030201007713,-1.549285483188356
-1.1757714325531814,-0.07347251977958097,0.42824758976500515,1.1859904726621138,0.5990774457065633
0.6282225402317081,0.27138105611904273,-0.6664920581730613,-0.15935777113989882,-0.43546111165085183
-1.4173231219557607,1.0594529374722312,1.411396675060736,1.0871476521206676,-0.7155406772490128
1.125198139682763,-0.31988030566678266,-0.11736644459251121,-1.170797351029807,-1.5025627075980938
-1.0985936539681815,0.09057677675429508,-0.477655267607554,1.5012765761823519,1.015773436865693
0.8318429741545864,0.9988197167726718,0.06267663861056275,-0.6329764827936062,-0.6869334583742391
-0.9718608426207774,1.3371436596653372,-1.188199992333421,1.1792043623212034,-1.549285483188356
0.5268996365683186,-1.5702570299854175,1.7300483637642583,-1.0820098267944485,0.3763984108044361
1.4210249455045367,0.2179435507208059,-0.19369702794944377,0.7301715522393493,-1.430210738117728
-0.3826783398495639,-1.2402183189108313,1.2834584793008894,-1.0820098267944485,0.39528146646396006
1.2367865078809661,1.03491028469804,0.0864640967033527,0.9352476999578742,-1.448349421991306
-1.4131179855026894,-1.5974341475627312,1.8588885801166366,-0.9068561009355349,1.1986673057634818
1.1988733207242026,-0.13293623009184305,-0.34378439896378826,1.293348767147477,-1.5143301283384947
-0.4849721501602125,1.3371436596653372,1.1709596517447391,-0.7128043124868073,1.0231402434784846
1.119418402027815,-0.39190678670114143,-0.15832010955638665,0.37731517127152187,-1.4690966341610103
-0.3376132853371279,0.2814480180802865,1.4472810864743866,-1.1328357109638154,0.05214704893735862
1.1540288060358563,-0.5570237347604936,-0.6507972404623547,1.4710733129349107,-1.4776128067467547
-1.2749192289876539,1.3347502430587757,1.4080434745320487,-1.2039708056089942,1.048051419786046
0.8294016248729725,-0.7021726128556113,-0.8397975187123486,0.9102405363042758,-1.0816898441198477
-0.2475177186943424,-0.017435746881259352,1.4080434745320487,-1.1870242169213068,0.09225115458697587
1.1653964382698572,-0.22900086922351928,-0.1975571538331535,0.32312666531403067,-1.428992528511393
-1.2415895502231231,-0.21777826247920531,1.0748657915287843,-0.8676114535407307,0.6682093618036492
0.6518792891695226,0.3237034469619496,-1.0957193234777325,0.5130747524189153,-0.4865382470525443
1.4210249455045367,-1.1579862198729591,1.9057766209611446,-1.0500483683186341,-1.0089549319287932
-0.6569910872654057,0.5923159314336885,-0.16803229981291454,0.8412186930146698,0.5419544409076023
0.8989556340208736,-0.23693092825640047,1.5454236517365634,0.3776510063151437,-0.3717178233885883
0.8677564230991792,0.22338953342718001,0.9031832868573685,-0.22640945336278903,-0.9802154041961131
-0.46203653987610943,0.6241849561644176,-1.188199992333421,1.2886177109924177,1.4740612015645604
1.1636783533270068,-1.0119728746835375,1.1861447057725678,-1.32124397570653,-0.6580557055339087
-0.9929545468077814,1.0513100947437128,-0.4616800231047072,1.297326463610088,1.1264836804803715
1.0784123431211619,-0.9123453085580024,-0.21944179693150295,-1.3475789958839557,-1.3153273870701336
-0.6972101112817519,0.9342673297091153,1.7519256272101826,1.4584354504825612,0.9758796270024233
0.40656301154078905,-0.6103129848519959,-1.0571055759980705,-1.4567921249345686,-1.197270236955438
1.3044683199197844,0.9217365565352343,0.5451838590907082,1.3365695092479277,1.1342915166195187
-0.7550244933116447,-1.0679771167411727,0.04103665937337186,-1.1242225298450452,-1.041766453007859
0.14787404925325504,1.2751942731491572,0.8774078639344679,1.5423573709778164,-0.29272513249126
-1.410988049081116,-1.4690615839972954,1.6716764484157138,0.4745311406557095,-0.1564782036188356
1.1468960698456476,1.0635550231535302,-0.7413137864419203,-1.1005699186646876,1.0224297556683437
-1.5851475510331399,0.02233027274919407,-1.096420958123654,-0.7777208526756061,1.4932018830083817
-0.46747404223777084,-1.254226845519824,0.5653638024789428,0.8940088651418818,-0.5716478023440668
-0.561180084940479,-0.6244068382562313,-0.7191169272794472,-0.3141120542139833,0.6453473592709827
0.34067155773657165,-1.0590140701933832,-1.188199992333421,-1.2202024767713882,1.4932018830083817
-0.8617976534470044,0.5334751067266992,-0.8043462361294729,0.331168019196364,-0.2506847996527657
1.3117222201579273,-1.330791645476161,0.5044884819616987,-1.3293291109459013,1.215982555240901
-0.6494619108130973,0.517995226192238,-0.8542991033925321,1.3904072304301252,1.060417457432341
-0.6494619108130973,-1.2920591466530864,-1.188199992333421,-0.42177414860367224,1.4932018830083817
1.1177619619514567,0.517995226192238,-0.898263666545701,-1.4673129985984275,0.073070135076719
-0.9865588919091696,-1.3665798365708874,-1.188199992333421,0.6468983433148424,1.4932018830083817
0.7462729909863814,0.4434745362744371,-0.9183794637243976,-1.1652830357189554,-0.11632515444861068
-0.6415416083113185,-1.3467397567995174,-0.09765368996931958,1.183563276941439,1.0363872644957186
0.8615446399575197,0.1616390650024098,-1.188199992333421,-0.3265876052938984,1.4932018830083817
-0.3249829961825535,-1.3467397567995174,-0.8643513253261691,-1.4673129985984275,-0.028041800089987072
1.0024881872952667,0.1616390650024098,-1.188199992333421,0.04283788363690969,1.4932018830083817
-0.8012156294800972,-1.6484158411353849,-0.831491436075519,-1.4673129985984275,-0.028041800089987072
-0.3139299653361701,-1.04506420575612,-1.188199992333421,-0.8632525389204949,0.5804557807175379
0.10284885133553413,0.7335077793994198,0.49132545269824857,1.4186931905906897,0.7810957096422713
-0.8293724536718744,-0.269111929082236,-0.6993831690301237,0.15725458714720136,0.6116392574352895
0.8739586406581071,-1.312714630611496,-0.5987428752549582,-0.4861615750750954,1.395662287005154
1.1860724453442475,0.19566419119043113,-1.188199992333421,-1.4673129985984275,0.5847859376891071
-0.6170962302194086,-1.4674185098964005,1.517827157661466,0.998981075668667,1.3486060500656964
0.38649495039111964,1.203943732659038,0.34158435768229567,-0.60410481350291,-0.5439489967254081
1.1868754228724407,0.3459428095570543,-0.011377605806123306,0.2808066445467915,0.5729093352488893
-0.9698451617707206,0.6160330474639049,-0.6587246901632379,-1.3755002893755313,0.08890417075464749
1.0094715941106098,-1.3299597092225433,1.8211586879312296,1.5119592272996567,-0.10813598912143202
-1.2900578265029632,0.49040907329022926,-0.5776552346184806,-0.3311414003448526,1.2431999932667697
0.2771390829182232,-1.182682460878587,1.6149121619646205,0.32006197032136124,-0.5360217599096138
1.3161930672424327,-1.6796139839385171,-0.884545460353682,-0.9549979743508691,1.4845598556553607
0.6949329142020045,-1.6796139839385171,0.7464792059458886,-0.0313373457274776,-0.8013838475087655
-0.6312097161186465,0.9999454971774069,0.2768483436157708,-0.8797917474201323,1.4932018830083817
0.2706419265584038,0.0949183107547446,0.7912498542100674,0.026299209056260514,0.6505617266588059
1.4210249455045367,-1.434587958841779,-0.7258505762842361,-0.6177779448735145,0.3476518911402407
-1.310887945743585,0.490013903569761,0.41773669404989233,1.5209429481962862,1.2793896929495403
0.4928153396105161,-1.320041002568034,0.41773669404989233,-0.2912378969185232,-0.12712661295811578
0.7283555916875372,0.5136115620866374,-0.9600421429866192,1.2469346555781846,0.3725065941547932
-1.1021621477483374,-1.6207560938724792,0.6258201858046905,-0.7405414039274298,1.0089482360249011
1.1419108069786863,0.3690930356913759,-0.8777675334343448,1.5529887658722468,0.7574656703246836
-0.34979027215447633,-0.9111080700269812,-0.1990381933082415,-0.6245362914270353,0.8145004692183738
0.8905618351738799,-1.656599214091643,1.6250336390979359,1.4047392178322549,1.3691090824732481
-1.570187511062154,1.0248747869925419,-1.187576695536316,-0.39378825091451586,-1.549285483188356
0.7044830857169984,-1.1454058504993436,1.4256950354664537,0.07882829479820894,1.0411525347438997
-1.5851475510331399,-0.7352335462573886,-0.8674632679871244,-1.4386175225738604,0.3670781660944219
1.3506451077141395,-0.3795962633174814,1.8054440019255333,0.5641238147253795,0.5476006945267222
-1.0270213068639094,-1.3982083463975254,-0.9827402508484032,-1.1990971930840661,1.4564270124418617
0.7766819784901916,-0.4395879331753085,0.9439802761236109,0.6130836520307432,-0.2999289733156545
-0.9058333449732657,-1.1869157365075724,-0.14798462250275385,-0.2249566597957066,0.5766376482692493
0.8978704718020979,-1.6796139839385171,-0.17681351853278293,0.2416458224331458,1.4932018830083817
-1.5803668853523827,0.953138950354479,1.7476386168169806,-0.6635033009479391,-0.9751510944154278
0.5239539685082434,-1.158591506826713,-0.5002023764274166,0.6593359861465903,1.154590169490466
0.4650613327359924,-0.965965733273541,0.6931907357868474,-1.083197796543349,0.7853570229804583
-0.11200795376941691,-1.5693168353603355,0.6033752567876318,-0.4791373368654163,1.3938546037879829
0.9944764803362747,1.0629449365675439,-1.12314551788149,1.5529887658722468,-1.279025278642231
-1.5838657629471031,-1.6144579097986174,1.7410854854638123,-1.0195007273237586,0.9021948878070472
1.0595638937697733,0.6196967667346442,-0.2506174224325989,0.6708654327792911,1.4498852537478866
0.758946856684511,0.31802121569124703,-0.5717373210394109,0.36883546989981875,1.363173470457568
-0.7221459911992886,-1.5909333123501677,1.4738892747901402,-1.0471187548299972,-1.2131074996786813
-0.12091138560750064,-0.9875816769709026,0.8316494775765163,-0.4430582951520645,-0.6046099188711564
0.7614174341355826,-0.08255449054824017,-0.1317113535750619,0.4630326613243285,-0.3003608595469512
-1.4758719281709365,1.305082649645312,1.1468037786962835,0.679070165872035,1.315022189474623
-1.12331483969552,-0.7515122989123109,-0.2270394329355575,1.4341864517923062,-0.9409879791903486
0.9338014576483655,-0.5664854097679836,1.3429623197982743,-1.2605865072871603,1.0187977161665418
-0.9570060240598391,1.2421962682588719,-0.8552090713030596,1.2644989885353002,-1.2531013479467097
0.7525953097507174,-1.6748404830371506,0.42199986248910687,-0.359129433709962,0.07287543667605995
0.4519782726654547,-1.373164398701283,0.10087996388229489,-0.05709947083048983,-0.2313736226481455
-0.4776757362210403,0.8037061338457009,1.7665980792272775,1.5529887658722468,1.4932018830083817
0.7933319380770967,-0.5340628274531167,-0.6447760117493386,-1.4273678494910131,-1.4630125780608498
-0.8160412198715775,1.0024402393533194,0.3574801290051839,1.528701858933825,1.077967205535969
1.4210249455045367,-1.664825783737993,0.4238402342707227,0.22707090189135337,-1.1436706277993474
-1.5453425041805675,0.5247376428938328,-0.19309189645061509,0.6481946986183618,1.4153902906962685
1.1731796340858163,-0.9647396938843954,1.4517656444863436,0.5257734816359272,-0.8186732806236664
-0.3480270164042816,1.2726845987840774,-0.6577908802987228,1.0730911669164853,1.0994517975601037
1.3657555399025174,-0.8639980797884711,1.1187094419153014,0.012756887837782378,-0.9369278183434503
0.7645209343107294,-0.26064644440920615,0.4764690770361064,0.6168173475157148,-0.32843023753592565
0.19084052119862677,-0.26064644440920615,-0.16577128784308864,1.2208778071936472,-0.25265921354453447
1.152199654049066,1.1397294530216315,1.1839126447468697,-1.2330896793912594,0.4040267592670552
-1.076213910325038,-0.8268361272903351,-0.8722186024765121,1.330096275434143,-0.8425421212945491
1.0281069435355883,1.2306995491848403,1.375622390767885,-0.7841150664791267,1.224671374750987
-0.3455782272249876,-1.2610876531498183,0.14881818603340038,1.2745142409172672,-0.34420618639818773
1.4210249455045367,0.5489667196955063,0.5099937026705542,-0.5376671381165302,-0.8204669799778068
-1.403541774345815,-0.16461860245797824,-1.01451703418933,1.2232185080382225,0.9457562346705818
1.3505893084815386,1.3371436596653372,1.4837184041543217,0.03246704120875487,-1.0237665320828173
-1.0020694843084865,-1.386861482507639,-0.57702909949352,0.5555784413181194,1.1840912799174377
0.37354261995124743,0.6230341110135797,1.2865851812666942,1.1433570414487606,-1.3483190848459423
-0.13153768517980124,-0.4247661355491576,-1.1813318065882734,1.349637176485834,0.9562145506949472
1.4210249455045367,0.6255699167097029,1.8436484625284077,-0.946189378882392,-1.1440702435774963
-0.3886541719505102,-0.9182803204596118,-1.0205479132170552,1.3770213474752104,1.4044968613952917
0.5131974707265403,-0.013252600744479301,-0.19961891518751126,0.5268712190758102,0.5946714531700965
-1.2518316322223706,-0.6390089193846319,1.3941969759209536,1.4229111505980219,0.31826587866282985
0.8800009004169118,0.21676870740880605,-0.8259436404488286,-1.4320604634789176,-0.6611568960814268
-0.8305282949186115,-1.4040025690869844,2.023001264396983,1.4550082244968567,1.3068916488039963
-0.529910726412086,-1.4354977557960555,1.701881365790171,1.1529777276983963,1.002643127320677
1.0757802136061787,-0.8080722317239651,-1.132947966963828,-0.9268139927170647,-0.8729021636161421
-1.3474778939558083,0.07213125679267508,1.856362468325091,0.5809326523140932,0.9775152011361387
1.2262957207306964,-0.6008571760616789,-1.1538556576142565,1.2727352228483524,-0.9810501332508733
-1.2697495629424778,1.212137771464702,1.724450613567308,-1.4673129985984275,1.1054229070742465
0.20980056901521715,-1.3093346229349392,0.2900789250821857,1.4369382702578493,-0.09559945591433859
1.3030472994628768,0.7680917960962818,-0.692366254905339,-1.0467183155887945,-0.3126682725366942
-0.5123217454536939,-1.3153064320169972,1.0386078561693275,1.107634123700585,1.3398591437399445
1.291381539900407,0.4947479408283275,-0.25496347004519915,-0.6084701351510049,-0.4856335986826301
-0.21170470836843158,-0.28390759537734384,1.3225746108110046,0.9016807470843323,-0.6052117628223658
0.7409725953105397,0.7997640359054816,0.15324200382924594,-0.3610483385538041,1.3974204888608317
-0.3185899983902562,-1.6796139839385171,2.023001264396983,1.2877452873655844,-1.3718356397366265
0.11971031658506029,0.187652005117129,-0.5877097272144021,0.015546080632504487,0.022750279642232005
0.8363015985500457,-0.5078483027846364,-1.1039623952361661,0.8230675830894453,-0.9246112620586487
-0.7421577216950941,-1.1856715651744376,1.70619675946193,-0.9917561610173004,1.2460876609826252
1.1986650035891582,-1.6796139839385171,0.11451245257307259,-0.9698911106096704,0.8684373046098605
-0.749046004104384,0.5602351895922633,-0.6078209830685296,1.1560813987772094,1.4932018830083817
1.370945931376945,-1.2590451429886926,-1.1678105803494379,-1.2009733844088468,0.2857749107517003
-1.3255812122406114,-0.44029081265112135,-0.8147242981009407,0.051203860264111306,0.42040939264849875
1.233471502043198,-0.28551173912790906,-0.4577370180476119,-1.1940158860727013,1.2817352170525107
1.0957382705544343,-1.1577281063173497,0.2168426867535035,-0.04144923744632186,-1.4212766631637177
1.1691966317206235,-1.307685149324401,0.3378695541847962,-0.3394352979086375,0.7554191857542175
0.4659589032489759,0.8747044269973835,-0.7637360088361335,-1.33840573374649,0.08294596942176398
0.8146339593991445,-1.6497666709625731,-0.9525886940376325,0.455825822820661,1.4932018830083817
1.0911260654140065,0.37905280586609613,-1.188199992333421,-1.0115688268340208,-0.6779348425139329
1.3917431024992688,0.07737725482269867,-1.188199992333421,-1.313599323632481,-0.3736863210306134
0.9719638813774141,-1.4310015669792284,-1.188199992333421,-0.19795744439687302,1.1475578999086415
1.2901167572947818,1.033820768181283,1.378637830281748,-0.46916800151644034,-0.5212354382772222
0.8664842005958743,-1.4789178954327835,0.5633372363899953,-0.7332325868970029,0.6558965704050481
0.35388162748893454,1.3036795571560376,-0.27975342553661126,-0.06189780077807174,1.464828624918931
0.15157592977039075,-1.6796139839385171,-0.2053665290952409,-0.8840075717515117,-0.8328534555777624
0.59326990093038,0.059789802445739566,-0.5353618789067295,-1.003513057139004,1.068383418791913
0.19759116550083408,-1.1059918038992669,0.23901400096527547,-0.49614158880383685,-1.5448208659953366
1.1075841819250163,-0.28398012315330023,-0.3558762432945089,0.08048985068970486,1.0220796212516885
0.9709191071746164,-1.6796139839385171,-1.105060260450739,-0.8394333450157971,-1.549285483188356
1.4210249455045367,-0.7745867975158547,-1.188199992333421,-1.4673129985984275,-0.6365393808975117
1.4210249455045367,-1.076262348559252,-1.188199992333421,-1.3383843769869592,-0.3322903215733064
-0.36423483350048075,-1.3305841947052268,1.4875194928186333,1.1835579377515564,1.0474963679919012
1.3915613564273686,0.8471380059167745,-1.188199992333421,-1.3201793412439196,0.22334556777344422
-0.8251986710733122,-1.4074113745569357,1.2533239524572526,1.3563933873634015,-0.246749417891373
0.9785051457020516,0.3979606903994383,-0.6733971421803326,-0.455787991670396,1.4932018830083817
0.7716425106544179,-0.9445956374049727,-1.1139555799504053,-1.3097732601625387,-1.549285483188356
0.9173518438775616,-1.355238838898174,-0.4370739912583424,0.6071090985520027,0.30968624085256113
0.6530872097000205,1.265177973972589,-0.7414960070902543,-1.021738915722586,1.1014520278143909
1.2543218152918085,0.6618263385933242,-1.188199992333421,-1.4382699413124969,0.49295444700686625
-0.11004913499448683,-0.18792721645596966,0.8316386919306649,1.2386172655789158,1.4932018830083817
1.4210249455045367,-1.6796139839385171,-1.0950824027069204,-0.5735635795358938,-0.3322903215733064
-1.4795238550893628,0.5988082339667278,-0.8509555531785541,-0.39958981464105686,0.33090137459291025
-0.8782892494975748,-0.004543401412537034,-1.188199992333421,-1.0036502743189895,0.9393989554004352
0.04457266422820952,-0.4304019703749468,0.8319605583094977,-0.5662857298067865,-0.9638612763816168
-1.040011899634708,-0.45866060508196327,-0.8749445325490965,-1.155075572501211,-0.282779916671947
1.2294911567843196,-1.3325776419590876,-0.23342794127309696,1.386265086919127,0.6810201938625002
1.4210249455045367,-0.18211539511499186,-1.188199992333421,-0.42591575819568206,1.3634165745379494
-0.8967502927483325,-1.410222359167717,0.9083984304593745,-0.9778080613677368,-1.061965067474048
1.3173159603708717,1.2881292820155013,-0.2204743806053952,-1.4673129985984275,0.5173697340177207
1.112895206026115,-1.618468802467501,-0.785951600962454,0.948723815221807,0.682590689249034
0.16234943303250587,0.3427345220559236,0.2794692555576952,-1.4389480184275996,1.091959674020921
0.921215276458609,-0.07152226921581188,0.03959535648826327,0.12658307694704735,-1.4743803830231015
1.4210249455045367,-1.2782255399743419,-1.188199992333421,-1.0815378424088178,-0.2573852214080521
-1.5851475510331399,0.7932344028995236,1.7011093406134294,0.939549485246365,1.3929838393938743
0.5191733028274866,-1.3184960542816684,-0.546731652630968,-1.1746618566669047,-0.7367574245120195
1.3225727795031585,0.7280644631553973,0.2070884892447116,1.4735378829847645,1.0758395069917475
-0.5320597939991226,-1.481622221549511,1.5052789102115538,-1.1368096699935086,0.8823630808249734
1.0555107437978821,0.38851608075099686,0.30647594510438503,1.4186200436892968,1.1626152933474758
0.8050380856555441,-1.1943178359948883,-0.7628566948664472,-1.2419981177105428,-0.7695598022960268
1.162969968783604,0.5873285802517447,1.317089258397139,1.397883164103881,1.0670651707808194
1.4000290228299008,-1.1648299621439049,-0.6185504300285292,-1.4035785550496584,1.2913851582255196
-0.5261588922962408,1.3371436596653372,0.21301207947949272,1.160056425644879,-1.1783376999344204
-0.22554185521097822,1.03546810862194,-0.10810781912731926,0.8580259288464187,-0.8740886406102153
1.2858621986642642,0.5887898016202783,-1.1633271576686235,-1.099283173902957,-0.1946686713967792
1.1607783874955382,-0.7237570922972273,1.8216054407357118,0.8524683660975169,0.6430066757359846
0.8998250392069249,0.005255847728632269,-0.01598194125358945,-0.6831355021466241,1.1705220922096098
1.4210249455045367,1.3371436596653372,-1.188199992333421,1.1290458768871734,-0.6549706502129645
-0.7834369311308612,-1.5840831705695784,1.581603816912775,0.24900803136239974,1.316607744405959
0.7196498485592401,-0.07570381547518122,-0.023996811452427297,1.5529887658722468,-0.2046359386924099
0.3989790986984054,0.12747314960223796,0.4436801459818483,-1.4297192287153537,-0.40800218306725955
0.8888363103333486,1.3371436596653372,-0.4638700768781413,1.5021105576420295,0.9888071705334927
1.4210249455045367,0.4689125871062074,-0.32094891603378967,0.5960201350846248,0.14085691111842094
-0.819326997539888,1.2015956459124495,1.0214530026096644,0.8718512271286798,-0.7460443230871143
-0.5187094290333626,1.3371436596653372,0.7003331040028525,1.1738817239271402,-0.5064297543729418
0.9843768192354757,0.1304409221992777,-0.9052680920279208,0.5124879754508068,1.014813928725427
1.1806328172975347,1.3123519593075315,0.9976740595004415,0.8302498613196522,-1.0974464307102212
-1.226316503128308,-1.4564737485290962,-0.4714614685609133,1.1358987271016179,1.4932018830083817
0.8560858807453438,0.7596359106877167,1.4936394953410266,-0.8154352882500286,-1.0388083281359635
0.7771698232095042,0.6003665145648502,-0.5697703598354323,1.3707520707149448,1.4630187903382166
0.6985263847815153,-0.41283318323444695,1.5654423781025961,0.5733360529489887,-0.857016495213177
1.3589831073285326,0.2461957859181792,-0.6844433465290248,1.2817189437449819,1.40323723804075
-0.2645933467128044,-0.24591690638041164,0.9221387756086676,-0.6989800820425225,-1.3227291533405023
0.9378758644707715,0.9607858310856482,-0.3623413864841514,0.5091408373133427,-0.10573399172545286
0.7185317382221666,0.11040512409131929,0.39733592875448664,0.8832584063130668,-1.4279738578736894
1.3392179562986972,1.066471066380954,-0.8324303549301743,0.7550505753357631,-0.3393500210403067
1.048912617398118,1.0778083310063755,-0.5113098886577913,1.057080538215235,-0.49846594437691316
0.7861582824496468,1.173772711153642,1.3320972007667737,-0.487361291041738,1.4932018830083817
0.570113219400924,-0.16322510923316866,-1.188199992333421,1.2071032312152716,-0.6765278507566821
1.4156294254226425,1.3371436596653372,0.7530510702629042,-0.5290667710534784,1.0199766633882137
-1.083563466390497,-1.0609915186731358,-0.1965472767821064,1.4884411637043429,-0.8410560669270858
0.5772092875239949,0.9500015907518943,1.8960451300751977,-0.784435951791077,0.19460442651810642
0.4543197147496495,0.5897667934258087,-0.23920223546266978,0.8121297186957475,-1.401814890711074
-0.13660106697240396,1.2117047379788446,1.8435729630074473,-0.4411922482880611,0.504083450615823
0.20307118156352494,-1.4068167534525873,-0.8139982538354605,0.8880092174706928,-0.7524806649674733
0.334596881280732,1.1783734252946412,1.4127477191200344,1.5529887658722468,0.7761292869028016
0.6352144497872574,1.1656730651152156,1.0916278205132224,1.5529887658722468,0.471880765419482
0.9358314868725198,1.1991217021428775,0.7705079219064105,1.250958802992775,0.6774381735630776
0.7086520855241949,-0.3386697992717254,-0.4275900025614103,-1.4673129985984275,-0.9263371934611785
1.4210249455045367,1.3371436596653372,1.4961122465688856,0.6468983433148424,0.901957162135524
1.1204079084192744,1.03546810862194,1.1749923479620734,0.9489283061943145,0.5977086406522043
1.1333076281541228,0.4877260788723123,-0.7975177869743046,-0.05329583195805487,-1.549285483188356
-1.5399953434335933,0.27739606189119215,0.9095229759557906,-0.015932181158925623,0.7835751561258056
0.2010905745168173,1.1898829433879596,-1.1077447509366305,1.1093896493340163,-1.5403218269856265
1.3975589768000918,-0.8146957242046903,1.6158215622095766,-1.1161454033904976,0.9611825869570744
-0.43300233917933784,0.5047183768524528,-1.0699274382532693,1.3110460459326723,-1.549285483188356
0.5565550687213826,0.9579455153890022,1.4088620482856236,-1.4673129985984275,1.2502602305746555
1.4210249455045367,1.3371436596653372,0.4455012171340452,-0.5612225760410228,0.33751412828381155
-1.2791158627005192,-1.3779384328951196,-1.188199992333421,1.5529887658722468,-1.549285483188356
-0.6778812571087313,-0.7745867975158547,-0.545959627454226,0.9489283061943145,-1.2612630833887124
0.8252049911601071,0.7337920242860724,-0.7998463511470955,-0.5612225760410228,-1.549285483188356
0.8496025413383591,0.7399030227028704,1.4343014131904128,1.148740546607486,0.4109891095337257
1.344141042877903,1.3172886477047998,-1.188199992333421,-0.43336232632508265,-0.686221357041441
-1.2807499830838371,0.49652647121667015,1.2559357817500392,1.4724171870283858,-0.872846228164019
-1.5561399213995113,1.1002130142672637,0.9939127074261092,-1.1611259424762856,-1.0754503520036913
-1.2555223528929862,0.7985369299313957,0.6727928088192973,-1.3746289335866748,-0.7712018305203717
1.4139751110313352,-1.321873928788344,-0.3159069104309795,0.5407456379049926,0.7883780752359926
-0.6008304882055568,-1.4090715140168792,-1.1734486348019386,-8.332991112102174e-05,0.9350263089988877
-0.30021345112029435,-1.5549632685230796,-1.188199992333421,-0.30211329279059335,1.2392748304822074
0.7541879792755315,1.3118362654887823,0.6553637727887767,-0.2789673707301038,-1.2268009286311288
1.3764020334828069,-1.0772132090337394,-0.3137617022376649,-1.3428255151313886,0.8986661137553187
-0.4423521648782305,-1.2890247124972631,-0.3179964873983229,0.43492823361977623,1.310827568406275
0.8442978942924146,0.8749241434951338,-0.4038133301144719,-1.4673129985984275,-1.2337880195785462
1.4210249455045367,0.2715725081158687,-1.0456154571727516,-0.8632525389204949,-0.6252904387710215
-1.253660784209161,-1.0893141484765843,0.5587499309096632,0.3133724993173273,1.1303841025841872
-0.9530432157026354,-1.3909896995199817,0.2376300323028512,0.011342002518866847,1.2914981048115377
0.21720486147075158,1.0001417488064657,-0.7703090084842914,-1.19303187337732,-1.2731676535549918
-0.02253521284671218,-0.9774523197906374,-0.793068424227758,1.2012466738329388,1.4796439899591556
1.0260960454768973,-1.2474993610073968,0.41220536072476477,-0.8555331381880884,-0.8534221045733811
1.3845423443874127,1.2304089047885445,-0.5616289002142317,0.4495773689009381,0.3438316073284089
-1.110806246010142,-1.6742565277822075,-0.0016614418905975153,-1.277968773869276,0.9347175883304388
0.9935146078504844,0.43747392939898466,-1.188199992333421,0.836242568043994,1.4932018830083817
1.4210249455045367,-1.37258097673881,-1.188199992333421,-0.9759388109898038,-0.3322903215733064
-0.7016177192359758,0.5048357011959117,-0.4249117563968011,1.0970555867859926,1.0329682099846933
1.1020860975393878,-1.305218671649413,-1.188199992333421,-0.7151252583288167,1.4932018830083817
1.4210249455045367,-0.7018670362701479,-1.188199992333421,-0.11106533256987236,0.8976592756171026
0.819790339912749,-0.28506537333029486,-1.188199992333421,-0.6256457750846601,1.4932018830083817
1.2501942663431158,-1.2861156020719526,-0.00362499710114926,0.47205749398305497,-1.1329138100833633
-1.3394938209024854,0.8400441494772732,-0.455271646472178,-1.2048720608611936,1.4611229012157747
0.46420946445161565,-0.9700102233680513,-1.188199992333421,0.607309318172604,0.14789133206378874
1.1129095544002123,0.0477304598155755,-0.36545105848282233,-0.355202993470225,0.9011186681945629
1.1151346152278392,-1.251874492433473,-1.065886227052368,1.1921417533259717,1.3826357807510978
1.4210249455045367,-0.648522857054208,-1.188199992333421,0.5880812936480393,0.9625599974656062
1.4210249455045367,-0.46361222566839916,-1.188199992333421,0.28605133076856704,1.2668090567898111
0.40391281370286836,0.13973940971086582,-1.188199992333421,-0.31800912890936545,1.4932018830083817
0.9908064850949109,-1.5188673676730091,-0.4869979075772738,1.1028090978035894,-0.8745441918404872
0.8987696365788699,1.0720930356025165,-0.48081830016991145,-1.3739631366083023,1.1959786391753715
1.4210249455045367,-1.341312972622073,-1.188199992333421,1.0422781681844397,1.4932018830083817
-0.7596903719996223,1.3348808997139918,-1.1324733985463602,-1.441856809075694,-1.3709492779568293
0.3618401923216397,-1.1436267868185304,-0.566781600603413,-0.1955825727370483,0.8695323486533476
0.5389395166998472,1.2213642644928038,-1.0490475632158265,1.3979733964128984,1.0633933310534682
1.1232361323802558,-1.6568290631463287,-0.6469183816147975,-1.4673129985984275,0.722400595934119
1.0456720105371513,1.2017167033032001,-0.36337737615147053,1.1846743623560287,1.3076661396795473
0.5929053459440529,-0.6270226378228945,-0.6891822187168497,-1.4673129985984275,-1.549285483188356
-0.8421807689495094,1.0313180266183166,-0.417506559021361,1.2519492227160156,-1.0182950767515822
0.04094039989650922,-1.65860492707232,0.21183928240953026,-0.9572884868105471,1.0642242952220278
1.369309153887313,-0.36504217851140486,-1.188199992333421,1.056210250264355,1.4529719225914879
-1.5174428878800181,0.15769536718478017,0.5674181841808759,-0.8709516507313473,-1.212175959264477
0.25609852085750606,-1.2080111867539527,-1.188199992333421,1.3500445566738843,0.5649853254784097
1.1579506949558196,-0.3029834670388203,-0.22483972884741402,0.4439541341164792,1.4777319656101393
1.4210249455045367,-0.8445766346062611,-1.188199992333421,-0.7641667852393859,0.5186266681678334
-1.0935063582187499,0.9425328297057947,0.7985540071138457,1.487094620015926,1.0681763500508803
-0.7928893211334874,0.6408567453699271,0.4774335408414626,1.185064657136454,1.3724248715342
0.6673468364465472,-1.2192476591024937,-0.9910417921606636,-1.1712586570356724,-0.23441242365291096
0.7427294740055801,-0.7961296801447897,1.7672662216045019,1.4595283826515497,1.3137781635057693
0.9136042611318194,0.5398714166150904,-1.0858521605202853,-1.4503589350449042,-0.7908421661471011
0.9989919668068606,-0.8915671673314313,1.7676522341928729,1.4495125963505944,1.3619471932379454
-0.9935332645630442,0.2929975331088744,-0.7229832974844393,-0.7673355944347678,-0.47376990442367134
-0.39229919039251915,0.2929975331088744,-0.728905184722507,-0.16327513475683525,0.1347276763838534
0.03403989479817339,-1.6796139839385171,-0.024586048315264036,1.5417994256350742,0.9719200424011696
-0.2232402697214985,0.42495115561215785,-0.06369593550409691,-1.07415214104408,1.270131299941393
-0.515950289836554,-0.8214466735858094,-0.1670394527290015,0.4791890499093765,-0.39025182031322864
0.18076477405465685,0.7326619775415752,-0.1329988190903933,-0.6780787554087198,1.3455053973590638
0.5117801702184723,0.8061694117658673,-0.6224474541743625,0.39915672924366796,-0.07006976258810788
0.5068549579542155,0.7890123264124141,1.624504574785639,1.3604356880235935,-1.301055779165452
0.8720901634978645,1.2661490995609463,-0.98385514603011,-1.0079937052885652,0.932081630149137
1.1727072005831272,1.3371436596653372,-0.7553918926060381,-0.7059637424090932,0.6278331086658174
-1.096106602457961,-1.491067897782893,1.9257459604224885,0.5578540040461257,-0.5016042459455514
0.3741803254666886,1.234973355041566,-1.0239238203685879,1.23639082339783,1.0827652840781836
1.2006466734783914,0.5627453972498135,1.5678458741307766,-1.4453283503374252,-0.773360185995084
0.787823225266211,1.1660970326290787,0.9256055092515817,-0.8412678906594925,-0.16486260518755927
0.8958988989168593,1.3371436596653372,0.6044850429791986,-0.5392379277800203,0.13938591629576036
0.6376318851120419,-1.4150203915227157,-1.149929682524295,1.118781284337684,-1.3085834002030976
1.1211678408251753,-0.2697625458959627,1.842667536421489,-1.0137322665744903,0.6669002570876139
-1.3793551984089216,0.6003158517801748,-1.0343535399070287,0.2996694684833799,-0.8656768091563158
1.36924750902082,1.2559205499812114,1.8675381004240017,-0.24684146520590244,0.19892544019461725
-1.3352259767403956,0.7800727447333164,0.13583340375928635,1.368192463085179,-0.8733851447315899
0.9079127394065072,0.4991476037080362,-1.0024842270780072,-1.0405472799223707,0.9741165845787734
1.1240880006646325,0.7827562724437036,1.0851201024057449,0.12237793099543343,-1.140359141465482
-1.119006076096189,-0.6167860888561055,-1.188199992333421,0.2644441632322715,0.6061193964243323
1.299191838200772,1.035860611880057,1.6489442806196617,1.3902038072955945,-1.3177492845788876
-0.1233782431097321,1.3371436596653372,-0.04236703699988749,-0.421977571738203,0.507742920002801
1.048017703991449,-1.6415912973933688,-1.0449348261529625,0.9180426944798642,-1.1363839594785399
-1.2706737045186045,1.0102540406276819,0.9350412463749673,0.9015360550385114,0.8314446084845917
-0.9700561360120791,1.3119295916710794,0.6139207801025841,0.9740369144556841,1.0317171920843244
0.805135335746649,-0.644624489096551,-1.0951533609033122,-0.9454344174329782,-1.319847939715276
1.4210249455045367,1.0005257193850583,2.003706311634146,1.0878134490990403,1.4932018830083817
1.1204079084192744,1.3022012704284556,1.682585845361763,0.7857829523005798,1.4932018830083817
-0.9818255227208079,-0.975674855987235,-0.7360537972597946,1.0260726590524711,-1.3878858874506461
1.1177385794158905,0.35458854708503457,0.2650465763918995,-0.023709245142065235,1.4932018830083817
-1.0606103192047194,0.7221054530926255,0.6116302495230593,0.516442179477934,-1.505640233146637
-0.7599932821194568,1.0237810041360231,0.29050978325067617,0.818472142357406,-1.2013911738224317
0.6408841832407918,1.26994080902455,-1.0845720746573786,1.240141070371438,0.8986763327321488
1.1936930262537688,0.6581519534731798,1.5845783845055161,-1.153283740376577,-1.1491673616522153
-0.162836271877652,0.9208758224882225,-1.0512205870221267,-0.13057740199619683,1.2817196196668221
1.4210249455045367,1.3371436596653372,0.8755005076154586,1.5529887658722468,-0.5437731227557518
-1.2139147251167666,-1.4126781709932996,-1.1032641665836715,-1.4673129985984275,-0.7318195073394972
0.30881923008281287,0.5219309246228139,1.2805923358322349,0.7935867122331333,1.4667040760877128
0.1707310091904538,1.0800342937772733,-0.359615456411567,1.0531071131045304,-1.2981223949743033
-0.9214061136603382,0.7029879846184683,-1.0371305598810152,-1.114593300891597,1.3367531126244536
-0.6207890765750755,1.004664068954336,-0.8375512660473722,-0.8125628040931365,1.0325040533002485
0.7849785272460805,0.5945722918753914,1.8179008552184928,0.8462925251601987,-0.5820114583725317
1.4210249455045367,0.9970678510078422,-0.18962062148313213,0.7760335915747709,1.4932018830083817
0.5191733028274866,1.3371436596653372,-1.096336375953555,1.2158477564051564,0.5804557807175379
0.6109396579207279,-1.2456813669762539,1.3346846204400016,-0.38373081893247524,-1.4906495319776414
0.49410031622413003,1.2400417666789902,-0.6228521997265809,1.330790904037882,1.1276303572488953
1.4210249455045367,1.3371436596653372,1.0375389418988823,-0.43766998472244434,-0.6978623851736789
-0.08206130276430151,0.7763919601035286,-0.5680616864663197,1.0472179866639133,-1.0542970699652088
0.2185562657422239,1.021819021137908,-0.46959271350074094,0.7451874898654528,-0.7500480106410035
0.17558766811180063,1.1142919354823315,1.3024815202551534,1.3907329210129702,0.9652018718966517
-1.4398187154342095,-0.0021830489391322463,0.14209986399903204,0.6660564244519437,-0.4720875381328914
1.4210249455045367,-1.5539505461220415,-0.7196772131981563,-0.9729408558706683,1.1425113388771877
0.5191733028274866,-1.051108009321664,-1.188199992333421,-1.4673129985984275,1.4932018830083817
0.2185562657422239,-1.269045443391153,-1.188199992333421,-1.1652830357189554,1.4657139110169568
-1.4714334977834662,-1.0473498972836874,0.09636986091963702,0.9053968232426911,0.3169427900837639
0.031652750485372,-1.6796139839385171,-1.188199992333421,-0.6047540589926462,1.4932018830083817
0.7604018881022425,0.7312503523727766,-0.22606758947777647,-0.3296896746157466,-1.4265168469140594
0.7450268081249567,-1.6752249869082139,0.4003411502880686,-0.7194046190198001,1.2591695648479195
1.2564799170403143,-1.0718733515289487,-0.24189921459112634,-1.3234650786977327,1.4932018830083817
-1.5559045017800612,-1.638808577283512,-1.1040515187308342,0.1137636820386867,-1.1667149583922998
0.7254832597617377,1.3106022267125828,-0.2750877822074627,-1.4673129985984275,-0.07715420273585498
1.326717333932263,0.7072511246257884,-0.9173281470866578,-1.0105960264373928,0.5313428402307839
-0.5468072654649617,-1.6796139839385171,-0.6212479768225568,-0.9702830071470605,-0.2434234098535907
0.9601865233497424,0.5088028638822333,-0.5596363940595521,-0.5156723453947508,1.4932018830083817
0.3845839595298477,-1.2048071655925843,0.0032562449521343893,-1.408453235412563,-1.1428810773789941
1.4210249455045367,-1.2657411632453743,-1.188199992333421,0.10169764682277459,0.3783631435602605
-1.312347759952682,0.7795005219127191,0.023980579623086428,-1.2286784407101732,1.024805398860919
0.8856360914883601,-1.2370516282223816,-0.1022228301513754,1.3731883430584206,0.3090999942870398
-0.30967328102060065,0.8992577456209795,-0.1021354096534208,-1.4506515226504761,-0.03228106195185614
0.46625543631365585,-0.47162761149652294,-1.1739606691471014,0.49533369227668245,0.6514921913912385
0.6489947345546773,-0.2183952818673051,-0.3040722186039825,-0.8686355101602323,-0.13384962403060577
1.4210249455045367,-1.6796139839385171,-1.188199992333421,-1.4673129985984275,1.4932018830083817
0.819790339912749,-1.076262348559252,-1.188199992333421,-0.8632525389204949,0.8847043022008572
-0.9771676153517732,-1.0061989171079488,-0.49943773090309934,-1.2084071384825288,1.1326301261232845
1.4210249455045367,-0.7278501120065319,-0.6473310744850118,1.233669438314618,0.09593213760938549
-1.1728039762213285,-0.7725346880902646,-0.8030519586272878,-1.230448916075276,0.6955203841436467
-0.2709523335442781,-1.677562407805397,-1.188199992333421,-0.4848385238221626,1.4932018830083817
0.0055450866832121555,0.5647553765702525,-0.7754407052473408,-1.3725637349400468,-0.7523203883835052
0.4130878018062775,-1.5642372245810356,0.734952756524017,1.0583811648706607,0.7137020952880886
1.4210249455045367,-0.055858402779108196,-0.8706478718411849,-0.4517697173646765,1.4932018830083817
-0.9011143241590014,0.17856790117858837,-0.3201388572637818,-1.1635365867083245,-0.14571331828956452
0.6072733826282042,-1.4721989435998803,-0.442822172831643,1.5529887658722468,1.159893818465332
1.3489355255114945,-0.6999983794543297,-1.0951425752574606,-0.729244745973615,1.090867319181863
-0.8477872632727628,-1.3116053822733391,-0.862777188697415,-0.7671348408951784,0.7580433114360319
0.6552995164173385,-0.223645546237091,-1.188199992333421,-1.4673129985984275,1.4932018830083817
0.6326094227566803,-1.2043949305130672,0.31840657241290365,-0.1626926291406327,-0.7942004446380313
1.237882829946262,0.16274458029327496,-0.6022186915470104,-0.23296117326784932,1.4932018830083817
1.4210249455045367,-0.44060705508599,-1.188199992333421,-0.8370216329457818,0.9548064832559247
-0.5269156361745643,-0.12461206792343414,1.4775660446943737,0.6741517041520925,1.3500861881834159
0.9761706120942741,-1.4267720243975353,-0.12803458367082832,-0.8359991780832449,0.7762008197406127
0.6606009749357057,0.5171104939840638,-1.188199992333421,0.871271925026407,1.4932018830083817
0.48151838640447636,-1.4553474348318907,0.639897724303237,-0.7706902074380677,-0.1704195772196364
0.8191924909920228,0.929354639473009,-0.3954595635696672,0.7704600112562214,1.4932018830083817
1.0097272077380492,-1.3409535334971125,-0.562660916222553,-1.437712529888743,-0.4511945710831357
0.8567320890009907,0.6175358656451195,-0.8859964135535,1.2914741775796617,1.4771527109761342
1.2331850659825125,-1.5121905459452571,-0.6597158342504374,-0.9918773606276375,-0.9457462575070141
0.17143461094249032,1.160973158574746,-0.16426981240743982,1.250058615578552,1.4671574759544415
1.0257330847543586,-1.491127626539563,-0.10596771992414503,-1.287103593839586,-1.4891091556807128
1.4210249455045367,0.3189267463057617,-1.188199992333421,0.5250772512752235,0.3363835867418617
0.5376146834915182,-1.1894520754961657,-0.04244991617327303,-0.985073630960114,1.4932018830083817
1.4210249455045367,0.3189267463057617,-1.188199992333421,0.5250772512752235,0.2643139837265406
0.0483606349899296,-1.1894520754961657,0.4174006360317809,-0.985073630960114,1.4932018830083817
1.4210249455045367,0.620602830641629,-1.188199992333421,0.6138460883459929,-0.21444185372230096
-1.130298246510863,-1.1292161576869562,-0.4471903594015174,-1.0756097398820568,1.0598919868869154
0.9436476308067766,0.7629263252292684,-0.7642156862437415,0.7362128455916236,0.043494264766621264
0.5981292169580414,-1.235050181581467,-0.00587522342512356,-1.3754458296387277,0.7545607917004822
0.7900977082712842,1.3371436596653372,-0.6959016760823602,0.9144691746913735,0.7323210710726851
1.391332313863072,0.7337920242860724,-1.188199992333421,0.31040871501344103,1.3408186518802097
-0.8080236672786939,-0.6648341405498167,0.5396513904344383,-0.45603412832398843,-0.6307339263761952
0.5445167828536428,0.7281161925250129,-1.188199992333421,0.6305609561927709,1.2611773248746077
1.1457513884454307,0.6236084670040579,-0.545959627454226,0.02650049651483843,0.6526797440670831
-1.570498923922194,0.6375828628949535,0.9590500940404993,1.4204220202747075,-1.230761588914154
0.23320436143190687,1.3371436596653372,-0.967671000597086,-0.3917588248401019,0.5947306156675343
0.8344389670236947,0.7337920242860724,-0.3254306357178908,0.21230163483783057,-0.013766427299104737
1.13505653553022,0.9562347131443832,-0.6465505343247028,0.5143315977173029,-0.10140544827654091
-1.242405813282888,-0.8009426446889559,1.5179054955102822,-1.3994123851841882,-1.2417195591214272
1.3906425290638702,1.1202440127429893,-0.884981995177884,1.3668897007538003,0.42199225837540594
-1.0508991270470767,-1.1264851669467149,1.8773751771061788,-1.0984726848787632,-0.8881897529540985
1.0506121025967685,0.9195495241146665,-1.188199992333421,0.28904127710287864,1.3673680915259159
1.2910706584616296,0.874560438030411,-0.881044099110929,0.5910712399823509,1.0631195700425964
-1.4989154169714018,-0.4439657310637362,1.2105253743871924,-1.3053294524231682,-1.0281472460976517
0.8392286668659203,1.3371436596653372,-0.8511513978005952,1.296588053649311,1.0192742431913597
0.4242550882241775,-0.9346102691916798,1.7561689273544079,-0.9251721918281347,-0.6213582840549435
0.35047999998531887,1.2687659657125505,-0.7130701536157302,0.07036514491514231,0.3354767870084041
1.4210249455045367,-0.23961338938184704,0.7080039688655831,1.4047504301310088,-0.8881806096590401
-1.3959445759718596,-0.42380887556502694,-0.8170080166936118,-0.703991445666424,0.6913860012545082
0.7083762778887667,1.3371436596653372,1.4308329765507855,1.410219896246846,-1.4383552626513856
1.2019130503478053,-1.3073689068895324,-1.1636092874574768,-1.4020120367380744,1.446210724816106
-1.438451899946114,0.6535560389644124,0.9470269372438859,1.461409379247225,-0.4073078304836928
1.1722820635728328,0.8964019644426962,-0.8194183247086457,-0.48153303136578346,1.0299589902286468
-1.0668045654447043,0.5548468024726781,0.10894478865139255,1.5368985832417446,0.301342715191158
1.1728225189971695,1.0804513284890227,-1.096577633821287,-0.8472627330597873,-1.25103227405904
0.9507516702487906,0.16737729198249063,1.2895183092727425,0.5118857148320384,0.8708226289383801
0.7926591587583063,0.9217178912987751,-0.15293863994203838,-0.509748514219896,-0.8207783898506845
1.3938937643500944,0.31836625591951007,-0.7951790048212335,0.09431141153904848,-0.9265275891347513
-0.5570275591924314,1.110557821605517,1.3472867961191715,0.463999054693097,1.4932018830083817
1.4210249455045367,-1.534342981867708,-0.7691475647257517,-1.339442070502722,-0.9026114184659182
-1.3194145999062956,0.04040568773644812,1.2492293806926646,0.6039573747642455,1.3491783127681867
1.359037312297345,1.3349880915005152,-1.0821560899866332,-1.3536640705932679,-1.5191787639239744
-0.8210057573092867,-1.6796139839385171,1.2513677768991254,1.549210221192261,1.3811222964984586
0.9923608922887988,0.32639497405939083,-1.1587648294734212,-1.3839805246662225,-1.1068887653013118
1.2929784607953239,0.628070525102788,-0.8376443632010382,-1.081950027867762,-0.8026397059771065
-1.3192238196729262,0.8424082349979699,1.5813131721403542,0.822721069666058,0.7729468823815278
0.4844799971024375,0.5350685846278593,-0.3454079224972309,-0.964727580074112,-0.22855318504301442
1.4210249455045367,1.2660755052000499,-1.188199992333421,1.149483761839158,1.0421884162899488
-1.095781904066349,-0.7527794018216669,-0.4380884096339584,-0.7140937268434793,-1.516800969367856
1.3062480497291284,0.9207286337664286,0.4355630959802062,0.7291672506224137,1.3782679749175226
1.1172124723656516,0.6190530827230311,0.1144431973733944,0.42713728774294146,1.3669335160901899
-0.7167855449207432,-0.4043500999098983,-0.7599360555029641,-1.1012351817240718,-0.7098917344254638
-0.8811493587343282,0.9174808826224979,1.1227881190438975,-0.3213658775886185,-0.8596287883955038
0.5431202077748266,-1.2121330042566518,-0.7650240420170361,1.3903484993414157,0.6282590786473705
-0.22225767180645642,1.2185724784109522,0.46564199159787173,-0.6848605943977243,0.3919538449035205
0.1478039016465566,-1.2609847277030566,-0.09113121255699246,-0.2726286845013633,-0.5225875702641213
1.4210249455045367,0.9275195800828177,-1.1007301074741302,1.2231416237039119,1.2077621951423465
0.6278925276274673,-1.3041536865862882,1.9879728926646023,0.48356344818027197,-0.37084168058562134
-0.11876391228425279,0.6468978824731196,0.05542698160161331,-0.5610971050787794,1.0197808893057827
-1.510494554868024,1.1287622933705757,1.4999428538428963,0.602781685152075,0.09324723590747604
-0.0074083065991857764,-0.3796165284313515,-0.10565777452230585,-0.9073697310022505,1.4932018830083817
-1.1132242127561895,0.9584452104336428,2.0223898885768725,1.4765048708025805,-1.4021698656957011
1.0680129604281055,-0.6991472446717826,-0.3672397726974649,-0.14566007949583398,1.4932018830083817
-0.7356908563472582,-0.4495845005304769,0.3609479979792402,-0.3054225226798903,-0.3322903215733064
0.6579327087748476,-0.13735562479295152,-0.5849434928862671,0.31764812257539304,1.4932018830083817
-1.5557227557081605,-0.05351831541957365,1.874040141875768,-0.9930712034854091,-1.538333429230827
0.9080408119308584,-1.5506457326837924,0.46620625117557873,1.5365680873880059,1.119205079772851
1.2086578490161208,-1.2489701816403949,0.14508635256876692,1.2345381245085334,1.3780937144705234
-1.447695441392433,-0.20018334400766252,-0.7764551236229568,-0.03267000752219956,-0.8251483470478029
0.8936265415968374,-1.4695218153991363,1.3114512039446382,1.3801527823414135,1.1961459076908554
0.2114942085799764,0.5373500098156646,-0.2990892502205701,-1.257537829864139,-1.2134925937529135
0.9042788808110186,-0.2643512272001561,-0.13083147193980452,1.435187015976324,0.6170284231109975
1.3669523005864952,-1.4682941761325803,0.2139260210490181,0.4570362171670689,0.06091062833057093
-1.1529952486479385,1.2952482032011048,0.06704085152143924,-1.1735571782801744,0.43340255276763573
1.15761164819011,-1.5681830555685463,0.8313474794926732,0.9339620230341203,0.968211091652698
-0.25148530984291195,0.634645487968719,-0.17680670654592925,-1.4673129985984275,1.0849451531883278
0.42141783010172723,-1.6576807312213462,-0.7281388362014765,0.6303303031898385,0.982930183174365
0.9656723850463245,1.1731391596989635,1.1783148945499196,-1.072979654945839,1.01736652156943
0.6711539383737308,-1.1760989653331322,-0.972275336044552,0.1494268008601761,1.4342642030607344
1.2723885439655183,-1.6796139839385171,-0.330034971165357,0.6563529807591263,0.8257666222532095
-0.3378975957127622,1.0745605798624456,-0.29325762180831283,-1.147452277186693,1.2257486700452433
0.8582811819822498,-1.0774985205053327,-1.1562154433934595,1.099568209544791,-0.9120225582856327
0.273752335209968,-1.133261714366407,0.5654268133573387,-0.709240937159094,1.4932018830083817
0.8726694126743905,-0.4549963525187538,-0.2597131278788755,0.8475936857346125,-1.0282892360915028
0.9818860477764152,-0.9634149953882505,-0.07058739553766098,-0.8192821745605136,0.9409802076046847
1.0436765236950836,-1.5705290091452542,-0.7711372325525755,1.3655767939616446,1.4379882133540076
1.4073769846315711,0.7415492965585868,0.9590512293716417,-0.34666669668576533,-0.80190178828179
-1.4260145167099605,-0.7170450732664376,-0.6378334618143725,-0.6435838513335648,1.4932018830083817
0.1643667081463512,-0.7546523249772472,1.9542206331361296,1.3938163031702289,-0.9256874816711328
0.9534581987405754,-1.339432583371909,-1.1347661997881695,-0.11237556976708686,1.4932018830083817
0.8075990047213034,-0.06836571108429718,1.49291004508212,1.1119396464219935,0.6978928002909071
1.4210249455045367,-1.5767445328862246,-0.11269058328308225,-0.39821123581334383,1.4932018830083817
-0.5526279225571504,1.252349090307829,-0.8682568644555695,1.1999556577193022,-0.8460585250059042
0.04860668303463747,0.6489974549285639,-1.1325261914444755,0.5958951980413697,-0.23756148203926525
1.242992976809997,-1.6721468227698284,1.5572628848881296,-0.4473483342228133,0.9746651822822887
-0.7295853574581722,0.8347592210969202,0.1583697269332974,0.4344583849100986,-1.0466704862045761
0.7735008908106662,-0.6736196007050071,-1.188199992333421,-0.6231272792169908,0.47457373473467857
-0.852666773308413,0.053919318933032506,0.37914735618978895,1.0670642893768947,-0.290957249499638
1.299241260378219,-1.6796139839385171,0.4917398485651764,-0.6515317693929509,-0.5496350505700773
-1.416070562039182,1.174972619211744,-1.188199992333421,1.5529887658722468,1.0807650538238964
1.131841968311134,-0.9711322707254946,-0.5645183179713026,-0.8995419447152251,1.0893839540188286
0.5306073627193459,-0.36778063534622973,-1.188199992333421,-0.29548148503729266,1.109805772452624
-0.7008854207357442,1.316944674061477,-0.2289030790055896,0.8982284269061791,-1.3132868187494116
0.5214945509036923,-1.2205686245513467,-0.2565886965753552,-0.009738720894994366,1.3526334026185611
-1.4623674510389448,1.2518413958761343,0.5192318921751851,0.031209128072390752,-0.10566945081915696
1.3180764241980352,-0.7515128322047812,-1.1475017768765559,1.2145465958307426,1.2113431397599974
-0.19588748590044003,0.9632853728937928,-0.11095750029441089,-0.6522162535359128,-1.1687727376213677
-0.8423444466984726,-0.5351038143550794,-0.4818230682308182,1.3507162267611275,1.4932018830083817
1.2600792332537163,0.632970416319608,-0.21143600938180324,1.4222095810474351,0.06101281809887281
-1.1688204424348732,-0.8307136968416515,-0.9437473027672239,-1.1324342038846364,1.1314807601503318
0.6287279218526951,0.590968301361322,-0.7688398899861972,0.7381328182734422,-1.549285483188356
0.0022965085033026227,-0.5857223357554809,-0.10276438310623709,-0.3730454982202293,0.6951621821137045
-0.3622621977727161,1.3371436596653372,-1.188199992333421,1.3963278580910508,1.4932018830083817
-0.061645160687453585,1.03546810862194,-1.188199992333421,1.0942978952115785,1.2841135494495146
1.1223752299344103,-1.5674945749894307,0.2980580323500421,-1.388154703316517,-0.8790394659639967
-1.4642986359082057,0.7889019348710689,-1.070651779522036,-0.15549059590785977,0.1482753504562493
1.2598438136342658,-0.9019450388028413,-0.16866013793458837,0.5551053890945122,0.603230115185819
-0.3723921498854985,0.9081098673349537,-1.188199992333421,-0.24141898396103306,1.4932018830083817
-0.14419613966130768,1.2633573134790947,1.9340037914857717,1.5069772292201096,-1.2487491394988226
-0.9223164382836303,1.3371436596653372,0.0072826968481863605,0.062256517240286836,0.3966760878808377
1.0541263914081123,-1.4719034995713522,-0.6259068081648518,0.8457132230579258,-1.5074936328391007
-1.1362166851154196,0.9041688359796751,-0.10138609109952418,0.3421614111648416,0.5327611266466367
0.8029527886200519,0.69540243252138,-0.3628227668884728,1.2635523501690975,-1.4761627877186403
-0.9116582534355576,1.3371436596653372,-1.188199992333421,-0.1608463372791953,0.34932995470393396
1.0364417546224038,-0.5976894187882886,1.3439477872297627,0.8819214731664389,-1.0922643337755458
-0.7851305706956203,0.8498215336271616,-1.1869261507917968,1.256742747392703,1.379172085446551
0.41733810906669266,1.3371436596653372,0.7397949438457883,-0.2877919837682292,-0.44632065697602347
-1.1319265212602894,-1.4641830244792862,0.5044095764473112,0.9193828311404216,0.19220458048567055
-0.831308952753764,-1.162507473435889,0.18328967784049907,1.2214127940198938,0.43977758078701357
1.3648468095430137,0.9086602251642698,-1.082163469639058,-0.017094522796389136,-0.9424541334450373
-0.43885647581108733,1.3371436596653372,0.7267772369685483,1.5529887658722468,0.8830386089775373
-0.07113156165090324,0.6223946933417286,-0.5577034927898417,0.3448683804353701,-0.3339565526375123
1.1993957078256015,1.3371436596653372,-0.5967310684708601,1.4713199835074915,0.09392061269649667
-1.2684305753680403,-1.2042424088665706,-0.16593818152100187,-0.15339389604092382,-1.4825232940341013
-0.8670300272011988,-0.6008907734873057,-0.8081785464001972,0.4506665636370088,-0.8740257132265767
1.1258772960567078,-0.5632184600951234,0.7282440848043583,1.3482607333340744,1.279686043277616
-0.9488348907219869,0.39125613746323246,-0.9676227490235396,-1.4118858005881503,-0.5512824572032802
1.161487834881466,0.810001118164741,1.2227540261205563,0.2675926835060992,1.3170589929091443
0.15318666761814262,0.5093217574558039,-1.065462180870731,0.5859167860695929,-1.1328390502002372
0.3730871919289698,0.8823177103029254,1.7798894009098039,0.8375485338893022,0.8858144057891469
-1.240265248436057,0.2521606621981236,-0.8981438891101918,0.5869872936410742,-1.5155924408974653
0.1808062249131607,0.3693212848686505,1.604772519533029,1.1528923006602732,0.7488220294490047
-0.24628960415585535,1.3371436596653372,-0.0008281088321732139,-0.015761861001667477,-0.3618909325641511
0.35494500143593244,1.2993428227878208,-0.6430684737113682,0.588298598676265,-0.3618909325641511
-1.5383139265578802,-1.2347307393917766,-0.6670517764261993,1.372158947249036,1.3611140777058426
-0.9370793209660926,-0.6313791040125115,-1.188199992333421,0.7680984875711033,0.7526164968983179
-0.035227678289042066,0.2736486157026209,-0.545959627454226,1.5500303207582435,-0.16012960539252635
-1.4325892605741584,1.2455794756902503,-0.4697516598606584,-0.9323608770862009,-0.5648075419584727
0.6717310618652049,1.3075624596320572,-1.188199992333421,1.181850464827069,-0.4586501214420842
-0.6143158341720852,0.5550041237514074,0.738521102304164,0.21939474859699662,-0.3464124097117359
0.4243985719651517,1.3371436596653372,-1.188199992333421,1.5529887658722468,0.10708480621731796
-1.0693920555736065,0.7862882684742868,0.684185289166381,-0.032010617571686016,-1.4559985950691425
0.20037581291826037,0.7661916750247176,-1.188199992333421,1.3943069747204488,1.312536826741345
-1.0887278182230444,0.8336883698166225,1.6813278984561304,-1.2537389962625987,-1.143529713487268
1.4210249455045367,1.0207663018015993,-0.24217453239312617,1.5529887658722468,1.4932018830083817
-1.3211209935813635,1.3371436596653372,-0.7970324329109854,-1.2422581362578304,-0.672981865796608
-0.7198863879895756,1.1879225602672552,-0.7577908473096494,-0.6381976765798978,-0.5026196895379403
0.1444543534267019,0.050875818805214364,0.14855933053296333,1.3481224483161125,0.0650821222408295
-0.1941215730439308,0.3248660245471333,-0.1470508126382389,-0.7042423875909108,-1.384583544411839
-0.6177222444670666,1.2528882489952695,-0.6020955081180743,1.2919643152108935,1.3352455446215583
1.323461315854673,0.21987193629329405,-0.8755854269789065,-1.096195520393792,-1.1635492269384857
-1.2267033778076755,0.5053279301459689,1.6322174469006339,0.7649910790593724,0.7722401594575874
0.522860303549262,0.3680557818367052,-0.89072279709876,1.3978676804532213,-0.9319667740128386
-0.9323751799471885,0.9173070292771907,0.9046472963653225,-0.7245644121224408,-0.3467668468554776
0.22752506239564055,1.3371436596653372,-0.8781683053275651,1.5148477290261966,-0.48531465903735116
0.33394376454866764,0.9305630802106355,0.8655924727368896,0.8894753590124819,-0.1786194993645311
1.4210249455045367,-0.7658679989194478,-0.6575081828442981,-1.2973244050320374,1.3340407810373685
-1.5851475510331399,-1.603730731759182,-0.6619070233550138,-0.6105107735241726,1.0776224495281719
1.2972994470837007,1.1979169944525427,-0.6341793985329843,-1.3987882338869007,0.8154642800857259
-0.4133254040791388,-1.2745735531379485,-0.056370211308615595,0.6141514900072831,0.6104592345318459
-1.1438160091744265,-1.3146280839948166,-0.3062270771120062,-1.0608191160690033,1.3826621349545016
1.0660658329209587,-0.558839062329285,-0.6088512960801374,0.36414979685876203,-1.4302327895940459
-0.7922154789721713,-0.9869779898945595,-0.6525956049917064,-1.2888858154224312,1.4576656600018576
0.3396889598215293,-0.6600953036590177,-0.5578085109205013,1.4046228234928122,-1.549285483188356
-0.907867625567523,-1.2405142962318298,-0.23433223252791308,-0.5704316107507025,0.5528828298661562
0.6775676615952798,-0.7273040205169778,-0.69868039905306,0.10896321641515164,0.7024079745271913
-1.3193497665122258,-1.6796139839385171,-0.5327483466172296,-1.015291843939227,1.214376024515019
0.9288039720923584,1.1426838933069148,-0.7877102289018264,-0.3440958767572458,-0.24743086229368058
0.6281869350070961,0.2376567068842524,-1.188199992333421,-1.2501862993146504,0.6653152399971638
-0.5786813813904979,-0.9507551654365648,1.282864133447912,1.0416107694491024,1.294545511270476
1.3909071768527783,-1.212246595552819,-0.6576586142206486,-1.2346295017534297,-1.549285483188356
-0.8249999195209997,-1.5293486978836508,-0.7176625680862025,0.9813243747265805,1.2869969144382842
0.9993113509858443,0.3560199040752331,-1.188199992333421,-0.9962597676833572,-1.4543528019585967
-0.773467468239465,-0.7659789237532634,1.5052090873463042,1.3669361517057796,0.6297230815385159
1.3555097379544294,-0.9697371776232743,-0.13906716404581332,-1.0633312049088133,0.3975990228408689
0.49472792473557653,-1.4073745773764874,-1.038712643827765,1.1154565707977273,0.3047628453839551
-0.555625138479724,1.0072313389062044,1.9626476285396108,-0.5600746502162424,0.8691456410564582
0.537784738295636,-1.1285180778433757,-1.1280234681342425,-0.9504527220037272,0.8728427593054416
-0.06344986729615208,-1.6796139839385171,0.7986970588377718,0.8290117031858543,1.4932018830083817
0.5935148861325619,0.7129013583482747,-1.0077249156307144,-1.3571825967259668,-1.549285483188356
-1.0882978984213845,-0.4493381194092132,1.2896568196720988,1.4770222383022142,1.176888514774815
0.65355964320271,-1.6796139839385171,-0.6370642749654862,-0.33515860681259546,-0.1660350983186016
-1.430685178189304,0.48461058426100817,-0.8123594033315973,-0.9186904153105377,0.9973297972098669
0.8601842015245789,-1.361945525004261,-1.1168109377732083,0.7766502680062229,1.2979763982809889
-1.158914218673758,1.0068665668565413,1.6726289912440764,-0.07041487647895345,-0.9055550216338972
0.644789066680343,-0.8031883392812533,-0.25409210339350874,-1.4673129985984275,0.919937720788677
0.05489286515309819,-1.406539974660518,-0.8963324682727039,-0.8632525389204949,1.4932018830083817
0.05489286515309819,-1.6796139839385171,-1.188199992333421,-0.32895393424991065,0.8847043022008572
-1.4148110936461855,0.7162611009109617,1.5193445277331066,-1.1370899774623502,0.38427186353165066
1.4210249455045367,-0.4831520617790085,-1.006709361923956,1.1225064371188433,1.4308516026403386
-0.3826783398495639,-1.6796139839385171,-0.015259302981536037,-0.689674407995966,-0.3946406019413501
0.10975839059533886,-0.8612174928484952,-0.9191855488354076,-1.2121984972182336,1.2826834305341746
-1.2630834146210663,-0.3766796867975871,-0.11474553265058667,1.363712882773594,-0.9601652338144047
0.5074001961699177,-1.6796139839385171,-1.188199992333421,-0.4484684962602036,0.8653275086081696
-1.2446787020241725,0.3984027898572902,1.3650348602006692,-1.077545196214535,1.137496510457996
1.4210249455045367,-1.6460197580664722,-0.37447183207370927,0.9663410061587615,-1.247422286033556
-0.8676257504368734,0.45014495849254593,-0.39113622257991243,-1.0783887882160017,1.1731806397081153
1.2662729480724384,-0.66655400876643,-1.132685137804393,-0.19900232385691718,-0.7995654074738784
-0.08206130276430151,-1.6796139839385171,0.7940359568331923,-1.4673129985984275,1.0259267971078103
1.3405204698139863,0.08901103006158921,-1.050802217496201,1.3512949949444124,0.8961474048871211
0.7392863956434609,-0.5143406053176758,-0.6297101674914481,0.7885347707661231,1.4932018830083817
-1.096962722112441,-0.06459959965926668,-0.3512446598996284,-1.1551049380455658,-0.8667750802451177
1.4210249455045367,-1.569917322681857,-0.5838762816125357,0.45709548217476687,0.8591423384214787
-1.5154298641362756,0.10626250818227971,-0.5055452447829277,-0.14563391746540866,1.2162611568197454
1.3639189480180465,-1.6796139839385171,-0.11894852853926113,-0.6925426208009521,-0.8812424622322304
-1.331081422311291,1.1646464771099503,-0.45588472528900237,-1.4673129985984275,0.8050048883795888
-0.7298468167195031,0.5612948417306854,-1.0981245225026264,-0.8632525389204949,1.4135024691871134
0.4726223944640727,-0.6454084290278445,-0.7080735612586108,-0.14741613904825365,0.19650730757206417
-0.857949100661317,-0.6046643510069202,-0.8088398767905678,-1.3237517931944336,1.2588253466810082
0.9059050298753935,-1.6796139839385171,-0.8494126381562125,0.3902328072737244,-0.8884559841925692
-1.5851475510331399,0.9788761782620699,-1.0934435522030572,-0.8281986216646214,1.278737291955066
1.3337065863814972,-1.6055620581020813,0.8889536139857579,0.1799797810449342,-0.8878821079674215
-0.2585447098988452,0.9218314825949422,-0.5956581805414173,0.7809595281605495,0.7981431143585627
1.4159031073730188,-0.5858327272968262,-1.188199992333421,0.1550222718572449,0.21985282906106415
-1.450835609634718,0.6698539901482644,1.6565294279811513,1.384038644738042,-0.900970465923345
0.05225063863412064,0.835324511115404,0.05092879961594916,-0.12611223749729547,0.5872998059893325
-1.1698769079054538,-1.341496425231845,-0.4165574221864253,1.507954300968644,-0.8327356684237722
0.764365227880709,0.7143913775102029,-0.8750665806468902,-0.8848778597023917,1.3868422343189335
-1.0813585995708594,-0.901859178715128,0.7934189043573698,0.26680088164649485,-0.8720819562652985
0.9735315741028736,0.5319456239219715,-0.9453867209366583,-0.10012800209516318,1.2830357163143733
-1.0052665146258981,-1.4678611426467227,1.5570256006793957,1.4429571390126161,-0.8905062336492356
1.4133937361697584,0.7789810950466783,-1.1829326234988708,-1.149901363585887,1.0412999031466088
-0.4498064109324743,-1.0542768331799948,1.9891706670196947,1.3345336761456543,-1.3316696823851424
0.9943314023315117,1.3371436596653372,-0.6727534094226669,-1.2118001936529843,0.3763128941035941
-0.9016340541540859,-1.2663731148226416,1.035140554860842,0.49407043995043576,-0.9948118679958174
-0.6010164856475605,-0.9646975637792443,0.714020088588459,0.1920399431519753,-0.690563346512498
-0.23725809979342039,0.6997636983432296,-0.35837964846320886,-0.8706991070498955,1.1966509402826206
0.6727598934301167,-1.3927900948996057,-0.7613257008210995,0.6732098710567843,-1.0829984109949973
-0.5763776702159668,0.41726481123818937,0.8777178093363072,-0.7243935580461943,0.1833350464379561
1.0852692716759427,-1.086090395493816,-1.188199992333421,1.3898177838670758,-1.0868326786698597
-1.521432267300365,1.3114165643146822,1.1222522427447477,-1.3027089780287395,0.46174407824482444
0.9395652526654277,-1.0872743047778102,-0.8535333225370726,1.5331195046427704,-1.516530435402299
-0.9183557556114781,0.42110451702411683,1.2601387776387136,-0.5810918372704998,0.5284976619449062
0.9503865838412007,-1.5137274948445685,0.2704967335403547,1.5349236169041345,-0.47414531736195914
-0.8971966866091413,-0.016482753236890975,-0.9737779468113431,-0.9090873483875148,1.4932018830083817
-1.0174876094080645,0.2851927978065065,-0.65265748053896,-0.6070568515890543,1.1889533615250625
1.4210249455045367,-1.6796139839385171,1.6598627602148488,1.3836323323879687,-0.5359841110476078
0.819790339912749,-1.076262348559252,1.017622395335654,0.7795718727100359,0.07251346975991685
-1.0997633121677532,1.083884132120136,-0.6612479636269275,-1.3402893999371064,-1.3907235359641228
0.6185368562946832,0.0023814013138893065,0.0038579704575361644,0.4718919790966912,0.43476920645845146
0.005627988400219536,0.21926344958471852,-1.188199992333421,-0.17002600644452015,-0.5887151071731328
-1.3178612555549336,-0.979734278270913,0.8277002281981387,1.2968801073358949,1.1653658116374528
0.5726332190294421,0.7468059604380158,0.2742228903492769,-0.9552750783057813,-1.4729992076283691
-1.5851475510331399,-1.047610144009178,-1.1560701210072493,1.2529871612292125,0.6423714856498556
-1.2845305139478773,-0.7459340596733105,-0.8349502224004373,0.950956664430752,0.3381224263256503
0.6801955397401602,1.146072966955466,0.31189317764971464,-0.8475302264729105,-0.6177380770526292
-0.4738574744473365,-0.6812787471629922,-1.1669806532844405,1.1648782480279447,1.462662201830932
1.4022354839133273,0.4440222276414022,0.9298681100252253,-0.5766368172323755,0.35389138325639724
-1.0493580053847607,-0.47262326853851283,-1.0932664405448635,0.9186743206429874,-0.5421665920298696
1.3176348131285927,0.6802217290627391,1.1190159813237137,-0.982866409862606,-0.8112209573100326
-0.8815899069612456,-0.9577060994940344,-1.1834071919163385,1.0777314568435392,1.078433513583957
1.1749232272492853,0.7150382612766377,1.7759146065807252,-0.5827549949189605,-1.2072945153849635
-0.4212425180533404,-1.3244113343618782,-0.8526772828558028,0.538406538817382,1.3806963265169054
0.6280838392820997,0.9731784815097293,1.8812767425765815,-0.6080435338793773,-0.4520486624097849
0.3274668021968373,0.671502397173862,1.5601568439697695,-0.30601357099990517,-0.4506147786082442
-0.12702166728795253,-0.2212670618196968,-0.3665642506678157,1.139279502135343,-0.2348066610222017
-0.17582633322718766,-0.3541854104016946,-0.23480169195524064,-0.5747654311784894,0.0044023756640780756
0.8612385413101081,0.9374025561418192,-0.060313216365710715,1.2755794092988662,0.9477118241313475
-1.3441862706536063,-1.00050442011043,-0.2599163521533414,-1.4319093644052372,-0.7492304924945888
0.8377917037711263,1.0709565893483757,-0.9912694260546882,0.9027395084380717,1.488771149791168
-1.5851475510331399,-1.4619687941427346,0.7528234363688796,-0.7826120845271469,-1.5410748042257456
-0.891651305731118,0.2996807543462698,0.8321819478822398,-0.32272897276567164,0.5459161768723991
1.05293813346434,-0.9897745756086433,0.07289234822868623,-1.4673129985984275,1.4932018830083817
-1.319264207688904,-0.8516128954589735,-0.2061584225669725,1.2155338120400538,-1.2535197881558615
-1.0186471706036415,-1.1532884465023707,-0.5272783211737845,0.9135038491605816,-0.9492707288316562
0.8451077802970248,0.2165105938531964,-1.0217337665951536,-1.03408525840734,0.1623328976883832
-0.5049684694393949,-1.1908956982131802,-1.0852805212901535,-0.7132560079508837,1.1487718067878903
-0.2043514323541323,-0.8892201471697831,-1.188199992333421,-1.0152859708303559,0.844522747463685
1.4210249455045367,0.32055755467984026,1.694687907672764,0.7213901866392738,-0.18557109281348566
-0.6149976476523443,-1.1655280419874852,-0.9683419813021661,-0.4750987736381427,1.4533231326899148
1.254244759208693,0.3861482621830081,-1.1398888139020806,-1.3589311814125509,-0.2569630163126998
-0.360657305558856,-1.1296449248330513,1.4663291047137808,1.5046221125628514,-1.063068179130822
0.2809344935776237,0.3363494113094082,-1.0013755762175829,-0.9164847959699947,0.39446609968108864
1.322698726342458,-0.7563721931938606,-1.1362909495122349,-0.6663731155098899,0.021939215586446792
-1.5366734291194082,-1.5896059473916713,-0.8659129733123581,-1.1633748092548786,0.2778670362077946
0.960172174975645,0.5070835289580901,0.784373721146924,1.5233573298612426,0.5643990789128884
1.2607892120609072,0.20540797791469287,0.4632538225401122,1.2213268330627824,0.868647600396208
0.8014132612215242,-1.024471650309202,-0.569636958426216,-0.33469997040167154,-0.3721593907558294
1.4210249455045367,-0.4177186755545696,-1.188199992333421,-1.4673129985984275,1.1490842923425395
-0.038909364798188725,-1.518315409966282,1.7284923924337807,1.2365264388208506,-0.7196228895722286
1.0659032180145211,0.7863874608737565,-0.0056061499444062515,-0.05077359865746779,1.2063638088392685
1.4210249455045367,0.18303582549449143,-0.6478465148236012,-0.6548335244164121,0.5978662280317437
-0.8947691542803622,-0.9036243767917143,-0.7626585795821217,-0.9462347619963949,0.5247494488117718
1.321293648523436,-1.425757702119086,-1.041034396013702,1.2510885453069247,0.5700996544614743
-0.3717804840119378,1.0669136991312766,-0.09588143805623998,-1.139999302029433,1.369089182360473
0.2698926225777607,-0.8939995142883225,-1.18564095593875,1.2601309972922639,-1.2141573650877613
0.840787325429911,-0.981723992477482,1.7387109403797594,-0.98719809461444,0.6954354052836904
0.7948188547706003,0.7845486684362734,-0.7423361521355321,1.447620921375154,0.16609778388897753
0.6581957622999671,-1.6281005977730063,-0.3311873322747586,-1.0737922796459858,1.3219420503113155
1.4092231420987733,1.023603417743424,0.490601111429482,0.8301767144182594,-1.3578512388649615
0.6513627477020152,-0.4847754040585035,-1.11499951693572,-0.6799747017360662,0.16339244423340732
0.7480468751618334,-0.47952887273600964,-0.28373332885583014,-1.0344066776382785,0.6604924207742023
1.048664443668359,-0.7812049570718772,-0.6048532274626423,-0.7518167051217143,0.9012875502327039
1.3492814807536215,-1.0764735323774781,-0.9259731260694543,-0.6797819569813008,0.5970390287493846
-1.4864679367312537,1.2831477970507301,-1.0551266938170982,0.9100365792507566,-0.2914267845929407
1.0494206561254193,-0.40918279627546444,0.5791472902116422,-1.391027187473409,1.0820192987695803
1.3500382246319447,-0.7108583473188618,0.2580273916048303,-1.0889972245939368,0.7777707772862605
-0.6379300694088703,-0.3426876247427224,-0.2003336061415687,0.2920541819536858,-1.2973936205740453
0.7122067623515164,-1.3141550535736892,-1.188199992333421,-0.18504247798961176,0.20962201973139183
1.2999953471502281,0.1854063105248315,1.4555690038129396,-0.48538312119019794,1.1709744163945668
0.25860629779697836,-0.6314196342402518,-0.8979003605801753,-1.3076893743513212,-1.0404482049967654
0.38884755232183454,-1.2948695979713973,0.3882504412884904,1.504418155509332,-0.39496922272257345
1.4210249455045367,0.21350922383052975,-1.188199992333421,-0.005732726726005222,1.1262744603757955
-1.3230075390645435,-0.9373615250457911,1.5845414862433922,-0.628405068416039,-0.8475053169887041
0.18007924062555783,-1.2990047477858533,-0.021059142121809916,-1.4673129985984275,0.6737389039505508
1.2109642172969661,0.9818055538012502,0.1334276370688214,0.8898480344662941,-0.3755574694723087
1.4210249455045367,-0.8282488190440741,-1.188199992333421,-0.922332810648515,1.2202234306254276
1.4210249455045367,-1.1299249033799417,-1.188199992333421,-0.7348332760238362,0.9297409466141389
-1.2663973576163088,0.17716534198178438,1.479392792502282,-1.0056845056642978,-1.2348615499866016
-0.06392867785399582,-1.0295379287767454,0.19491206274389214,0.14156270808194849,-0.01786638837155193
0.2366888906525296,-1.1197214185463094,-0.126208403528491,-0.16046778871651196,0.2863821331117674
1.2901082545545763,1.3122517003231209,-0.8629259170770521,-1.397624290492472,1.0522121568785885
0.9006864730740334,-0.8473406894796587,-0.9701426164938024,1.349059476140526,-1.211605310084644
0.9651351181495655,-1.3540746614355796,-0.26448606000096836,-1.3744057554495779,1.474374762800981
1.297752217999664,0.779237608724877,-0.7662587146342519,1.0287774926470465,-1.410418193520318
0.8292517640768441,-1.1623794832430248,-0.7193723767864574,-0.7907543490982633,1.1802672312194054
1.2484076280573553,1.3371436596653372,-0.41894842957204076,-1.4673129985984275,-1.2682942772887653
1.4210249455045367,0.7337920242860724,-1.061188794451236,-0.9601951417826885,-0.6597966964812406
-1.3920689207017665,-1.5170643058310338,-0.6272010856670368,1.3912374744568854,1.2993925333332985
0.802317208789662,0.8852710840032681,0.5191132500708182,-0.8863162374567908,-1.1044157729084072
0.5128265386850588,-0.8375505063104838,-0.8763057945886753,-0.09740661701195132,1.1506139118217524
0.1494226108132513,-0.006765631136142594,1.9278514320258238,0.9243792450326517,-1.0145850503213392
1.4210249455045367,1.3371436596653372,0.0011303373882383184,-0.8878021340011459,-0.9185535601618924
-0.23660604590388176,-0.663303057867678,-1.1784355768443489,1.5060252516640247,0.12558491916615278
-0.44750907681309765,0.012072925376064591,2.023001264396983,0.23204435726708755,-0.7435164709238581
0.6075943610709763,0.6777083216503672,-0.9636087857700526,-1.0943257360968706,-1.3986798161877503
1.0592466352758414,-0.5249792568070466,1.4331201011368835,0.8581044149376944,0.6428469369929023
1.3156276350187417,0.9410140127504721,-0.3693673832580743,-1.400357421793426,-1.3314981111425725
-1.4778142728867176,-0.7401334374742085,-0.6885322416379015,1.5131781643498767,1.3466273334468413
1.1677841140039213,0.8129368932135648,-1.1267064840092123,-0.9812854757383389,-1.1389510740264595
1.4210249455045367,1.3371436596653372,1.121134509235185,1.132925866174931,-0.14711278027441402
-0.9456118207626948,-1.293087867828233,-0.9371135629029546,-0.8473022430649192,-1.4733848395434872
-0.6449942522561694,-0.9914123167848357,-1.091749070473223,-0.545272280185447,-1.169135780219282
0.895277667460567,1.0057690509527306,1.6171374110034649,0.6645486372290694,1.2769193897610647
1.1958947045458295,0.704092966616863,1.2960175123966529,0.36251867434959745,0.9726708682777451
1.4210249455045367,1.0057690509527306,0.974897613789841,0.6645486372290694,0.6684218089535398
1.1204079084192744,0.704092966616863,0.6537771475174579,0.36251867434959745,0.3641732874702205
0.7352672566323931,-0.7920238614161985,-0.5951160599209845,-0.7836938043973817,-0.7109738702876919
1.1343896018453212,0.9978587237412493,-0.44437246750640935,1.460879731610861,0.06598677061074382
1.183295769245764,0.8808980857470726,-1.0866128323856044,0.8568192719329286,-0.5425108101967812
-0.5220717313635259,-0.8955705939057311,0.7100498355839495,-0.8415599443460763,-0.6436318886585458
1.2816320854118377,0.9144843122320637,-1.188199992333421,0.9706214346877217,-1.2941789455996233
1.2125839893061865,1.2161598632754609,-0.8670800937266091,0.6685909378892613,-0.9899304241163039
-1.3167952245016212,-0.8761336832418835,1.8386058892600268,-1.4201903765317003,-0.05310948809531608
1.2927329441718791,-0.24303286070120383,-0.8919659846995429,1.4250639119587265,-0.7623333721544288
-0.984433738278962,1.2081092801442994,1.004735819205346,-0.24163415331330584,1.4724019624318694
0.7921420858695359,-1.1473699666673396,-0.1332213439942777,1.00525729337578,-0.20648987622575982
0.41497859865956044,0.7620799900789538,-0.6757126500449874,0.3416894267792111,-0.174778777599039
1.0107895188425218,-1.5600903423322336,-0.4493503268996815,-1.1344219842779655,-1.549285483188356
1.3252867478926231,0.530735583306934,-1.0471771051589407,1.0642873767189027,1.438019408125384
-1.1452933602851982,-0.931805684090542,2.023001264396983,-0.8985547285059141,0.028693421430312938
0.8507679481678276,0.7775337392823717,-1.1569834949112034,1.2338915486137385,-1.0541540042895863
1.1513849852530904,0.7241612955655075,-0.8358630286388203,0.9318610518152781,-0.8763131505138807
-0.7615609748449161,-1.3825519460554059,1.35804576168887,-1.2684239041159746,1.4373960505387429
1.4210249455045367,1.030854595461654,-1.188199992333421,1.1478174006767676,-0.9965937348504702
-1.2945579017569262,-0.7977306241405334,1.357549621979699,-1.2502717263527736,1.3254159645926924
1.413008987175442,0.849616749318579,-0.8031830893742198,0.8931348397580839,-0.7973156190485803
-1.042556344641318,-1.62075769374989,2.023001264396983,-1.0684231902999435,-0.8863852967822424
1.3686958937499636,0.2850653409061124,-0.8899643958957252,1.161680073288208,0.2899248910265268
-0.3922848420184217,0.2850653409061124,0.2398535783449823,-0.65050130574559,-1.5355673135551617
1.4114184433356793,0.2332714429012407,-1.188199992333421,1.161680073288208,0.14488426367128543
-1.3627923919091272,1.0893343811662717,2.023001264396983,-0.44635898233754917,-1.3874427065607475
0.7415284619514992,-1.0117691569598952,-0.22483972884741402,1.386133742848013,0.5274257450595085
-0.14175585322221987,1.0514274190871722,-1.188199992333421,-1.3734099965364546,-1.2999085645560424
0.15886171528430554,0.7497518680437746,-0.8670800937266091,-1.0713794997379942,-0.9956600430727228
-0.670440828007322,-0.8752254861650175,1.0904107455287113,1.2576787073791402,1.2396561596702387
0.16858619297351993,1.0134937923845584,-0.4155004288929743,-0.7916112890744366,-1.1520803078897037
0.8880657495021907,0.013490416762036269,-1.0369625308719597,-0.36136014724295373,1.2429671081632183
-1.3187051525203675,-1.5140896004318802,2.023001264396983,-0.6795940174974298,1.4932018830083817
-1.2427289174107112,-1.0916931661864486,-1.0034838861487738,1.357157425435616,-0.746684891582101
0.060906959584971034,-1.1433105443836618,-0.7914857726154371,0.03171955462517675,1.2521173951533204
0.7551339091234358,-1.6796139839385171,-1.188199992333421,0.03171955462517675,0.511235120874295
-0.8612981174599087,0.4970837618481001,0.5469958475937671,-0.07723355587814876,-0.596605232967807
0.2846411568861252,-1.2401889878249666,-0.4009863555702257,1.4913403438106485,0.9463053702149828
-0.958583813789293,0.9596579175110319,-0.27336037587450274,-1.373478338166953,-0.6408765298005964
-0.18156462002363227,-1.4092832311275754,0.041315383168798604,1.4571241454473705,0.6014966540108884
0.8184171473694991,1.2621718043176902,-1.0768353605883962,-1.3996403685921794,-1.216756750088829
-1.5237567039041482,-1.130258211173859,-1.095857266211518,1.4540557130217833,0.6152051425081382
-0.9225220983123601,-1.5271755310673096,-1.188199992333421,0.8499952533438507,0.006707561700613532
1.0223171088766458,-0.5473807403131126,0.4278320585669353,-1.3431592144990572,0.6206109812513061
0.7217000717913831,-0.6413234087055938,0.10671215996012334,-1.0411292516195851,0.31636245976798644
-1.0640379863502154,-1.437599461421381,-0.025851374873321287,0.9515114062595645,-0.8648786532817898
0.8453065318493374,0.19276041368982352,-0.3114302997370185,-0.9287307618849536,0.6271565048314822
-0.9361631507089088,-0.7206080002602963,-0.391719782787038,1.2595031085620585,-0.16814988868156394
1.1930749833250542,-0.5095436395476176,-0.9048417751839992,-1.1808841485562025,0.5026920562442607
-0.6713601867920828,-1.110131220053485,-0.3846778913771235,1.4497800897637176,-0.6697128688927204
0.2832211992717432,-1.6796139839385171,-1.188199992333421,-0.06037132639060789,0.8515308142056486
0.6871173016890109,-0.23947899967933967,-0.326946302792818,1.1463955744110048,-0.42004121345498885
0.9877343387742732,-0.5411550840152073,-0.6480667690652011,1.115883172069355,-0.11579269197166922
1.0163348997205452,-1.6796139839385171,-1.188199992333421,-0.2697583360204242,1.4054515289675853
-1.3204221746206928,0.6222443048651133,1.4997021636407353,1.2635336630045082,-0.440166681560709
0.947940983189484,-1.610776058583889,-0.9859356403483153,-1.2367470244609082,1.1289399998058165
-0.2905878177859734,0.1992788475539057,-1.188199992333421,0.5754338206539013,-0.6965527426167578
-0.8918224233777614,-0.4040727878253591,-1.188199992333421,0.35524776556733756,-0.08805516180923303
0.7968536667861201,-1.3999842103235172,1.6901465831036935,0.5700641973888707,1.4324307034810448
-1.5104350356865828,0.6449838957973291,-0.6041345628495869,-0.5984735699336271,-0.8558074289019005
1.4210249455045367,-1.0775417171954245,0.12036338161474859,-1.1586587028314903,1.3322583763418299
-0.9351215650336883,0.426339849204735,0.2383464262536221,1.0166564637753428,-1.048088234779543
1.3552132048897494,-0.2784450806043913,-1.188199992333421,0.42924626774660785,1.2440180492540704
-0.31553166902245305,0.8228603995003068,1.7662239876159005,-0.8655740186814926,-1.2211288586494906
-0.31932070262669926,-0.1991343577186458,0.14182511386260335,0.9506208293871301,1.4486035789170264
0.949490076170743,0.5195167096099119,-1.170327041826274,0.29304727127186775,-1.4010463160852669
0.10793986703380565,-1.359129207468777,1.783573550466462,-1.4673129985984275,1.0604432737948597
1.1832559126510493,0.8861131528138209,-0.959999568068784,0.5638232183349835,-0.7836238036187901
-1.5851475510331399,-1.2162910856473292,0.5800402281550355,-0.9621193858164133,0.5722047636884923
0.2185562657422239,0.5937638204904654,-1.188199992333421,0.8500614592983959,0.17212106396904261
-0.047936617790520934,-0.6661769709899509,1.429062427634419,-1.3837669570709146,1.2935618002903493
-0.5567607857184719,-0.5374167037986304,-0.8004537533082084,0.7304443848423553,-0.8361794636155445
-0.1222755439892819,0.16290776778917684,-0.34797377087875553,-0.42802740779428955,0.9302798631817099
0.73691785107486,-0.7421194186334854,-1.188199992333421,-1.4673129985984275,-0.5909638199166594
-0.8621967508154179,1.1687170985355035,0.9981514662457652,1.109365622979544,0.902532651883329
1.0208397577658737,-1.390106567189218,-0.2518662866890932,-1.3400881124785287,-1.1665460763541589
-1.0388778466597484,0.7216238899919737,-1.188199992333421,0.7741232294347412,0.9631951875517348
-0.43764377248922354,0.1182722546127089,-1.188199992333421,0.17006330367579686,1.4932018830083817
0.7277364859162962,-0.9488374457134822,-1.1291122506996771,-1.2495728263971284,-0.5831656649134567
-1.4480249225754112,0.8434129580119543,-1.188199992333421,0.7581820102019663,0.9005060674256379
0.17343647483971275,-1.1797392197351797,-0.7976954662980695,-1.4160001803117583,0.5959386062970393
1.3130071967715413,-0.13957092171444382,1.1463536198983744,0.5734252174200298,1.3052178879673892
-1.517359454741748,-1.1555538729160681,-0.3142095903732895,-0.2276374670358098,0.041248241227523845
0.7893377758653837,-0.13605652433537926,-0.6080718912509707,0.5259085631399596,0.656853389340885
1.1636177713030393,-0.7394076264221741,-1.188199992333421,-0.07815189653797286,1.2653504323075235
-1.5026332401264235,1.1674654611077853,-0.6437422927443041,-1.4100266946709943,-1.478756256469964
0.3960934812410343,0.10835568112808044,-1.1142757433325245,0.14863660075753676,0.5883303091265237
-0.8745076557910089,-1.1532932461346033,-0.9571839468359605,-1.0704862532706185,1.4318277838480638
0.9291956295630921,0.6567616600031916,-1.188199992333421,0.741694591844191,-0.39366442073362456
-0.8583949631008629,-0.13749854717498347,-0.9510327227071548,-0.7847984827841122,1.4527368861243934
1.241527316967008,0.2601621824220206,1.9765855213076582,1.231679522245336,-1.4811711620472023
-1.3954524798824444,0.15034873011437186,-0.6668491198173045,-1.2057039066449182,1.0522428138090794
1.4210249455045367,0.9011477341356083,-0.18911483145925193,0.9985395246653676,-0.8061270662806286
-1.0575323272501902,0.8812953886374221,-0.9182676336068842,-1.4298350891358083,1.3736264080730753
0.4926351878024039,-0.17597986524456188,0.14053764834727198,0.900439385436605,-1.549285483188356
0.4248906680545671,-1.0114481148927938,0.25043372925977364,-0.14062201992251896,1.1281687359755803
-1.188388967597447,-0.11525491824011644,0.18499551288175609,0.952545073420855,-0.5841434596438396
1.4042825186178929,1.083487362522257,-0.830035941551132,-0.9369712675499118,1.033212927587732
-0.9059093382138558,-0.19536291336891246,1.5885503405067387,0.2825958070764841,0.21415279135336426
-0.6052917697073306,0.10631263767448502,1.267429874234356,0.5846257699559564,0.29704590435450823
0.6074200548967557,0.6993909269065124,-0.5066845495841932,1.1402042498230267,-0.5762350472590482
-1.3061402281811256,1.033188816604016,-0.7629469536922575,-1.0066759932255152,0.6875463551707879
1.4114822138872232,0.5792044027596863,-0.6221204788053895,1.0848459273622362,-0.5536769248268583
-0.8546643858355324,1.2027016944957847,-1.0951221392968997,-0.752368243436597,1.3269541895260786
-0.32408117429946715,1.0838542677418013,-0.48345283608554324,-0.1483077837586644,0.7184571465594392
-0.023463605792941745,0.7821787166984037,-0.5732842097207504,0.15372217912080774,0.4142080872352339
0.4392321336755751,1.170042330324119,-1.124703192208681,1.1307650960294027,-1.2598915891299245
0.07633837021612057,-1.5292969685140347,0.5375186708836888,-1.1219208050866134,1.2635712546573001
-0.13866191862980468,1.0499384665101845,-1.188199992333421,1.5044555298385112,-1.1257454667574318
1.2047720967420332,0.8322426139297268,0.6329432533912771,-1.345012447307342,1.115130397222036
-1.5419860474842957,1.2556379049719697,0.06932002878954135,0.5723648543093258,-0.1208188150494628
-0.46774294139678185,-1.1226379950662035,-0.8152493887542394,1.348919589365599,-0.28517707349995414
0.5964036921175103,0.9890924621149885,-1.188199992333421,-0.7652917525476706,-0.3957437135981242
-0.8503667820827221,0.41816767539035243,1.6064096670401788,0.28028981096614636,-1.0802973740665136
0.6489453123772306,0.9995065974743766,-0.5673305332106994,0.43693523509668286,0.35243006956968076
0.34832827529196797,1.2513998297107525,-0.8512206530002735,0.7389651979761552,0.04818101024547544
0.21487883060318003,0.9497237453748845,-0.8633851585240992,0.8841596615652666,-0.25606751123784405
0.6615405277284557,1.0654183470446454,2.0136194555028553,-1.4673129985984275,-0.38738190134660405
0.060305922136667904,1.3371436596653372,1.37137909062366,-0.8632525389204949,-0.29142624675205486
1.3315437018416265,-0.9357285835018312,-0.3842538451954865,0.7418937436268157,-1.1812043918557302
-0.4721601149337374,0.8743263226359637,-1.188199992333421,1.4930969372820564,0.6442878127259584
1.3750543491601745,0.5427090658493847,1.824396084683406,-0.5195101550824349,-0.7512059820681293
0.7738197435683868,1.14606070122865,1.1821557198042107,0.08455030459549753,-0.14270840126060447
-1.501916884264078,-1.5164510194902259,-0.5344331780323547,0.2890653034573508,-1.0187275008237646
1.0686522602073352,1.2891073404059723,-1.181138800294088,0.897987095523481,0.9496050240493609
-0.685826004988602,-1.4223344977524373,1.6932460371220843,-1.1901503125976272,-1.5103474165791513
-0.0023449248065830807,1.3371436596653372,-0.8309402328059482,1.2791726840899227,0.9704006418987867
1.0804359952901614,-1.6637495995329927,1.981784202608102,-0.965675286278291,-0.5463450778716435
-1.2892048953760609,1.096589825224264,-0.16995044177777552,0.25684596211020233,0.40191089322232126
0.5144989213993029,1.3371436596653372,-1.188199992333421,1.5529887658722468,-0.9914121757566807
-0.3292805999353638,-1.1681838384894185,1.4230048683248506,-1.1652830357189554,1.4131980512457512
1.1364201624907384,0.5245637895485256,-1.078968647804717,0.9579841061543606,-1.4102390925053465
0.8358025939842129,0.826239340591923,-0.757848749197905,0.7783550713357689,-1.1059905710220272
-1.2596302392549528,0.604840305097926,0.07056832538046451,-0.6004640199218975,1.0039764348765734
0.6127512730058435,1.0291421933396243,-0.16492660147324162,0.9020827880824998,-0.4913922610468821
0.3121342359205811,1.3308182776754915,-0.4860465000800535,0.7948264721238959,-0.6037321625455323
0.011516667414055685,1.0678416280295424,-0.7980474189521725,0.7296910251499065,-0.9079812218697374
-0.5687246726094104,-1.317210286135853,1.4199905641421302,0.5183343883723626,1.4866407620425177
1.009526861921948,0.7622367780652122,-0.5999247549740587,-1.1973923897545204,-1.549285483188356
0.40829225633016025,0.1588851426859474,-1.188199992333421,-1.0114737892541086,-0.9407879023808312
1.009526861921948,-0.6378911383669508,0.09628073742496912,-1.4673129985984275,0.27620725923421824
-1.4711459988802549,0.8314922714240599,-0.25932257396593544,1.1857005546514836,-0.8213076252823109
1.306149205374235,-1.124812228467485,-1.188199992333421,-0.9143581966397156,1.0938388900759033
0.5908253631211888,-1.0659314068252257,-0.9475046811825584,-1.3968618541772226,1.0350889165973995
1.244693524851173,-1.5185719236444806,0.26545870159654245,1.5110232673132196,1.0266668661666698
0.8439115510343099,1.1370005954512716,0.79482103831807,-1.147401020963819,1.2453830894222284
0.9571877131633805,-0.727959970255407,-1.1838306704324044,0.8603228483339557,0.5545899368376827
0.7977964081064475,-1.465447460926291,-1.1031455244793045,-0.7820883099996542,0.912288009869955
1.3990304822769726,-0.862095825547026,-1.188199992333421,-1.3861487696775867,1.4932018830083817
1.4210249455045367,-0.6842966492522372,-1.188199992333421,-1.0841188067981145,1.343915539700642
0.4647892450494042,-1.6796139839385171,-1.188199992333421,0.1032577581064992,0.12692037808559234
0.7868539128827405,1.1093221829519062,-0.7251143140384756,-1.388373076182719,0.5631050337416558
1.0441468315127214,-0.9169348235571264,-1.0655535750276834,1.3644892009825385,1.4465958188903383
0.9322130394936542,-0.1562667090811154,0.00803939505450764,-0.4549865792690028,0.37073333275431325
1.2328306080001799,-0.4579422601245127,-0.3130810712178755,-0.7570165421484749,0.6749823920785185
1.0369567018261225,-0.9509300853668127,-0.8985213867149958,-0.8298500330953403,1.3824857231439596
0.932824173945952,-1.04880898548234,-0.8847117863660242,-0.7002999297815258,-0.9869690721990936
1.2642248505253468,-1.56201499485743,-0.8407052159605914,-0.9293928214304085,1.4503122994112108
1.3341375690256834,0.9650212398845144,-0.7052159327735232,1.3235600391797426,-1.5256247869402777
-0.865195029580517,-0.5899209473738987,0.06914234946577655,-1.2138600531097297,0.8023371975860248
1.3867902563293426,-1.6673701221136403,-0.8436712685697654,0.0690858750192476,1.4525991988576292
1.4210249455045367,-1.4135581035692415,-1.188199992333421,-0.534974584658685,0.8441021558909898
0.24549028960814298,-0.20685483281071163,-1.188199992333421,-1.4673129985984275,1.4932018830083817
1.3046952367990294,-1.0736390828980051,-0.19016501276584943,0.9718793478240855,-0.6591991552571177
1.4043436320631224,-1.3625700104869445,-0.8828135126961529,-0.3369798044815841,1.0340955244813286
0.4497356749361536,1.0935591241157332,-0.8001182629556683,-0.7888728185836001,0.9973701352763018
1.0874380018497052,-1.5781193608745747,-0.7579055157550183,-0.5010402955212135,-0.7774181954784389
0.7216782835196056,1.2828998160520562,-1.0860014565654934,-1.4220441432589734,1.2918283391154182
1.3229128891113937,0.679548180672791,-1.188199992333421,-0.8179836835810411,1.0224518071446616
1.4210249455045367,-0.5271545567932687,-1.188199992333421,-0.9790168539571799,1.4932018830083817
-1.3841826291608108,-0.8560610879534766,-0.2342011017809812,0.8274377100084345,-1.2751463701738472
-0.7829480235690232,-1.4594127233327414,-0.8764414666601763,0.22337725033050201,-0.6666487893663223
1.0158938200723648,1.0993277487666189,-0.038391675005237644,-1.4464757422432173,1.289262838090156
0.2647192365837445,-0.721147158947737,-0.6420563259980367,0.7830231250502125,-0.8625438859965354
0.8036000597182247,-1.344014098983979,-0.7889363865354754,-1.362325838339971,1.1359545206384096
1.1724531812194763,0.2809664549796347,0.46660361707537235,0.0017373338388791606,-0.48333970730469655
1.4210249455045367,-0.6240612647354978,-0.49675664641063455,-0.9043530887185255,0.42940639498614774
-0.8135998705899639,-1.6226892790771996,-0.8884782474304969,-0.7945830821631469,1.3304044388084801
-0.21236526499817604,-1.142767119356459,-1.188199992333421,-1.3986435418410794,0.7219068580009554
1.021457800694589,1.0274425902368811,-1.1526544772657372,0.8758721710293407,1.4288761130667982
0.6588733244101233,-0.5228236886422244,-0.49381897708001726,-1.3954944876482636,-0.5064141569872538
-0.8408612499538092,-0.6936537989355548,-0.3766721038274237,1.2423728517424064,0.6549176999928937
0.930371664817818,-0.7419428988258269,-0.7003237908814923,-1.0555023507838115,0.6606360242907108
1.3216954029981638,-1.2016991370758638,-0.16758441167728996,0.8946100579226738,1.1640723043071057
-1.3620792245743587,1.0476522416901466,-0.710829009940894,-0.42344584895594534,-0.9302725752225711
0.14100702369447962,-0.46072658011178047,-1.188199992333421,-1.4673129985984275,0.5909716457166837
0.4416240607797423,-0.7624026644476481,-1.188199992333421,-1.1652830357189554,0.8952201672000031
1.3434762348780558,-1.6674298508703105,-1.188199992333421,-0.2591920792425623,1.4932018830083817
-1.453784997643633,0.603708658476018,-1.1689686181145509,-1.214642244427545,-0.39378167004672887
-0.49231745485556866,-1.6032731668196925,-0.7937093186575682,1.5123900999231903,0.9641552335328863
0.9109519376088472,1.1599684355607616,-0.4024480944158952,-1.4571039336237182,0.44156482605052444
0.5392344555007387,-0.5791863032398796,-0.6231530624792818,0.6326790128192377,-0.5054879949819074
0.8016199840927798,-1.3628739871949969,-0.3447040171890249,-0.4727212323833767,0.12867051232798293
1.4210249455045367,0.5353197653813554,-1.188199992333421,-1.4673129985984275,1.4932018830083817
-1.5851475510331399,-0.7632601987398386,-1.0943654410905785,0.5294740741436261,-1.4598721251286682
0.8498581549657983,-0.33795145431427487,-0.4647919657656626,-1.0755654246060304,1.3511242210930083
1.1905852747085193,-0.833282033378461,-1.110747134142357,0.6728249154662415,-0.9930149415963623
1.4052571452139921,1.3371436596653372,1.5395375274294771,-1.2755287640928825,0.9089082177435928
-1.4788951837353903,1.2750614833240606,0.18069487851484659,0.11720212032314474,-0.17158400273739163
0.5496115185007544,-1.3762644278309493,-0.48712392933406545,-0.9425507209773324,-0.7629292998558944
1.4210249455045367,0.4337899450143754,-1.188199992333421,0.8696306580564654,-0.08723764366281832
-1.5844253495369027,-1.6058532357908475,0.39167005868900023,-1.1867070690422743,-1.1800367392926603
0.9473372886348663,0.5426264055164933,-0.3024759430179542,0.5546312690329284,-0.006001618430821521
0.44771414845220514,-1.4708262487814114,-0.5806587531553494,-0.9742382790121641,-1.3991455863948523
0.26986977146345736,0.9055169993445118,-0.8438960641359344,1.25323169612584,0.42954946066177047
0.7614780161595494,-1.6264777887859816,1.4881110003437548,-1.2169792078392025,-0.9056798007194028
1.1555906531274243,0.6867860260792644,-1.104861009835271,0.8940243487925418,1.3902386995127551
-1.4995084831007621,-0.6304709069356457,1.8656648040392607,-1.3661759281643855,-0.97359135584661
0.30419533367460194,0.6802345280820254,-0.061055722932753825,0.44600491695042394,-0.09527513786020146
1.0904633830992105,-1.1899597699278606,-0.2149407766179832,-1.2039403722266626,-1.2480773762324593
1.1718654293027448,1.3371436596653372,-0.22556861144074977,0.4032908639698419,0.6244371813128814
0.9054038996245091,-0.7745867975158547,-1.188199992333421,-0.6077669638434534,0.5804557807175379
1.2060214681310348,-0.4729107131799871,-1.00141417747642,-0.30573700096398126,0.27620725923421824
-0.880468076675332,0.25162736972785577,1.8874631619707973,0.5094601208683281,-0.8309215311159716
0.6141228712853048,-0.7462359032114819,0.023716047466938017,-1.1939939953941823,0.7829700851292815
1.4210249455045367,0.15879181650365062,-0.939644216019069,-0.2879030389177892,-0.1297765550024485
-0.08206130276430151,1.0638190029263126,-0.8712955782578486,1.1171181266892234,-0.10606422602933353
1.1204079084192744,-0.142884267832217,-0.5712900005693575,-0.09100279266664171,-0.10606422602933353
1.1860267431156408,-0.19196477374836649,-0.5924792533430681,-0.3930327555461139,-0.410312747512653
1.4210249455045367,-0.19196477374836649,-1.188199992333421,0.21102770413181873,-1.0188103283201777
-0.3433064013262287,0.3602249152032941,0.22956350453704025,-1.1395369281855914,0.1111551860410463
0.701052230043925,-1.6796139839385171,-0.05369537113743317,1.3747014694711772,-0.05972170394533141
1.4210249455045367,0.43211647324267516,-1.188199992333421,-0.7395098724420924,-1.4369418168035053
-0.6097349828861665,-1.629926591191203,0.5942443560759451,1.5529887658722468,0.07863840176739813
1.1431468928361166,0.08890117181271405,0.5051657069880613,-0.241040969317338,-1.549285483188356
-1.5392678277247278,-0.6268311858260683,0.2908929575111915,-0.3613179676428804,0.6640895006184273
0.21694233936689503,1.2314808226537828,-0.11130547928951583,0.3571677382491562,-1.2714842115824403
0.5475602324260855,-1.3756586075847252,-0.8467701549225848,-1.0575403195620376,0.9075689939379529
0.07455438903667413,1.3371436596653372,1.5897963664353776,1.3175134066375855,-0.8339382806444192
0.6345358248345755,-1.3206836199947067,-1.112550039996278,-1.2034096567523225,1.4134357769172745
-0.4384233674818502,0.1528477386300466,0.45357909821127895,0.29240283105302595,-1.2484877488283241
1.3652799178722508,0.2767646436063954,-1.188199992333421,-0.869954290061259,0.57700499359425
-1.5851475510331399,1.187806835801207,1.4079674073455168,1.461705704285715,-1.443180771078776
1.0353422440295306,-1.3044443309825842,-0.7690561705687993,-1.3663985723824938,1.47743238823675
0.5151515067101046,1.085055242384844,1.4727987892279923,0.5198907622231693,-1.5242204843874558
-0.28623335195803623,-1.6796139839385171,0.26444030956192854,-0.6689535459801985,0.8121382720479436
0.45600166304662526,0.8936555082208171,-0.7101608675636696,0.8582918205025771,-0.8045119301005734
1.4210249455045367,0.22859553452193357,-1.188199992333421,-0.3498290988532882,0.4124832315144759
-1.4578105137098554,0.8726667164684903,1.5795108339520045,1.268460133509275,-1.393288499148499
0.34589277164424564,0.07733192496272608,-0.3472096930200095,-0.5437207116055347,0.22597776106854545
1.1821696875897474,-0.6432128639277523,-0.8654134276097604,1.1804435882929778,-0.8897150697062253
0.5140387105856596,1.2816001823020136,0.39688520229100627,-0.7687248516422461,0.9706410567747391
-0.2707185081886164,-1.4164341498613953,-0.1712038473588389,0.8892746054728924,-1.2066442657540324
-0.2804488315117223,-1.2292111623245057,-0.8110021149510164,0.7148309918683778,0.6193841661907978
0.35503640589314567,1.1104516964039335,-0.1940342212986973,-0.4383176284552158,1.0246080112558307
-1.1502664004631133,-1.2861427999879365,-0.33775068160820726,-0.6813869174600402,1.3765786166952272
-0.5490317948713255,-1.6796139839385171,-0.9799910464874023,-1.2854473771379729,1.4932018830083817
-0.0905783913442805,-0.3496860218300459,0.2738658287050337,0.22470350509736453,0.8679150611097494
0.82056887206285,-1.6796139839385171,-1.188199992333421,-1.4673129985984275,1.4932018830083817
-1.438708576416079,0.2346185396811371,1.6938886345486077,1.435555953997219,-1.29180437808882
-0.7914008101761952,-0.9039123547256589,-0.5974060228349382,-0.9418171162874496,1.2135907768217524
0.4299450156857009,-1.6796139839385171,-1.188199992333421,0.3938266159837691,1.4932018830083817
-0.025140239877288972,-0.5754868533736325,1.4625251777216133,-1.2928170609330627,-0.38002101098355634
0.2555001405155172,-0.7009721715050387,-0.45673338531784746,1.4237995917945032,1.3429339800840583
1.4210249455045367,-1.6796139839385171,-1.188199992333421,-0.0863512904408342,0.5295797978071344
-0.9934992536022206,1.2166280940643561,0.9965307810401782,-0.05903652891993308,0.821817794469672
0.3275497039138447,-1.4117769067185473,-0.7252766663918199,-0.8843668992306173,0.6670594579898106
-1.2434415533242167,0.8801392105618817,1.0609608233638623,1.2467317663626418,1.4932018830083817
0.995679086654144,-1.272271862836273,-1.0669874982603673,-0.019040657508633124,-0.5908030054918052
0.3944444810623562,-0.6689207607494783,-0.4247477010467435,-0.6231011171865657,0.017694037474833585
0.9749451546621015,0.5377825100090516,0.8597330287116467,0.055482153117118044,1.2346891990898832
1.4210249455045367,-1.3861970000896857,-0.3622738342811865,-1.090821091857867,-0.627394472316268
-1.2520436693062547,0.9024351021588346,1.2728476744452566,-0.3294045618760105,-0.8272674401378518
0.5516601474691092,-0.9076198039789601,-0.6538728525267574,-1.4673129985984275,0.9613278039962401
1.4210249455045367,-1.6796139839385171,-1.188199992333421,0.04283788363690969,-0.5599158791021289
0.8697338416183096,0.43211647324267516,1.0271864248781157,-1.4673129985984275,1.4932018830083817
1.4210249455045367,-1.3671691247505333,-0.8995346697594695,0.3448683804353701,-0.3322903215733064
-1.172970842497869,-0.428290665485157,1.0981043170142875,0.7228680743988052,1.3016197324413927
0.8832345988014612,-1.2102739467052988,-0.4137667782387316,-1.2775085357013871,-0.4151699885523055
0.6592139654396214,-0.8606868668405788,-1.1714901885815272,1.112836630322287,1.3311084725279911
1.1272510200212207,-1.217160885666336,-1.1325534393918901,-0.3073547754984391,-0.8858915588490786
1.4210249455045367,-1.6796139839385171,0.09413042024151429,-1.4673129985984275,0.331103602765971
0.16871532834039696,0.3766935199776316,-1.188199992333421,0.6468983433148424,-1.549285483188356
1.4210249455045367,-1.433361386160163,0.738521102304164,-1.1652830357189554,0.27620725923421824
0.8098320368678729,-0.4616011797630195,-0.8670800937266091,-0.03814855026083718,0.21159966066847558
1.337388272890644,-1.5144629051610676,1.9293233888517733,-0.24259787708713304,0.40800194125399714
1.2621926956161407,1.0879216894125332,-0.4059267490358031,-1.2140180931302575,0.7900303224371675
1.4210249455045367,-0.4204571323893943,-1.188199992333421,0.2961327891050796,-0.7279142446677092
-1.426237182219102,-0.7623280035018106,1.7003242591285512,-1.1049656736951137,1.0595461551973464
1.1300500158127444,-1.2980746857177063,-1.1089697732391373,1.105933591722945,-1.221331624663437
1.4210249455045367,-1.2653710582710085,-0.742988967542336,0.5018731320450126,-0.612834043855912
-0.7330821093678411,0.8904829513151944,-0.9451517073902088,-1.1096513467361706,0.9977520023052191
1.3479454876987724,-1.2483419631104196,0.6125969839907002,0.8198667387547672,-1.478113536611434
1.3923122546718005,0.7014441029170431,-0.15157624257131724,-0.8234104361778166,0.20818329536187877
0.5013696276788958,-1.1086102699282816,-1.188199992333421,-1.4673129985984275,0.8166808761694037
0.3644521278286342,0.25921718816470607,1.9830784801102868,1.3359496293025466,-0.7741002550539438
1.4210249455045367,-1.5508371846806186,0.05635795313827263,-0.4762312158122632,1.0513919495277448
1.4210249455045367,-1.249161633637221,-0.2647625131341105,-0.7782617126107236,1.2634120537551037
-0.18748730999829158,-1.5032296325673487,-0.8521970377826237,1.2844510072079591,0.8205630116831022
1.0120463301292035,1.2749804228685804,1.807232716140176,0.13355071974396987,1.180777104379143
1.3126633672144659,0.9733048718251828,1.486112249867793,-0.16847924313550228,1.2185453670617348
0.9594032084082755,-1.2169433023384668,0.13954763959121455,-0.10965845603578116,0.33364812799668697
1.4210249455045367,-1.6796139839385171,-0.8238126238947925,-1.0157488785931859,1.246394768128417
-1.5851475510331399,1.2274491315785583,1.0509557176726292,0.9349834100586808,-0.07851601585869851
0.9911784799789182,-0.5457744633926662,0.4875351496797885,-1.347787224289381,1.4534930904098273
1.2917960484854436,-0.8474500144360636,0.1664146834074052,-1.0457567274909203,1.1492445689265078
1.0537878760636654,-1.5904405501076402,0.008826179536099038,1.376025588562087,-1.4955062351764083
0.13485157120668415,0.47476280550504457,-0.8299632803580269,-0.7506143195601304,1.3682426208062255
1.4210249455045367,-1.3352921006327505,-0.545959627454226,-1.4673129985984275,-0.17741473578034095
1.4210249455045367,-1.2970832950154787,-0.5963944427871778,-1.1652830357189554,0.1268337857029787
0.33936851280002023,-1.6796139839385171,-1.1087245417124074,0.3448683804353701,1.4932018830083817
1.4210249455045367,-0.2234039647480597,0.1539618037734436,-1.1652830357189554,0.09270455445370451
-1.3636150320240459,1.1002460784004198,-0.6381252419179353,1.4156268938410554,-0.6759319230552165
0.44008878475131774,-0.5242635783119474,1.124422428223192,-0.39655395127375404,0.22072359345517306
1.4210249455045367,-0.17033549773924828,0.6637941741856848,1.5529887658722468,-0.7013561995678305
-1.5445926687786613,1.036735211531296,-1.050105124174849,-1.3577480169345446,0.4920293606832915
1.146656398856094,-0.8246954913146802,1.8910644323540702,1.4989994116973804,-0.40223276388529156
1.4210249455045367,-0.5230194069788128,1.7782965313172028,1.1969694488179083,-0.09798424240197222
-1.5851475510331399,-0.004605263339088324,-0.6347850976973841,0.302387650052662,-0.30382294132884063
1.136464270455556,-0.426366546252431,1.0773260541140777,-1.4673129985984275,-0.4986789293676897
1.3612703444439147,0.6695713451390222,-0.49769670059643206,0.6168109404878557,-0.10976349564186032
-1.2671158391637056,-0.5813450711595234,1.4070932023659708,-0.8085060876202617,-0.9212922459523819
1.1328591086082624,1.3371436596653372,-0.9871617979819644,1.496245991474873,0.5105784171527343
1.1105691751585434,0.7337920242860724,-0.34492143310276924,0.8921855317969402,0.08768327194388344
1.4210249455045367,-1.1420114439260896,1.4270903574403004,-1.4673129985984275,-1.2450369617050365
-1.1629083808854708,0.4405275620837377,-0.9819954736190758,1.4214300593245612,0.8218468378775051
0.7673300271062475,-1.361909794408753,1.7170686904802843,-0.5992397436817946,-1.2761688056977514
1.3499122777926453,0.7273007883379737,-0.924954166369269,0.5811809246436386,0.07222464920424272
0.7184015400127639,-0.1777263980846886,0.03840609711673805,-0.12357131703211893,-0.8101818487186687
0.09294156473189324,0.8413000532447538,0.3161603197479271,0.46247952125248104,1.4932018830083817
1.4210249455045367,-0.647198158558063,-1.188199992333421,-0.7781031386712073,-0.3322903215733064
-1.244419368447893,1.091790726284325,1.6443989823915934,0.7804720601242591,-1.34247598146262
0.9956567669611037,-1.0276260752708357,-0.9786138898118317,-0.8899522257669091,1.3402291782693738
1.4210249455045367,0.5065737013565141,1.104258379470949,1.192828373144887,-1.36577793783987
0.5736120969956442,-1.4003911124783315,-0.785256210637815,-0.7322106659534543,1.4932018830083817
1.4210249455045367,0.40966326036699313,1.101310492160051,1.0799701791613552,-0.3322903215733064
-0.9561839153661829,-1.5133547234078515,-0.6735390585731161,-1.012955948365546,0.10488718835794225
0.8981590335478351,1.086977228447689,1.5047822028368116,0.7058712973262203,-1.208849413385809
1.4210249455045367,0.597698985628571,1.090862607323334,0.11047207147600245,-0.6003518325782843
0.01050058995945262,-0.989616187744974,-0.8358584873142513,-0.6343571972972721,0.8908308477309961
0.21371501803749998,-0.127400654250464,1.5733374708659247,0.4755044749713256,-0.606362742317976
1.4210249455045367,-0.3360646655544676,-0.3533836237716605,-1.0397442657640128,0.0021348384895485905
-0.020703403753607595,0.9355061681175469,0.9697273157679546,0.6631775332671923,-1.2852325003052396
1.4210249455045367,-0.8745482047277775,-0.9569937788696307,-0.9428870899399425,0.5402602421173348
-0.8370743420346146,0.3774907922206818,1.23378092983983,0.4443401575449986,-0.06585093867989893
0.9742335815911216,-1.1708828316814435,-0.3904970311468157,-0.11159391236825969,-0.8935574049943746
0.7994284028047138,-0.682583180545267,1.5773270244998532,1.329789805934876,1.3568914889114334
0.6125216990202846,0.4648611642095835,-0.5342413070693114,-1.1753100343186647,0.015416819164360003
0.5444641721486189,-1.1306085843268252,2.0017399180957387,0.7544766124233729,-1.526349258613449
0.9984711739692503,0.6856207820317294,0.34690792540838816,-0.8085504028962881,1.1394440323054746
1.330209834471829,-0.7055142234743089,-0.72931220093701,0.7988452803486037,-1.3318385644232833
1.1436358003979548,-0.40383867243091154,-0.4081923023301979,0.4968153174691313,-1.5110761909794093
1.4210249455045367,-0.7055142234743089,0.818480771657355,-1.013335564766206,0.010167492118959832
-1.2019678437062402,0.7880182692478351,-0.71184342831651,0.7846462387745532,-0.3558848633924314
0.7973771167300447,-0.40929372110928003,1.0502858722986914,-0.889730649386777,-0.2990603602850888
0.6785465395614821,1.1988790540689054,-0.7451177134340877,1.2977194279854551,-1.4326294085811673
0.5540797084789453,-1.394946729649368,1.5808817463062927,-1.1329440965184343,1.4764658881649686
0.5308172741181788,0.9173038295223692,-0.9679701603530734,0.9981748579963794,-0.6069269374071795
1.3959035995662596,-1.3185189858578898,1.7945300636549153,-0.9851761434058618,1.054147308385694
-0.7239400693827297,-0.5149122948458028,-0.429553557771962,-0.6109122806033516,1.4348751903070018
-0.3787713307249613,-1.220357974025591,-0.5570069671340605,-1.3056727623326256,0.9303761367002679
-0.47073750021304084,-1.6796139839385171,0.4337828967491306,1.0926320679681762,-0.14943248801486608
0.2887761457324983,-0.4729107131799871,-1.1718177316160714,-0.4175188142671609,1.371811195083503
-1.5578925487244488,-1.4558855269343909,1.6555416898873787,1.4930761144415143,-0.392926503038308
-0.9566579431326608,-1.55546189698278,1.024488878084088,0.8890156547635815,0.2155710777692166
1.3579308932280543,0.3130583959629355,-1.188199992333421,-1.1190509905246624,1.1301200227092596
-0.6612764683291701,-1.6796139839385171,1.0596410009109762,0.9951603513886071,-0.8285388959918811
-0.36065943124390754,-1.6593067399631922,0.738521102304164,0.6931303885091351,-0.5242898366676759
0.3999829534639623,1.2529895745646205,-0.5539427083810803,-0.9911709858061565,1.4932018830083817
0.6393765411180363,-1.6796139839385171,-0.6301858712400582,1.3134689703014413,-0.9393061507404544
0.11259299161147453,-0.14827798787650495,-1.004371715102027,-1.1515218077152864,1.098398167264823
-0.7161861017362284,-0.19700598746980744,0.43415585302936577,1.0092744998435226,0.7584246406240635
-0.11495149614444058,-0.19700598746980744,-0.20808451184982946,0.40521404016559026,1.3669222214315884
1.3145073989966163,0.4390562081582689,-1.188199992333421,-0.27571580409154006,-0.7883008679617
-0.6950009930920114,0.6915360621119392,1.2745625921356518,-1.1021759469814034,0.7343202256452009
0.9682609380177526,-1.0783075251827288,-0.411303109660011,0.38776396587196427,1.2566987238185583
0.28093289931383514,1.1487452955239772,-0.9188739004368551,-1.4673129985984275,0.7793030859699024
-0.12526850854175225,-1.5167347310844084,-0.9242763736773354,1.2661893760521628,1.4932018830083817
1.0746201209893387,0.33549294360215803,-0.04954460048130297,-0.9503587522617918,-1.4499634824895897
0.4733855153975506,-0.2678581584846367,-0.691784965360498,-1.4673129985984275,-0.8414659016820648
1.345874539037377,1.169475973720695,-0.955153974753586,0.5479690278972963,1.2458870463322225
0.2411549549456689,-1.48466785484721,-0.4419252612292517,-1.3550981769957609,0.4234229151316316
1.181822669505095,0.9996052565813763,-1.1161433630615547,1.3860429766200073,1.203788088837176
-1.2679836500859687,-1.5696517430316637,1.3194768597893276,-1.4673129985984275,-0.9832122536117861
1.0325017973795034,1.1600014996939185,-0.6335861880111495,0.7993407571697182,1.3272220342872065
-1.5851475510331399,-1.2684060257193022,1.0671228331385194,-1.2378906789337825,-0.33348325265800904
1.3475899668739137,-1.163762310618429,0.48905706107599817,1.075254072737967,1.4733356542096172
-1.1601933496534802,-1.4764263530116928,-0.3643225393274084,-0.8632439962166826,-0.717230035471308
1.2380209994746074,1.148997009569944,0.8519491984002604,-1.0714569179912934,1.3955310538290195
-0.3424226477660798,0.07623494235138517,-0.5230151527345698,-1.2394748165719793,-1.0579248067399243
0.6448177634285379,-1.6369004568248942,2.023001264396983,-0.04516798319962196,0.9002500551639973
0.2356754703042411,1.3371436596653372,-0.8010452608333299,-0.9028698617691117,-0.5491725074082899
1.153088721821844,-0.6959288246137169,-0.353390435758514,-0.5309547085960008,1.4932018830083817
-1.1011141850179624,1.1748755599821554,-1.0561558714975638,-0.37535790135842634,-1.2010372745195756
0.06285355567085521,-1.0590364684771343,0.6814122428513926,-0.7756118726719399,1.2587140136176476
1.4210249455045367,0.75101790436819,-1.188199992333421,-1.4673129985984275,-0.5667787288049267
-0.24889675687148385,-0.8975555084800676,0.8005419719439564,1.249079942073053,1.4660043450952882
0.5959562354141758,0.3133479737742909,-1.0234827442198169,-0.11907251563695652,-0.6514063786627732
1.146604319572333,-1.4026058761073534,1.1273203609638298,-0.6972539219534458,1.0635826510452693
-0.2053420015881175,-0.28757611428031526,-0.9285701960573912,-0.7560063674226682,-0.6594406458148416
-0.2323791211790328,1.267842836446517,0.2040276364851583,-1.056575527950234,0.6467995296626405
1.2884969852855612,-0.9173843891095621,-1.1161620960254022,1.5281412439961415,-0.5895648957726954
-1.098350263029788,1.215638303239539,1.4922878836161573,-1.4483060165350063,0.7639326691355329
0.7831190842473068,-1.0832127493242514,-0.28321788851724083,1.2031223312387311,-1.2793167884023342
-0.9879857579999692,1.194567384446791,-0.7657500862825161,-1.1766101270551017,1.075076848615684
-0.7185498635134636,-0.2092055860196519,0.0635491405933953,1.507809075003834,-0.956661200443423
1.0696295439097487,1.258642474749458,-0.8130706882922278,-0.8527476828262841,0.991227454519589
-0.2667270030832178,-0.30501477805807004,-0.4200190468391991,-1.074731977065341,-1.368630645898149
0.7501900971149785,1.1961080663933945,-0.544211217495134,0.8671158996217141,0.9099715291748177
-1.029748560784946,-0.01351498063985094,-1.0959838556338808,-0.3725697764016808,-0.480590264696491
-0.7291315236996834,-0.31519053168324845,-0.9704315582695096,-0.674599739281153,-0.17634174321317153
0.8943391775103429,0.6335917020474698,-1.1290719464441266,-0.8424334358108857,1.3786401608104952
1.4210249455045367,-0.6405506679161758,0.7393198077627495,-1.4673129985984275,-0.44685204377119314
-1.080850029422295,0.4268918069114621,0.504049108809641,1.3886410264169287,1.1421934749136804
0.722853255931806,0.7329190245122441,-1.188199992333421,-0.42353981869788093,-0.6832992675088941
0.33088384091707584,-0.85437481716249,1.094516670604722,-0.9679214834619426,0.9222929260275917
0.7860472154057073,1.2836912220779328,-1.0943274074973126,1.2685055166232775,-0.6662507871108311
1.08666425249097,0.9820151377420656,-1.1623831298238279,0.9664755537438054,-0.3620022656275116
-0.6400047380191054,1.1150737422437436,1.1467822074045804,0.11506430869411201,-1.549285483188356
0.911072570235518,0.9172430341807585,-0.7486003417129935,-1.3406578040390125,1.0169496948829357
-1.424579679300218,0.6532083322737978,0.29091679946517923,0.8806774419237702,-0.8554287889182979
0.56062416133116,0.9591048932193642,-0.4526251895795522,-0.43991564798710764,-1.2063780345155617
1.4210249455045367,1.3371436596653372,-1.188199992333421,0.4661747745702971,-0.6561243189130037
0.2185562657422239,1.3371436596653372,0.09628073742496912,-0.7419456108665798,-1.2924078355626867
-0.010757323397777449,1.3371436596653372,-1.0384038337570682,1.5100627470533214,1.3737802305664137
0.9190407006509548,1.0970575227206891,1.8860445657085338,-0.5807357133053236,-0.9356972383967418
-1.1828871632629785,1.2682054753262992,0.18016411120583647,0.7333782696828987,-1.4083114707706423
-0.5816530890924535,1.3371436596653372,-0.46207625367335853,0.12931781000496592,-0.7998138899631176
1.3331863249651499,1.1464772026479286,-0.7785657042164322,-0.793234402798777,-1.1233676722013135
-0.10764498520127372,0.7691605142066983,1.0019894531722005,0.6216044651645428,1.3367176151259912
0.5715246742751003,1.2789427859226692,-1.1335661547707927,-1.0101363221884925,-1.437081655433813
0.9533970852953458,0.6292949646145227,1.9810269367362092,1.1608193958791169,1.3835468832116418
-0.7575173904557566,1.1792437586061184,-1.0736990083078821,-1.4673129985984275,-1.5319815283695382
1.3468034634048696,1.3371436596653372,1.1011929853868265,0.6468983433148424,0.5568386495812093
-1.5114234792355166,0.4845412562398735,-0.5678357555690084,-0.6730038554252141,-1.2926568558928118
1.162696286833227,0.9439583204788201,0.3533412793260474,1.297567261073798,1.12435598193615
-1.0303814835090213,1.2190012455570476,-0.04210420784045254,0.1401900023631063,-0.4948027101037347
1.374543653326559,1.0532784772514712,-0.7635373258862366,-0.8076470119681355,-1.46549256238527
-1.133722193707519,1.1868175782688608,2.023001264396983,0.8442337335414298,0.8363626255443396
0.9718947966132414,0.9248061879940954,-0.5095177684497219,-0.3228656560266687,-0.5364853787531726
-0.43195756497654,1.3003107486213563,-0.9344285047514919,1.3539592506958795,-1.454331288323165
0.75194166159739,0.3783888567406128,1.556195105948827,-0.4812068068639505,0.5197916315264747
-0.26763095065135556,1.3371436596653372,-0.37052542102318725,0.6721089301029716,-1.3057011108960996
0.43226148097054085,0.5944890982500296,-0.7994512559095863,-1.2899072024469915,0.26032105299036745
1.4210249455045367,1.3371436596653372,0.7917420202602404,0.5222736426678181,-1.549285483188356
-1.4974290316991612,0.5009746637111734,-1.1743262457749115,-1.4465157861673374,0.17749839714526294
1.411259016956819,0.2398997350141983,1.4000677732576192,1.3003452415697665,-0.5266235282711585
-0.8516188105780382,0.22391375992545315,-1.02829087160732,-1.0510307792570508,-1.194375039467181
-0.25038420498625025,0.7768996545352234,-0.46275064037186553,-0.4469703195791182,-1.1176149260868051
1.1328527315531083,0.06871231876578873,-0.08045682915739298,1.5529887658722468,1.3305378233481584
-0.38965749529480415,0.9405207172154746,0.42254709209967994,-1.4179569934037675,-1.3498782855738742
0.6634217589990069,1.3371436596653372,-0.47833930462077023,1.5529887658722468,0.956919122255344
0.4931846773882091,1.3371436596653372,-0.7994592032275822,1.250958802992775,0.6526706007720247
0.9214081823770303,0.5604277081740301,1.7107772529554088,-0.9208618638358316,-0.1460758230465933
-0.5222943968726674,1.3371436596653372,-0.21594327401660549,0.8251477314677448,-1.549285483188356
0.8392924374174645,1.2428010219201557,-0.50354365597911,-1.2323288448329746,-0.06165362840712206
-0.5789428406518288,0.3431131597098135,0.5272564126887324,0.46285433238224655,-1.4379174601703448
0.9241434076170099,1.3371436596653372,-1.078344783342041,-1.047296549853091,0.08332622292802395
-0.844879857543614,0.7555524902428765,1.1047159179212829,0.7893548703321056,-1.2936679967581142
-0.5442622890370886,1.0572280412862738,0.7835960193144708,0.48732490745263357,-1.0393623042483366
0.9588239592317497,1.3371436596653372,-0.8220046090507312,-1.0228259747827038,-0.5692334346077144
-0.5830788923407274,-0.044905642024749864,1.6988523023026014,1.0104945047317195,-0.9700711872490544
1.0900026408643042,0.700161001233579,0.1853525745259993,0.2849349061640947,-0.8690522985555914
0.7893856037790419,1.0018365522769763,-0.13576789174638382,-0.017095056715377577,-1.1733013578797968
-0.9154371900358093,0.45015615763442146,-0.5026234700883022,0.6109388994548629,0.8981868975260715
0.28332588926052815,-1.1916881708239981,-0.5230174233968543,-0.17053269556438827,0.04636418373324567
1.1851780633588411,-1.376018580002156,-1.188199992333421,-1.0766231181217931,0.9591108238649759
-1.5851475510331399,-1.1447648329500817,0.8347006800213606,1.090038289523161,0.29073057667345414
0.7718417936279934,-1.4155430181435782,-1.0986683461197726,-1.030617988497515,1.4932018830083817
-1.0318620231473703,0.23211366494828967,0.8280527485178127,0.7468074000758638,-0.3322903215733064
1.1183986046243721,-0.8190479240545451,-0.8883244100607197,0.39198886682614403,-0.1614763589705676
-0.9557486813518945,-1.0881446380892872,1.0016477184983779,-1.1764707741991633,-0.1595051721241134
0.4731771982625065,-1.6796139839385171,-0.5840778028902881,1.3027772425613358,0.08893321416248069
-0.4086233887452863,-0.17123516213658993,-0.6716924424702179,-0.17196733588586968,1.4932018830083817
1.3701126628367688,-1.1518704218239288,1.9660490806418445,0.9884062761869926,-1.3520495492298457
-0.709970067224466,0.9471042127609295,-1.1864958602888775,-0.6484019362837126,1.441756326599917
1.2443635122469323,-0.9670819144138112,0.7860937478274593,0.6828700673115521,-1.4505615615545984
-1.3827525745424343,-1.6720204324543748,-0.9091827138064592,-1.1485948638215906,0.5908576234488941
-0.11638155076281721,0.8154460342861745,1.2270035705860638,1.3444047704007887,0.5848235865511131
1.3454265509127796,-1.2952615679370443,-0.710608188033723,-0.9012366035839939,1.1859602769955901
-0.851150097024189,1.3371436596653372,0.16326754548103958,-1.1181262428369791,-0.4424331430534668
0.9698918698734935,-0.4943970668070737,-1.1730177766334482,0.8266144069285222,1.4554185607809882
0.22249144019375852,-0.24197587502513299,1.7805626522771687,-1.2441652948839306,-0.7638264184534074
1.0554490989313896,-0.6876574583998644,-0.9732125519024939,1.0679185597581264,1.328840397512576
-0.518543625599348,-1.5446323267890536,0.9015767932910598,-0.7442628192756713,-0.49665234490999827
0.8964515770302415,1.3371436596653372,-0.7681876422449646,-0.7393262043101275,1.465632159202315
-1.0526607885334827,-1.216248955542178,1.2737201764280892,-1.174600989902242,-1.0819173508145408
1.1616121874569771,0.33728960593449003,-0.6145773386961638,1.1796656683270683,1.4560763401843206
-1.4269524752389218,-1.49576300469113,1.732064711872925,-1.4673129985984275,-1.549285483188356
0.07613377302991654,-0.07596992841784471,0.1264640835077232,-0.21127712139724278,-0.028041800089987072
1.2690469670646072,-0.11440111699521782,-0.13096203502116527,-0.5675874243001886,1.4932018830083817
0.8332214809104649,-0.6630652094259386,0.05238940313047646,-1.3056092259730216,-0.4652488912699546
-0.2029336004248016,0.014801782946424634,0.8063253487826674,1.3993695945672247,-0.33728847692503844
1.4210249455045367,-1.6796139839385171,-1.1203951781893469,-0.4128117844665732,1.4882037276566498
-1.23380741724969,1.2944759957041576,1.7431830097491516,-0.22839296240421178,-0.9725936610034526
1.2213152406551016,-1.2756748020890514,-0.5734993549722102,-0.6078443820967525,0.6761527338460176
-1.5851475510331399,1.179690657696203,1.6252345927101173,-0.7126270513827018,-0.3848164003213419
0.6083447278941452,-1.4291003793227242,0.11564778371534025,-0.9616607494054894,1.0374441218363142
1.1484797052089932,0.9966817472593686,-1.188199992333421,-0.7719022035414405,-1.424300404623681
-0.8174904056554176,-1.491589457818815,1.9059809805667525,-0.5756741612965248,0.8339627795119033
1.1847980971558913,0.7751493886478048,1.0226910812203074,-1.1019047161353623,-1.549285483188356
-0.2793434752849577,-1.1828979110365754,-0.7995579770369594,0.9357661352954844,0.30209246538596224
1.4210249455045367,-0.1431098505471403,1.118821839698386,-0.8764152437383133,0.1529083118465236
-0.9746082905498029,-1.5904394835226996,0.16808362018653858,-0.5755849968254837,0.76466413274022
1.007536689292509,0.4817937334330542,-0.4675621737527954,-0.5664720675336927,-1.0486002593028236
-1.3080002026011623,-0.6275399315190542,0.5590138954002406,-1.3062958457919367,1.045420840013602
-0.1809279773507169,-1.6579703090327016,0.06603154213596343,0.877793745468124,-0.294501083096169
0.946022021009269,0.3305978520175707,-0.19637924777305085,-0.8401327788904307,1.319298024516727
-1.1133453768041235,-0.6333586856621453,0.6727065236524851,-0.9590755136642866,-1.497534433156757
1.2403709442990085,-0.862714978105007,-1.0770476675120002,-1.4673129985984275,1.0056292199186343
0.7967059316750431,0.37152058301603486,1.3725768649787524,0.1099979514144188,-0.6361053433026717
1.2614503001119148,-1.5381122930475604,-0.868323281327392,-1.0893389327464296,-0.7497715604257027
1.254140600641171,-0.9347606576682953,-0.22608291644819695,-1.372993539725604,-0.14127397961817795
-0.9256160329047753,0.8132184716378661,0.9282809170883352,1.2372936804069945,0.9569616116853222
1.4051737120757217,-0.010963176169619898,0.12417695892162527,-0.9952271683600432,-1.549285483188356
-1.0395878254669395,-0.8412931528668227,0.9135704314779742,-1.1533056310550962,1.0225889565705404
-0.43835321987515175,-0.8382875165043939,0.2713300665987793,-0.6712002770828382,0.41409137576301575
1.4086247617567842,0.6197314307452118,-1.0311053575090012,-0.3373871846696341,-1.1290010176391743
-0.8298432929107752,-1.0293699416486113,1.6554900323204051,-0.8382341629681428,1.2912039058470055
-0.2286092187402501,-0.658044260818368,1.0132502351067814,-1.4422946226460756,0.6827063250394809
1.3430659776631217,-1.2429951728035153,0.521408321974912,0.5362911517858564,-0.6543661170573262
-0.963509557474813,0.8846609974172817,-0.6915692524434671,-0.653150077846397,0.8962485189736513
0.8401937278792879,-0.9253933754280428,0.6622291202060687,-1.4673129985984275,-0.5932211381143584
1.183352631320891,1.0301410501364356,-0.9666009509954987,0.9432981304630083,1.4932018830083817
-0.8207182584060754,-0.8602191693441539,1.2823736703944526,-1.4673129985984275,-0.6166021571018213
-0.4291718547165881,0.9475068485759818,0.18945622893972527,0.8264926733991969,-1.0215560060421827
1.123769679328175,-1.3048347010708201,1.9473445000729865,-0.5562656721539249,-0.806610585236962
-0.7010103047325182,0.5683028380824735,-0.8835020910339382,1.4037338483773432,-0.9354116448863823
1.0536789347047777,1.1187998567335042,1.3462326411535759,-1.3277428376317513,-1.156247499072876
-0.46720142312991975,-0.8455792244503645,-0.5249985762401111,0.4317839846978545,0.983087770553904
1.1202325394025283,0.4708351064615226,0.7930641133754112,-0.8589934671510657,-1.3353033354096018
-1.4897218291237921,0.9188178468454591,-0.6991617794573814,1.310652013719329,1.4354781099399831
0.31398145623030893,0.003968479705405991,1.2275587475146326,-0.5015288313954804,-0.3900146324825913
0.9216032139805026,1.2728115223920013,-1.0483646615337527,1.3696329765155308,-0.5889888681840045
-0.909127625381782,-1.3371212938057686,1.9317796777780696,-1.1597868736537047,-0.6623267000080401
0.8335855044755294,0.9566400154217869,-0.2111584209175188,1.5529887658722468,-1.4825109236937282
-1.2236142260066263,-0.5887034406642775,1.7339079219823965,-1.0377837152390856,1.0548620989229212
0.9575581137835989,1.3160530090511893,-0.9256824812970337,1.3987801480041744,-1.0910670999637568
0.6569410766983366,1.0143769247153218,-0.6045625826902218,1.0967501851247023,-1.3953161592879622
0.7733504985932746,0.7127013736719245,-0.28344211641783856,0.7947196883262421,-1.3494388695701762
-1.3235219548469994,-1.13577725494866,1.8594551103566277,-0.42690297440499314,1.4687435687266632
0.48018186192836454,0.6742771178966647,-0.06726598428095733,0.7812179449508719,-0.35674863585502503
1.1475449352076086,-0.42784429968754295,1.9342002037733836,-1.0657840287409255,-1.4876607501752552
-0.837671128112815,0.8989553687903379,1.2632393669882465,0.46993569992367024,1.285982008686781
0.9660326886625489,-0.7254342971162191,-0.4562877678445075,-1.3422456791101274,-0.5395101958949073
-0.5727969537467648,1.3371436596653372,1.7915532253998898,0.7719656628031425,-1.549285483188356
1.297696418767063,-0.7896987062458312,-0.9445721208420814,-0.9744182097112112,0.7057070905206836
-1.2069244098250063,-0.48261183650662737,1.34124286078331,1.4963271471610895,-1.549285483188356
0.8490573031226569,0.7392177418785763,-0.8476114352990051,-1.0238089196401088,1.4069967458324868
-0.5155076159245853,-1.2918879597701305,2.023001264396983,0.26888103002479463,-1.3156382591021256
-0.23760990066943877,0.25302086295266535,-0.234688158841014,-1.4673129985984275,0.8493229773694428
1.1905608293304273,0.6106638588732495,1.5445352551177391,0.5925144230076443,-0.9007235969567631
-0.8848857816335504,-0.4900379341551053,-0.45314800957056656,-1.0559551140858643,-1.4734149586330922
0.7156025442212401,1.063484628547455,1.3209136213498671,1.5276986251548657,1.1058225228523952
-0.9497707235658966,-0.46465001281554,-0.7141231732501834,-1.233396148890526,-0.434359613516735
1.2421846850691753,0.4832810861326307,1.383768959379226,1.1391796592845367,-1.073552311517706
0.8221918325996478,1.0840803837491944,0.741528594500031,0.535119199606604,-1.2011819537178556
-0.9058997726311241,-0.9431605473674823,-0.4243247901962488,-1.015331353944359,1.3217887656588627
0.26394389296122045,-0.12682629825998556,1.3841578102954526,1.30200145827138,-1.3653326055864283
0.32202132851623294,1.0725825980902224,-1.188199992333421,-1.3150889576097542,1.1949567414923532
-0.2431271162205302,-0.5719985873256113,1.518523115651676,0.9027085411367519,-1.4710377019178598
-0.18692294061712617,-0.04484111363584729,-1.1232800546218487,-0.3896882870035911,1.2703512768636847
1.3283179747760203,1.2844618296974697,1.45907888003926,1.2450034705976123,-0.8530122698184021
-0.47538531057808087,-0.5255925431478545,-0.4676422145983253,-0.5671773745171972,-1.549285483188356
0.8261004359880391,0.43767018102804334,1.5663546166754083,1.3484620207926519,0.4635146504408755
0.666159109924038,1.259110705538353,-0.03924601168979395,-0.1616888614426853,-1.0577295704983793
-0.4139104988895561,-1.2130902642407826,1.4541691405145238,-0.074144300612019,-1.053918967822492
1.4210249455045367,0.8986401929404096,-0.7297271644695087,0.3484712657682156,-1.130785573698256
1.1204079084192744,1.1660842336097919,-0.40860726586269674,0.046440768969755165,-1.4350346330224613
0.5738081914416423,0.8840749089924576,-0.023812320141808823,-0.5409790376007686,-0.8265370522149365
0.9929438614141644,0.8840749089924576,0.6184280447373862,-0.07365042554786917,-1.4350346330224613
0.45165304285257984,-0.31438046042091167,1.8809037862963467,-0.06579327371648913,0.056814969985209976
0.5920067125885436,-0.616056011464309,1.5597833200239635,-0.3678232365959611,0.3610634914685293
-1.5851475510331399,-1.5699423874279597,0.2687261846239885,-0.45052782179796075,1.1936788315476943
-0.9839129454413519,-1.5526893094298582,-0.37351418025520655,-1.0545882814758933,1.4932018830083817
-0.3826783398495639,-0.9493376740505933,-1.0157539774688304,-1.1773229089044421,1.1074478780092805
0.43517685801863265,-0.6413276750453559,1.5643814111501473,1.5420290108000303,1.1238929009334768
-1.4441545815179464,-0.48885242499370024,0.05905039094216015,-1.3407896820291152,1.1048974365288207
1.3176789210934103,-1.6796139839385171,0.27096676063325353,1.4012564642717704,-0.8919589418817794
-1.2846718720038,0.9698678018543073,-1.0034787771586335,-1.35471268748623,1.388383148456748
0.7598651526267463,-1.265688900583288,1.075196740556755,1.5529887658722468,-0.1909252988316168
-0.6446158803170077,0.22996716275546192,-1.188199992333421,-1.387268931714977,0.10028434605727278
0.7318034528410221,-1.2611729799450608,0.738521102304164,0.07743796975275404,1.4932018830083817
-0.7495891166350348,0.8869701538135412,-0.9725932287643869,-0.1590342162330073,-1.1190385909115157
1.2855194319497143,-1.6453211449304213,-0.043055615337672715,-1.1795824540628004,1.232863767123481
-0.5181843848256494,0.1647337612073735,-1.188199992333421,-0.0004960492890538684,-0.3513094509769377
1.4210249455045367,-0.9750893008548812,1.1952154339337142,-0.4624870732162187,0.5322265128061522
-1.3844568425324506,1.1340866853937284,-0.22634404261091862,-0.877813043649604,0.1825411932905164
0.6621575078146451,0.06921148051795921,-0.1819395386401209,-1.2432837946342967,1.1584050748934396
-1.526438255596578,-1.3676106909159147,-0.5921636312855177,0.15115616446318259,-1.1441363980064494
0.5778825982640483,0.7441197662652771,-1.051744542344283,-1.4673129985984275,0.9856048658994443
-1.4831949131732522,-0.41967639221292236,1.1843786981807705,1.0751013719073217,1.099478151763508
-0.8741707347103508,-0.36856670844740425,-0.44903867850112905,-0.6439020670505736,-0.1528843508199253
0.5103352358047355,-0.4658701859875126,-0.6093400561368836,-1.3252611821742728,0.9193401795645539
-0.11684441868277501,-0.585616743846368,-0.5999099956692092,1.4020621480250695,1.0269330974051405
0.9353558648422534,-1.5426020823547442,-0.18070259536062047,-0.07873119864024569,1.2133589673999725
-0.8683479519331104,0.26745229049058017,-1.188199992333421,-1.4673129985984275,-0.2998886352492196
0.9822022434278215,-1.0326539566805197,1.6346606795187937,1.1853422950103543,1.4401277443977172
-0.8215010419262794,-0.499566804013849,-0.2920604151187916,-0.6268390840234435,-0.3853649980248571
-0.5208840048410168,-0.38223499446036613,-0.5511827183742279,-0.9288690469029156,-0.08111593870065194
0.12203794171642066,-1.5599708848188938,-0.8497010122663484,-1.044786596689234,1.2158733735410843
-1.3946112400233248,1.0956693624205822,1.4120744677526698,0.07343517909769431,-1.3786172754656685
0.8975213280323939,-1.4160144486872948,-0.9748939773241921,-1.236819637443313,0.7927421161833672
-1.0294137653893394,0.6117933723252768,1.2970852913359556,-0.00656243683377661,0.8716379957212516
1.4210249455045367,0.022985689195153185,-0.9246805515639824,-0.43350007742405633,0.7041296032026346
-0.30903663834768524,-1.0568531691038583,1.3192554702165855,-1.1276908675928465,0.7209780067911801
0.7688312921738483,0.8402532001256182,-0.7517962988784767,1.2306330410283273,1.4932018830083817
0.46821425508858594,0.5385776490822207,-1.0729167651508598,0.9286030781488549,1.4932018830083817
-1.327865792249679,-1.0707161068684679,1.8404683999989164,-0.7305475083049936,-1.549285483188356
1.1301121921004997,0.6190658817423177,-1.1368671300669357,-0.06856324542763349,0.014599301017944986
-1.5580424095205774,-1.348394563334758,1.183421614027839,-1.356739977884691,-0.33130822411583716
-0.054955629830476097,0.15998425846716913,-0.4221790143373632,-0.17358671217729227,1.189935458982532
-0.04723939309363845,-1.2902923486990896,-0.7761843471455262,-0.6304147394878872,-0.3568933150533049
0.40274793829466254,0.9337633683247121,1.2842980566805962,-1.352343155016288,1.287112012387845
0.7033649753799249,0.6320872839888445,0.963177590408213,-1.0503126582178277,1.076035818915064
-0.7380078530533609,-1.0806737438733067,-0.6210816508102147,-0.2793208251003385,1.4214721954328862
0.287059123632173,1.067077953212119,-0.20224436845400504,-1.250982372526161,-1.3859518116253122
-1.3051810128016497,-0.8124665616789712,-0.6902556743118636,0.7138389703881725,1.4932018830083817
0.7884837818959554,-1.6796139839385171,1.0928119708946074,-0.9036194840286427,-1.5377229798254446
-1.3158370719646708,0.43211647324267516,-1.1550290223497899,-1.4673129985984275,0.5920182840804489
-0.7146024663728829,-0.17123516213658993,-0.5127886574705947,-0.8632525389204949,1.200515864887974
0.05201734469972172,-0.40025548032318276,-0.9043070342159911,-0.8451847203574407,-0.9454730343370279
0.30465873301582247,-1.433478710503622,1.2283682386190695,-0.4142837991172334,1.0239292560579518
-1.5851475510331399,-0.9151050970916378,-1.188199992333421,0.4386298939654517,0.19341472247871885
1.0468985308118497,0.8892259809627734,1.3605758471394132,-0.6546781539908255,1.1496452603864282
-1.4897983537856452,-1.620863285659003,-1.188199992333421,-1.0576545782255276,-1.3904476235897076
1.1632404622064039,0.9322328189350438,1.5558107963571695,-0.8034680280469466,0.12346044766724604
-1.503558444545076,-1.4837959216583223,0.7977081854128564,-0.8624068112430754,-0.02894160789192889
-0.902323838953288,-0.8804448195715275,0.15546782053366148,-1.466467270921008,0.5795554350747101
0.9462383094632562,0.42697873358411575,-1.0860025918966356,1.4191737176801327,0.979996798983216
-0.6792602952858727,0.6953491032743533,1.0782706496244445,-1.2513689298736683,-0.2347921393182851
0.4878715276020588,-0.5847805412529882,-0.7652164806456503,0.7080870611275404,-0.36769746276723925
-0.0020505174269543195,0.018571094126276836,-0.12297611576645524,0.10402660144960793,0.24080011804028553
0.3026382693743998,1.1753752550267962,-0.4098566977847622,-1.2806853536815934,-1.549285483188356
-0.61694636942328,-0.5835198378532752,1.6539289519997875,0.7833899273951541,0.705692030975881
-0.05021056937433124,1.0277225687837714,0.48799609412354894,-1.0118053529458242,-0.581461247146359
-0.025663689821213573,-1.2101518227296073,-0.6519541428963253,0.1569187521035798,1.4593905157226155
0.719384669349069,0.5999030834081875,1.2747669517412599,-0.824390177521292,-0.3661022266999589
-0.22220027831006664,-1.095155834195897,-0.6181888270597169,1.1169979949168625,0.028461612008533584
0.8703800498739566,0.7148985386494274,1.3085322675778683,-0.695183384116935,-1.188533549606516
0.5697630127886942,0.8470825434998667,0.9874118013054851,-0.39315342123746294,-0.8842850281231963
-1.2281902945011793,-0.8385434968901224,-0.878222801222394,1.1419485631577047,0.23108456027920882
1.309358989801955,-0.01317314016640935,0.15491094060837915,-0.8414996115004016,-1.3952279533826908
-0.4943448269734085,0.5711436870715896,-1.188199992333421,0.9706812336144078,0.30246411343804946
-0.19372725846688324,1.1047577326988847,0.4174006360317809,-0.5394696486209295,-1.1457757370263655
1.2874973818901077,-0.42337690866411015,-1.188199992333421,1.0103743729593588,-0.5942559439786362
-1.0806321467045192,-0.44250984261990534,1.0609420904000149,-0.48489672099188397,0.9725928813493042
0.7230711386495817,1.3371436596653372,-0.8657784365719994,0.11916373868604861,-0.85289986107327
-0.9365569338646937,-1.3892181019337524,1.203111094362614,-1.0663900267926116,-0.40622246757615005
0.7365463876121154,0.7479408068147453,0.08433251248374526,0.6786675909548795,-1.0814064019730316
-1.2107533000239672,-1.4754157637805354,0.560531833137452,0.025292237844383697,0.8498247829158935
1.2785982014221269,0.6850378933617269,-0.08560442055643395,-1.0640541312189309,-0.41311382284589515
0.9779811643368642,0.38336234231832944,-0.19273653780308547,-1.1007599938245116,-0.10886476352168982
-1.5624282292030238,0.29955969695551876,0.2721565876703501,0.07599478672746032,-1.249643031051021
0.14394844038445206,0.5675764937379687,-0.15376459334803802,-0.8353077529934354,-0.023390014268709625
-0.15666912812207337,0.8692520447813662,-0.29952067605463173,-0.5332777901139631,-0.2631428080905326
1.3489349940902318,-1.216302284789205,1.0194621994516984,1.3273556692673538,-0.593064088575705
-1.2257537280109312,0.7677339568487319,-0.15620725830062676,-0.6616196347573228,0.7440685917003114
1.6711285600424752e-05,-1.2671463889045298,-0.535113809052144,1.5529887658722468,-1.5250336998067844
-1.0103655016431128,1.2903120480963073,1.4783040099368476,-1.2517869884414836,1.4155957459146442
1.1000874221697428,-0.8720262646358813,-1.0884656928097851,0.2886173454261925,-0.10796764492417694
1.1000555368939708,-0.6834119170440631,1.9208884461302964,-0.6159951893716812,-1.5143129174301488
-1.4738174535686903,0.7221641152643551,-0.18397745804049123,1.251374725884637,0.5877575085831477
-0.5719658108916399,-0.1579007172100157,-0.8538864105223178,0.3452843033272324,0.09784469979928764
1.0194447769508463,-0.2781213720749388,1.7689436733672026,-1.1291869085979789,-0.7695355994561659
0.7188277398655837,0.02355471226092879,1.4478232070948196,-0.8271564117995185,-1.0737846587803712
-1.08487607690978,1.2626848316740875,-0.4788973198771947,0.744341762188033,0.751708083642203
1.2544461678673198,-1.4762647653932015,1.4688921147674496,-1.1495799443549486,-0.4879113548339897
0.6532115622755318,-0.8729131300139366,0.8266517498882545,-0.548842596460008,-0.8357766207920809
-1.2098780492040244,1.2723758224437924,-0.7285611793864,1.261306152985446,1.0780376626920087
0.4775619551024272,-0.5376790836940022,1.1981599152511853,-0.5508746921293634,-0.7474545418896797
-0.4242896875746234,0.3673481027286599,0.23479908409960712,0.24155131877222208,-0.44320602040636026
0.7399591749622513,0.27599990220403126,-1.1757175940897604,-0.7969745053116079,-1.1100458913009532
-0.36419922827586865,1.3371436596653372,0.7510035005478249,0.0038276266779559555,0.5897749497457804
1.3858565491704844,-0.961523940288681,-0.8980150290255444,-1.3092126452248554,-0.5225628295833746
-1.2317051147337856,1.2158100234149651,1.8100420930517167,0.8793666708075673,1.3529173826062628
-0.931088077648523,0.9141339390790979,1.488921626779334,0.5773367079280953,1.0486688611229433
1.213845583384234,-1.5395073861497808,1.415246582964165,-0.28016815453472294,0.8686545923277236
-1.1429970890083474,1.3371436596653372,-0.177607682666799,0.04170170402987151,-0.1765176171828279
0.3406508323073196,-1.492129149798726,1.5668002341487484,-0.9927812854747786,1.1259926317516369
-0.7012111819698822,-0.04806593320355642,-0.35992029282326593,-1.4673129985984275,1.4932018830083817
1.0833997316731743,-0.4125884019905941,1.2832478753739986,0.16325850617029672,-1.4982185667634937
1.4210249455045367,-1.6796139839385171,-0.006220364092372901,-1.3468923760650404,0.023025116334875195
-0.1525575218112669,0.8904285554832271,-0.5455719118691417,1.1138484068050583,-1.2078135318397598
0.6614076724127389,-0.9196263506545675,-1.188199992333421,-0.6983324383097511,0.6176792105828144
0.581825744034526,-1.1121017357311243,-0.10673860976974463,-1.2317757047611269,1.4932018830083817
1.0518806051512335,1.3371436596653372,-0.3586651842454891,1.2871403571518747,-0.14067213566696868
-1.055333306064444,0.012847266042893265,0.30290192266852656,0.5245427983679654,0.9923262634492768
0.7055103230181216,-1.5882465848849587,-0.07104209566013922,-1.2024064229733633,-0.6765434481423703
1.1934884290675647,1.0415764405763865,-0.42281820577045975,1.5529887658722468,1.0456881469338444
0.819790339912749,-0.46680238122554063,-1.188199992333421,0.04283788363690969,0.18973535297896654
1.4210249455045367,-1.3718295676482029,-1.188199992333421,-0.8632525389204949,1.1024814552698108
-1.5381922310886837,0.7097837305670899,0.4996979522069006,0.4907120895142178,-1.3599859293406986
1.3912318752443906,-0.3527177895235179,-0.13785860404486958,-0.5653721944178566,0.3187897356855982
-0.5936525812080041,-1.4151238502619474,-0.44023759148627095,0.5509904754519158,0.3941514627628962
0.785434486689621,1.1852816959544898,0.4070810436141402,-0.20761230146175808,1.4410512171986345
0.1721562810174646,-0.8530762499973882,-0.7237451046809009,-1.4481063308333935,-1.547271269071038
1.2965283548312796,-0.4197238552427762,-0.8858681211344237,1.547990216304064,0.47981445632590597
-1.0838105772777304,-1.2210101907167286,-0.8715788433778442,-1.2976233996654685,0.9404256936514258
0.5711500222847785,0.96441488634582,-0.9328100902081895,-0.2558374662392624,-0.8076077422392337
1.1723846278765666,0.3610632509665549,-1.188199992333421,-0.859897925917195,-0.19911016143170893
-1.1476411794245474,-1.3676133573782663,-0.22862776120358977,0.7884925911660497,0.95643183841281
0.6777031740173112,1.2196406632288983,-0.11458545095952695,-0.6604861247452257,-0.694256699875281
1.2789377796090993,0.6162890278496335,-0.7568258158387219,-0.07341923862594836,-0.08575911906775631
-1.157176471144181,-1.6796139839385171,-1.0889516145386757,-1.2151649511170612,1.2795316829433911
-0.2553248284671304,-0.7745867975158547,-1.188199992333421,-0.30907452855965656,0.36678558065254724
1.3893724322456165,-1.6735333831925245,-0.9174836874531485,-0.025028025043092022,1.2175299234693457
-0.2731380691984526,0.885239086455052,-0.37157162867078664,-0.5663380538676369,-1.1928594038509988
0.3058512423296974,-0.36944610773087583,-0.30334390367621783,-0.3396205677975673,0.6768680622241304
0.8812003182072041,-1.107860460715085,-0.9654934354662168,-0.25943874981514303,1.4524642007952933
1.3298755704974852,-0.23069940574132214,0.995524877648129,-0.3937060273903223,-0.7534971842416338
0.12419657488618864,-1.6796139839385171,-0.610075750717073,-1.4673129985984275,0.7677464988567353
0.8591415530068324,1.087952620375808,-0.20409609354704342,0.2129781101959687,-1.3150439449233176
0.19545750913042065,-0.8831699440945958,-0.8452039656118266,-1.1716590962768747,1.4932018830083817
0.41477931568598525,-1.4839628422015163,0.2306857793711717,1.1841100099854274,-1.047370217197001
0.07726357463477312,1.0632398473036018,-1.188199992333421,-1.4038743461691598,1.4573741502417543
0.40987217174466567,-0.6815848570409259,-0.06847000295733204,0.5818664766245771,-1.3021207041193346
0.5690344342373026,-1.1847905660135556,-1.0407999501328238,-1.16541117627614,0.8979728368535236
1.4210249455045367,0.32358825578837186,-1.188199992333421,0.34474023987818536,0.6833334475123227
-1.1030565297337438,-1.3746010886161844,-1.043537233516831,-0.80741101977532,1.2515456702917158
0.40002971853509467,-0.013249934282128025,-1.188199992333421,0.7027398624600173,-0.2696980128066531
1.2709117242760097,-1.262617135954546,1.3721028642268558,-1.319714831724125,1.0395884934479958
0.9998629662567008,-1.3026284701213224,1.0509829656200438,-1.0176848688446525,0.7580911792748679
1.2804794326926778,1.2064752720153995,-1.1005518604847944,1.2145941146206987,-0.2074929494777753
-0.8548200922655527,-1.3925634455997418,-1.0158186913439395,-1.2649961442112816,1.3538752772238716
-0.5590427086212254,1.2632671870516199,-1.148215332499471,1.4612246432772837,-0.9529678470806399
-0.25842567153596296,0.9615916360082226,-1.188199992333421,1.159194146478823,-0.6487187877564345
-0.31665137362331514,-1.6656219893961028,-0.8343371435836127,-1.2658941959495515,0.30712020198641315
1.186435406066786,-0.15724316759417542,-1.188199992333421,0.24425668628578562,1.4932018830083817
-1.5003566314362986,-0.9713887844036934,-0.5220137906670897,-0.4134871919867348,-1.0779002172385066
1.3879832970644808,0.6529944819932205,-1.1215214266824762,-0.4435751287327098,1.3258688266185354
-1.0330019217562214,-1.2879869253501222,-1.005967423022484,-1.3354809255287474,-0.5038610263023648
-0.7323848846709589,-1.0304039957484603,-1.188199992333421,-1.033450428730287,-0.19961250481904538
-0.4317673161644334,-0.7287284447050629,-1.188199992333421,-0.7314204658508149,0.10463655450515975
0.7707013635978794,-0.538108917425038,-1.188199992333421,0.3206887912135903,1.3216311782793233
1.0272641094126804,-0.8709356815341839,-1.0865316562089324,-0.8959401272203562,-1.4387656352472502
-1.463771466015441,0.3728314159079528,1.7485712913503535,1.5112731413997296,0.3311278056058317
0.16819453550278665,1.29306703699771,-0.35888714148380235,-1.161619283621447,-1.3689754019059464
0.5612847179609045,-1.3804097102023403,-0.8945880319726097,1.4141420651346768,1.370622566725887
0.47580295072233536,1.1644118284230325,1.5744983469588933,-0.7809083490355776,-0.8031264519787548
0.7764199878075977,1.14831172874565,1.2533778806865101,-0.47887838615610545,-1.10737551130296
1.4210249455045367,-0.3497206858406132,-0.35222274767869177,1.0312730299982202,0.12406551866377019
-0.07405756712425246,1.190067462582672,-1.132073761984282,-0.844192698877235,0.13343524473527799
1.4210249455045367,-0.6199874435551227,0.7946473326533031,0.9679881462375745,-1.549285483188356
-1.3061816790396292,0.9178045911519505,-1.033612168671128,-1.066179128792245,1.2770603040731443
0.7179944713254074,-1.6796139839385171,1.5503600715431427,0.8529686481895259,-1.0581281105947564
1.3265462162856192,0.8828163387626258,-0.21473357868451942,0.23079498683453603,0.4929824147329278
-0.9270498074719922,-1.1130883268011196,-0.9873315299877333,1.5234096539220932,-0.33315839676298636
0.8023065803644048,0.8137133670502745,2.0046253621938117,-1.2227700931859782,-0.851437471704782
1.4035411859561926,0.21036173167100974,1.3623849973146165,-0.6187101674270338,-0.26190254700787957
-1.0766688069260528,1.3371436596653372,-0.8292088528139901,0.39321100739029397,-1.2558819853262915
-0.4754342013342648,0.7337920242860724,-0.2528801373991382,0.9972714670682267,-0.6473849423596526
0.9045137690092061,-1.5987657788609897,-0.7036122775350704,-0.5086822780003208,-1.1872464963667984
1.1404297359190745,1.0014685804724914,1.7999041536168388,0.765106939479827,0.7330251047921962
0.7302017491547391,-1.0709832863960718,-0.995680755207969,0.7200799494420597,-0.8705894478072057
1.3314363547465269,-0.586415615966829,-0.35344039032877383,1.2914950004202044,-0.835963789420339
-0.08819018418895364,0.3602899768846668,-0.275788849187813,-1.3428954585188517,-0.3098322375458751
1.3070818496905674,0.9952242589381269,0.08637497320868465,0.78785989716495,-0.25649025417408217
-1.4562284726102983,-1.5217668788338548,-1.0439266520986288,0.8440746256829256,-1.3396480140850877
-0.8549938670185103,-0.9184152434545896,-0.40168628721943367,1.2077834440063275,-0.7311504332775629
-0.5543768299332479,-0.6167396924111922,-0.29176749968408655,0.9057534811268554,-1.0353994926017682
1.2493269868421162,1.1933152137266028,-1.188199992333421,0.5226089437924515,0.7900932498208062
-0.9027266562705417,-1.648097465530635,0.7624272025013209,1.0347023916598779,-0.567828056373121
-0.30149258210001667,-1.0447458301513701,0.12018683762212594,0.8906980334956202,-0.7980228798134062
1.373953775724776,1.2813900650687282,-0.9875903854881701,-1.3251084813436276,1.017420843498896
-1.4567939048339895,-1.6796139839385171,1.52694159607159,1.4555939336269887,-1.1285002877744952
-0.06058125531919266,1.1020955366873084,-1.0444767200370575,-0.900643419588026,0.5124780711613771
0.5406528188513324,0.5388026985046739,-0.4022363551578624,-0.2965829599100935,-0.09601950964614749
1.0163800705278887,0.6768737189343982,-0.537923185963685,0.8709814730967882,-0.06427022431653505
0.38452709745472097,-0.18293026600956103,1.4436985490549614,1.0151310572258556,-1.3338775192213481
1.1850611506810105,0.47110868549877005,-1.0038188088357427,-1.2527549835672172,0.9181590809793391
-0.0974602966984161,0.6222432382801727,1.6717513802711035,-0.01945444472454224,-1.280472070625031
0.8809404532096619,-1.5623771004447415,-0.49061677559325156,0.2505019366915791,0.2898463662572002
1.4210249455045367,-0.9590254650654768,-0.429413344375892,0.8545623963695116,-0.3186512145503245
-1.5851475510331399,0.6474567729819604,-0.5189529379075365,0.8352708354853426,-0.8399911419732035
-0.08206130276430151,0.4521496048882823,0.8140728484975012,1.3382657698736615,0.4033485419100624
0.817859686464751,0.5620542502083468,-0.5570597600321758,-0.6398608342283585,-0.9263366556202924
0.001807600941464506,0.736135311400429,1.769586838459297,1.3149212299495356,0.33683429740416143
0.23409555488973566,-1.1545544828267864,-0.3899344745658222,-0.821445080381995,-1.38499821973479
-0.2826207502130622,1.3371436596653372,-0.7270438093147593,0.9891591019604534,0.28660426139760264
0.19885860521277327,-1.440952271181954,1.1029794289391845,-1.3782318189195204,-0.6328535573071299
1.4210249455045367,0.06742655061997316,-0.5026211994260176,0.13191906331581715,-1.0740976821759063
-0.7392465960171054,1.2987002053611483,1.631853005603966,0.7433315874622265,0.9308569664521722
0.4933175327039259,-1.10008185674376,-0.7596573317075372,0.12559799641368954,0.41416990053234226
1.4187919133579676,-1.1616046092837256,-0.8978833306130414,-0.4022754271520545,0.6151857802362494
-0.8271516442143506,-1.5745249696249703,0.8163974390112939,0.26048355217728514,-0.037928929093633754
0.10309543080150473,1.111430821379345,-0.36671638504087944,-0.5622428952276066,-1.1631544517283092
1.4210249455045367,-0.39694800042258227,-1.188199992333421,-1.4673129985984275,0.35808923137005977
-0.7709208975478034,-0.986464962538162,1.5263126226187735,0.7689799878207373,0.6867616453184067
0.8616679296905052,-1.0710867451353039,-0.04559989242749439,-1.1403191195034068,0.6976991775720193
1.4210249455045367,-1.6796139839385171,-1.0089601559135013,-0.5411498916770149,1.3984450757482794
-1.5851475510331399,0.7503784866963392,0.1488749525905137,0.42351891875943637,-1.1654080050398077
-0.08206130276430151,-1.0596764194414554,-1.188199992333421,-1.3886624602743616,0.6600847373827665
1.3657996478673353,0.45510991139073836,1.6536967767811936,0.9726754210355959,-0.9287881343777653
1.0651826107820725,0.15343382705487074,1.3325763105088104,0.7667636901004286,-0.6245396128944458
0.7645650422755472,-0.14824172398852675,1.0114564119019986,0.4647331933019684,-0.3202905535702405
-0.050196752421496835,-1.2977963070482268,-1.0683799819063584,-1.4560558506497443,-0.32265920483130023
0.8867472933490161,0.7827562724437036,1.817343975293211,1.5529887658722468,1.2162681487512608
-0.2731152180841493,-1.6755769599385903,-0.8364516978360861,-1.024814289095021,-0.7565440528596862
1.1765057997701047,1.3371436596653372,0.762367597616352,0.8011272501044692,1.2429402161189285
0.8758887626848423,1.03546810862194,0.4412471313439688,0.4990972872249972,1.002209627566723
0.575271194178317,0.7337920242860724,0.12012723273715685,0.19706732434552487,0.6979605682425175
-1.3720162707687198,-1.1557858551406346,-0.5554248831873106,-1.2160544601515189,-1.3885554993534661
0.10068171542555998,1.2348213666875396,-1.1514680562220676,-0.7918157800469439,0.05670847748982156
-0.8907749920686493,-0.8769090904936526,1.014869784981226,0.7358134741883977,1.4932018830083817
1.287298630337795,-1.6796139839385171,-0.8898003405456675,-1.117944176461979,-1.3306590793607256
0.6860640247460074,-1.076262348559252,-0.24755997566647236,-0.5138837167840464,-0.7221614985532009
-1.2453557327130658,1.2343222049353688,0.1679638427510294,-0.20732879047898672,0.9152353779241346
-0.36131839360986334,-0.6014501972886166,-1.0670686744370395,0.10699252142944733,0.9025815954039369
0.2320777483546273,-1.6796139839385171,1.0205895832759702,-0.8475734739109603,0.3505841996496178
0.7532553349591988,1.2160084082139053,-1.1063903008839053,1.3508619866449254,0.08346337235390286
-0.5815776272731263,-1.0777257030976666,1.3985384822089848,-1.1847940373073031,1.0170642549916111
1.0298000516790846,-1.1534575002154457,-0.5281826124286005,0.6273868078075062,1.4932018830083817
-1.3485662447021611,0.8290807228735092,1.2227676500942635,-0.9407535496628158,-0.7697077085396217
0.7509186756663698,-1.594786883740322,0.23567215374801082,1.5529887658722468,0.6114666105109481
0.5720183646283042,1.2533340815004135,0.7646115796190439,-1.2735249661299053,-0.07301928200583076
-1.3164333266216084,-0.9753554137975446,-1.0026312524609309,1.1562469136635731,1.372625486184603
0.7782587053771197,-0.9461544512955653,1.9214453260555788,-1.4178518113630783,-0.25725829095900354
-1.5637286170332607,-1.6796139839385171,0.10677176484509243,0.5310950521920137,0.19724952799446696
0.3580607243001255,0.574939129582485,-0.7447674637766983,-1.2856983190624596,1.0585398549000162
0.9160796213742567,-1.2351152432628396,-0.103621558118649,0.5264825260523498,1.4932018830083817
0.6154620528677313,-1.0854643101337216,-0.16720010208563238,0.22445256317287754,1.1889533615250625
-0.1655576801647969,0.23943097093283305,-0.530361312890612,-0.5311111468595638,0.72066175635033
0.5327362362983935,-1.5438915835478515,1.5463523526109384,1.0408979875997622,1.352785611589242
-0.8009281305768857,0.6358245976204808,-0.20562708759239123,-0.2416768668323675,0.21929401238071874
0.7787667441044214,-1.2485083503611432,-0.5698793516250901,1.256971798638671,0.6156450963527218
-1.3445800538093913,1.3006616550667929,1.6003089651472042,-0.28960357089542893,1.2521265384483793
0.06716763348281447,-0.1510884391948158,-0.04826110862496948,-0.2288836339544319,0.04405200576519505
0.4792917313130612,-0.626844518137825,-0.6096409188895845,1.2008857445968684,1.2335683386838776
-1.0830968785216992,-1.672225750055428,0.938435318824776,-0.13498703892031808,0.4459116560895536
0.6862829703063085,-0.24816260097270884,-0.8320971352399188,-0.6178895339420629,0.32659972318828856
-0.3538301365947959,-1.329829585859798,1.8968245349043642,0.5793666679214976,0.9806685622495793
1.3219223198774082,0.8529247625116496,-0.20659382206003205,-1.4673129985984275,1.3053830051193298
-0.18116392839143008,-0.655454592582748,-1.188199992333421,0.04283788363690969,1.4932018830083817
-0.3977552924983809,-0.9571301436261452,-0.8837388075771011,0.3448683804353701,1.2606217352395772
-0.21024755126564854,-0.7063376270484023,0.06852927064895205,-0.364873868104758,0.8726835584032453
0.410597030347217,-0.8833347314679085,-0.38633093352026504,0.8981472712199621,1.1526819100276504
-0.1906375752445708,-1.486685833554703,-0.6885975231785818,0.30755812153506784,1.4932018830083817
0.8198700531021793,-0.35240954647570305,1.7385519940198424,-0.8238973702951188,-1.105059030607823
-1.576701672902385,-1.6796139839385171,-0.9182296000136183,0.3302235165061146,0.9327017606904635
0.435777364045673,0.8317023886573454,1.3311100303385721,-1.2856919120346004,1.4932018830083817
-0.27661303283634386,-1.6796139839385171,-1.052817997939297,0.6059542317803749,0.2997775982134824
0.8934607381628227,1.2367742837136597,-0.11638495082002091,1.4533915178003751,-1.1865521437832316
-0.9102425471912783,-0.34596364038757715,1.7995839902347195,-0.35878932731443397,0.6389400607984569
0.8269230761029579,0.6511871538114831,-0.8128010471459394,0.06548192184842554,-0.8222068952433672
-1.5526840889270834,-1.1999307392444563,0.010849339631619872,0.9254043694901299,0.7777245229700818
-0.12476631544834245,0.6812211191520207,1.5530922459370098,-1.2720203824209606,0.221850907951808
1.4067270564270842,-1.2761403664155948,-0.5529385079857446,1.2465715906661612,0.005054776658552607
0.5048748823287706,-0.37111317999293275,0.19409916564602853,0.34048116810875634,0.9178008789493969
-1.3027726116383336,0.756365761260035,-0.5890743952474077,0.43183150348781074,-0.5080422013485678
1.102165810728818,-0.18891967374313795,1.9798870642693729,1.5529887658722468,0.10045484161807113
-0.4489805822899781,1.143063064253275,0.1869471471153141,-1.3841855495577182,-0.8934105744325515
1.0630675541558596,-0.5660742412734072,1.6352357247423521,1.5399141576874928,0.2990875483570019
-0.36710875969006873,0.444808834035047,-0.4837150975794071,-1.3645800443084466,-1.0424339135471359
0.793988243336738,-0.4534892679977772,0.7964632948153602,0.606705989715859,0.6360410984239993
-1.0097150420173628,0.5981906812861578,-1.1302577998222252,1.5529887658722468,0.027543517616474295
1.4210249455045367,0.28347719592965515,1.7598235583013668,-1.1652830357189554,-1.389539210333593
1.1204079084192744,0.5851527469730526,1.438703092028984,-0.8632525389204949,-1.0852901510093877
-0.3261585000160167,-0.31665441951413326,-0.8078118344412445,0.2823475347469387,0.9408559663600651
1.1283234281296874,-0.260229942989927,1.522401974499233,0.9362445267089743,-1.549285483188356
0.8277063910444248,0.04144560805347045,1.2012820758924212,0.634214563829502,-1.2450369617050365
0.3687683313256447,0.06019297155326201,-0.927644333510872,-0.7552668896239144,1.4932018830083817
-1.060201656253574,0.471134816829813,1.5013756417444377,0.8311527183288167,-1.4950791895130837
1.060757465926174,-0.586802253007773,-0.8217888961337005,-1.3350671383128383,0.9365543149554431
-0.9646824042019618,1.003814000756729,1.921776842749121,0.9931554855876537,0.08667266891946668
0.3847051235777816,-1.4371125653960262,-0.9970618855425373,-1.4446438661944632,-1.3999415909058353
-1.2400431143481785,0.8080476678461505,1.4909442192092834,1.432576152123684,0.6454737518791454
-0.6388085087563905,0.2046960324668853,0.8487038543300884,0.8285156924457515,0.036976171071620705
1.4009313761342501,0.42191138853163185,-0.9682625081222073,-0.9572286878838608,-1.549285483188356
0.11273541250992294,-0.17016004451652997,1.9234645124921015,0.6238234324797929,1.1434740740627682
-1.0897337986736528,0.8938064299899029,-0.0032565821454834686,1.5529887658722468,-0.6820186683598062
0.9154488243352329,-0.10304412054839647,-0.02151327457871701,-0.5612225760410228,0.4645144966475762
-1.4993729706787307,0.4097827178803331,0.5427894457116659,0.8609512709831494,-0.5725911752577586
0.9945205883010925,-0.4328103191706759,-0.17998279541642284,-0.09569754233049915,-0.9644996935130605
-0.7788698967977771,1.0441757080764715,1.472361119072648,1.5529887658722468,1.1381860224735905
1.381729531643055,-0.9507290341055218,-0.8943121465050388,-0.3841707681788097,-1.4534933322230899
0.7804949260512668,-0.34737739872625684,-0.2520717816258437,0.21988969149912274,-0.844995751415565
-0.7225913222175716,0.4845535219666896,0.49351664180282506,1.5529887658722468,0.09624085827783439
-0.06201077851630655,-0.09807490131044176,-1.0618013056024893,-1.4261152755445319,-1.067268178608028
1.3595772363004182,0.5094428148465545,0.8814178535289571,1.0942279518241151,-0.4350797824628202
-0.8503965416734426,0.6474119764144578,-0.5783250799924184,-0.6223888692562135,0.5356896702698131
1.2539243121871837,-1.0684634794740568,1.6695159132519786,1.4918224726570561,-0.7605891541617821
-1.3611194777736195,1.2584355572709944,-1.174337031420763,-1.003582466607479,1.4932018830083817
1.2373859510654805,-1.6330724834733124,0.3519709346373305,1.284251321506346,-1.3749857738047524
-0.5988041789302426,1.0859447742252504,-0.6360282852981671,-0.9111690985227793,1.3515910669818822
0.9482598359472046,-0.6673198167537344,0.48136973391170423,0.10253803531031143,-1.5424575931431352
0.34702523035541655,-0.06396818137446965,0.052836155934958724,0.7065984949882439,-0.9339600123356104
-0.39128736430801914,0.7760037231851735,0.33151340278481145,0.2857838373554439,1.2544268839169421
1.1285684133318692,0.7886992837323671,0.17613425331635774,0.6432874491971728,-0.8394307117702007
-0.5385558875164163,1.2507892098322957,1.6329236228711241,0.6123799468042035,0.13347343143816962
0.3894990747901101,-1.3086536084504072,-1.0555615256445867,-1.3809617467065445,1.2201916980131655
0.0958574732012478,1.3371436596653372,1.668452675637245,1.4924930749063237,-1.5434294716237744
1.246681040374298,-0.836508986116051,-0.5437735473397898,-1.3470413394627678,1.1076737711813163
-1.2695274288545988,-1.231261671872685,-1.188199992333421,1.275543636726652,1.2910199642640625
0.8190856753181867,0.5985575865057021,1.9047866122050867,-0.6209430166359786,-0.5516734675272562
1.316468343456598,-1.5128784932319022,-0.6157876016938211,-0.8955615786576728,0.6733591882851765
-0.9843428652430118,0.9489952678604988,-0.7964454667104328,-0.5768861573998976,1.153561817716818
0.8193609515323519,-0.8610596382772959,-1.188199992333421,-1.4673129985984275,1.2043770246071261
1.4210249455045367,-1.6796139839385171,1.0596410009109762,0.5740739289907777,-0.8901130719617165
-0.596827823253638,1.1906882150180635,-0.7600075813649266,-1.1199330246932846,0.6845694058678891
1.0064658754478308,-0.3804959277148231,1.213015723247756,0.8310437988552096,-1.2814138300160651
1.1122686603571943,-0.906018326690746,-0.4324747648010165,-1.4538678506358145,0.473201702635005
0.5355485176214889,-1.3837145236405897,0.5465825870579818,1.186797758172378,-1.3272142084871819
1.136783123213277,-1.6796139839385171,-0.09565777782121326,0.5827372984944457,-0.718716627679657
1.4210249455045367,-0.4729107131799871,-0.22759631286083967,-0.6253830869424313,0.4982785339353924
-0.6016239001510183,-1.2877218789923992,1.381787238870398,1.4128585238868758,-0.9885067592915936
0.463095605484645,-1.104348729798372,-0.31995833961216125,-1.413887462875174,0.4398437352159671
0.0095169292018848,-1.0378290268119976,1.9531023319609961,1.5348910478458497,-0.9246677353516577
1.4210249455045367,-1.6796139839385171,0.34750170359579413,0.024740165610512475,0.13113328574405744
0.6556518487146199,0.29032733771024394,-0.9373985310196639,-0.45982388530272833,1.4932018830083817
-0.46080523681004526,-0.47387490596623116,0.6761431710201288,1.4897188318432726,-1.549285483188356
-0.07148283110565877,-1.3420121190505938,-0.4612094283462373,-0.7584303596294137,0.5686431813427301
0.8556894404832446,-0.9104009242114063,0.06059273829893068,0.7001791869922747,-0.9744933150120955
1.1359498546731008,-1.3716781125866466,-0.41986066814485284,-1.0426215551917994,0.8074493752055462
1.4210249455045367,0.5965449407229116,2.023001264396983,0.9166908116015647,-1.3358024517516234
-0.7299515067082881,-1.6677610254943467,-1.0670357498339138,-1.185034834771013,1.1520262819878613
0.044479134085944734,1.115170268180862,1.793768256458454,1.1052720660964785,-1.4567994401480973
0.4511370328063353,-0.5212632748742211,-0.9417621762649692,-0.34249839114434205,1.4932018830083817
-0.46669338440261837,-1.674054409935976,0.9783212048493487,-1.3801389775456203,-1.5444309313531324
1.2260618953750348,1.336030678279889,0.034131575366100605,1.51723221122781,1.2707196978704576
0.2860377319649414,-1.203356610073456,-1.0358714776442404,-1.4131917664334583,-1.4419518046547248
1.048314768477392,-0.18733739498385338,1.3371630483235717,1.5529887658722468,0.5916821335268244
0.6893859390601926,-1.6776066710804294,-1.1574819052826588,-1.3831262542849907,-0.8781106147542217
0.61590100683086,1.2034957669840134,1.711745690419763,1.5324659878011275,1.2720314917909215
1.4210249455045367,-0.30488305481791395,0.10614506205456074,0.022314571646802266,-0.24921219130744748
1.4210249455045367,-0.6065586058613112,-0.21497483655225122,-0.27971539123267003,0.05503633017587214
-0.5485689269513678,-1.5805367756422983,1.6241367274955445,-0.06586054750901095,0.9490591155502744
1.0469330731939361,0.8011831271688641,-0.06298237988118177,-1.4673129985984275,-1.175006851328666
0.9355950044105439,-0.9028697679462855,-0.232855166711823,0.6201441967316248,1.3884509164083587
1.2362125729170692,-1.204545852282153,0.08826473189498897,0.31811423385215254,1.084202394925039
1.1449893303544783,-1.40554751737335,-0.5872555947574951,-1.404291870817987,-1.0568717142855295
0.581973479145603,0.7194565893928059,1.2110033487980871,0.31054860178836785,0.2719136754428833
1.3902407745891423,-1.5307901874307843,-0.8527107751244997,-1.4246357860280359,1.4423151432802626
-1.0592785775199731,1.1399875665772408,1.694744106564306,0.38207292337599513,-1.4310411644454022
-0.4580439719281852,0.5366359311979761,1.0525043093506823,0.32674022902664157,-0.8225435836378775
0.708682907957441,-0.2989117790283261,-0.15792898797787538,-1.2813575576878253,1.120322175292656
-0.1920957951898796,-0.7754923281303694,-0.5501092627792139,1.5459143392776706,0.6553431321335608
1.035425677167801,-1.4413634396765302,2.0136359178044185,-1.3737997573978915,-0.49747577930615683
1.4210249455045367,-1.4364475496856026,1.371395552925223,-0.769739297719959,0.11102126366048228
-1.5768478137496735,0.5077282795546437,-0.8964635990196358,0.5305702098265445,0.5939147110437768
0.22685600302569023,-1.3023260932906808,0.5559155767129922,-1.2816111692072534,-0.5614293633547678
1.4210249455045367,-1.6796139839385171,-1.188199992333421,1.1346301355854886,1.4932018830083817
1.3624373455371719,-1.1986977670531973,-0.545959627454226,0.5305702098265445,0.8847043022008572
-0.5406273675990743,-0.7049398674838305,0.7598358091690951,0.26970913837560134,-1.549285483188356
-0.19765286733568624,-1.5539420134425173,0.5428331559606432,-1.0152101543340215,0.2925748330708595
1.3660100906874306,1.236731087023568,-0.7865090485533073,0.8965684727716479,0.09075057851559613
-0.9163251949660609,-1.4780518284610686,1.6091912283387342,-0.6715665455087915,0.826461512677662
1.0139567895692128,1.3371436596653372,-0.49230558066737456,0.7763432645879678,-1.4099045554743797
0.35728538067760146,1.2804504037361164,0.043823329662067645,0.7076535189090654,-1.4757438096686026
0.31411378012476293,0.9776304070515244,-0.41253210562151577,1.107314306226611,0.3078882387713342
-0.7465387585861747,0.7705716060830266,-1.188199992333421,-0.5230260116201924,-0.9446985434614772
0.050509171155703525,-0.348425318430333,1.3820194140889916,1.4562244919521357,-1.2026023914972512
0.7667040128585895,0.995491971758201,-0.22799822008520235,-1.0955361304432787,-1.1192176919264867
1.3679386184503777,1.3371436596653372,-0.8702385849643974,-0.49147567076534604,-1.549285483188356
0.7667040128585895,1.3371436596653372,-0.22799822008520235,0.11258478891258641,-1.1537637498622553
1.067321581365115,1.3371436596653372,-0.20594952163679528,0.41461528571104683,-1.4390194961453475
-0.9512794285311779,1.2057990571630999,-1.0160417839133953,0.4365903234302606,0.08511992228216436
0.863683079119299,0.7116134570325784,1.6845476975756013,1.4172249133729473,-1.2700713035754458
0.7718593305296682,1.1668116445392376,-0.549070434784039,-1.4654127809191748,-1.5486314686712241
1.158816911614294,-1.0779635515394062,1.5557892250654664,1.2313009736826528,0.9768251512796581
-0.8096338737051829,1.3371436596653372,-0.6972197955385329,-1.2017721272152986,-1.549285483188356
1.4210249455045367,-0.275781284715404,1.1246023782092414,-0.4361013307349074,1.006069173763218
-0.8114975680740596,-0.3072940700759942,-0.7147459023817171,1.1149851203310852,-0.5531686651897779
1.075600593219329,0.6806131657359157,1.6936155874088923,-1.195110953917643,-0.13624516733595543
-0.9979541580488398,0.9455166010769427,-0.34602327197633986,1.522528687591448,-0.8404676689980215
0.3786187558541588,0.9378537215716656,-0.7527164847692845,-1.3816056530063978,-0.9071755362228103
0.9798533614459466,1.3371436596653372,-0.11047611989008943,-0.7775451933284653,-1.515673117030335
-1.1941819907839668,1.207685312630437,0.5592528826056876,1.5529887658722468,0.22250008190096765
1.4210249455045367,0.6887570750493739,-1.1498161494100683,-0.5095552355461422,0.17194734136292966
-1.0605933137243075,0.8371595705055951,1.2569257905060964,1.40948415588101,-1.3629273811451343
0.6852211906230992,0.1515795691357497,-0.2683450505535358,-0.8129696503621983,-1.5475859059892307
0.09431369443261735,0.40794819178261216,-1.188199992333421,1.207948958892691,0.27233319133380657
0.6473425458484219,1.2820865450348977,1.951920452241896,-0.8287725845770115,-0.8933159144366507
1.4210249455045367,1.3371436596653372,0.34631982387669374,0.6813782976583258,-1.549285483188356
-1.2233049388316373,1.310857140513371,-0.6620171504758138,1.2891073147046608,0.4457492281420423
0.27978130943720103,1.3371436596653372,0.4912584681608548,-0.2210435675306763,-1.0754944549563268
0.11615351407268758,0.8799658905090448,-0.4704107195887447,1.2286431249590453,-0.8176196503283858
0.8659363052738579,0.801905738466077,-1.0530552821480312,-0.12566641514209,0.43591695890874715
1.4069337792983396,0.6830257808714069,1.4133011930518897,0.9297574110014946,-0.9667096817128094
-1.4139151173969906,0.443398808743659,-0.7788347776971497,-1.4673129985984275,-0.7530916522137412
0.258062122423802,1.254201215057069,0.3791252172325148,0.5046233487535907,-0.7799315259377785
0.8802729881035001,0.7991544826119659,-1.188199992333421,1.5529887658722468,-1.4239836163419453
1.4210249455045367,1.3371436596653372,-0.545959627454226,0.9489283061943145,-1.5219524093720407
-1.0554167392027143,1.3371436596653372,1.17237200368572,-1.4673129985984275,1.2590996455327654
0.7040159664269378,1.3371436596653372,-0.8237291770558358,1.196515617677879,-1.1435958679162213
1.3010677552586947,0.7917427838601848,0.9808944328832983,-1.4040831084935734,-1.5160501434912803
-0.9431369919415203,0.5418083348671028,-0.28834504395572114,1.0455596342863467,0.7888406183977796
1.1140207562608688,0.28626151591692306,-0.7477550876775754,-0.27217965863222826,-1.293258699844021
-1.3992776501325654,1.0598187761068345,1.423401098893502,1.452239320623689,-1.2653539011661012
-0.7980430445407775,1.3371436596653372,0.781160734014307,0.8481788609457562,-1.549285483188356
0.9095930934396947,1.2401798894287894,-0.05070207058084477,-0.31899687903766477,-0.007292974397625615
1.3626706394715709,-0.41028404522656736,-1.0094290476752579,1.458369244528016,0.16344891752641644
-1.1547340590200412,1.3371436596653372,1.885828285125932,0.05897238154343862,0.07798976565912448
1.4210249455045367,-0.1529560294256932,-1.145736904615901,1.5529887658722468,-1.4134586080477407
-1.5747710194543867,1.0509213245328877,1.7759980534196822,-1.1691347273003345,1.485321438349652
-1.4412636498479465,0.8711846966936163,2.0044806074731727,-0.3956286696670822,-0.5621570620732541
-0.263202085846617,-0.3355185740649134,0.7199998777147822,-1.4673129985984275,0.6548380995417953
-0.5638196543531424,-0.6371941251083107,0.39887997910797046,-1.1652830357189554,0.8395918222226778
-0.49855049484774283,0.37370814872907293,1.1820115327491427,1.1859130544088148,-0.8066035933054466
1.133860306267505,-0.28697242720397215,-0.6344132767482915,-0.3880576984134148,1.396609962645932
0.7980647758441956,-1.4808025510227094,0.1940554553970512,-0.7563288544915834,-0.8038181153578926
1.2566706972736834,0.13060837603494185,-0.3639160907784765,1.2860105845726957,0.5745034956343982
1.1695723465534709,-1.499824026852219,-0.8306501556990988,-1.177073034817932,0.737547270959996
0.46263964604110486,1.3371436596653372,-0.4396818468921309,1.2789078602717405,0.5253152574236324
1.1940485470786275,-1.033481093301905,-0.7072555551706069,-0.6527005180582737,1.2922801254594898
1.3190042857230024,0.5332793883901109,0.31648502445461574,0.8113704858944276,-0.8330314809109618
-1.038465995181026,-1.3757274023133899,-0.3084721944458403,-0.6911042430465528,-0.03352401223893823
1.2042454582705313,0.5624638188255122,0.4949840573042057,0.8257083464054282,1.286164336747067
0.5290093789819029,-1.1901746867933785,-1.1596872860265137,-1.049656471781244,-0.8469045487192663
1.0754714578524525,0.9152815844751139,0.8986726162291394,0.6183326096044248,1.0108387467384852
0.7344807531633493,-0.3806580486257844,-0.5235152661027386,-1.405887754673926,-1.002486857436172
0.6217296352419918,-1.1474819580860958,-0.9524853789036861,1.520918921841814,0.353484237705847
1.2497213014191635,0.889137454412709,1.8141769690718557,-0.8528843660872812,1.4932018830083817
1.4210249455045367,0.2857858190334442,1.1719371718582317,-0.341337117344855,0.8847043022008572
-1.113803993353978,-1.2735602974444398,-1.188199992333421,0.9718729407962263,1.4577043845456352
-0.8131864248474528,-0.9718847464010425,-0.8670800937266091,0.6698429779167541,1.1534553252214297
0.06540437773261952,0.2670427218734146,1.1192220439260352,-1.3542273551258928,-0.42571704832282775
1.4210249455045367,-1.330876972271404,-0.8074984830459787,-0.18711728717802867,0.921131727555151
-0.08206130276430151,0.17750184953052342,0.15586178044002835,-1.4673129985984275,0.020051931918177276
0.4574625400982483,-0.9691286909146988,-0.9787927044667388,0.4188385849082619,1.3004666015822395
0.9984786138669307,0.0770780777468784,1.5821873771199007,-0.9529253008384052,-0.16225837961851963
-0.007861608936411638,-0.8569543528411749,-0.38091313330936416,-1.1591205427563438,0.8416157174759403
1.4210249455045367,0.41665045831244085,-1.188199992333421,0.05860824879343859,-0.652357819189752
-0.6306979574425051,-1.5605324417900857,0.3268142671869659,-0.14168932398007048,0.719848003090116
1.2329523034693763,0.7592631392509995,-0.3371955046796384,-0.2321213186993006,-1.025850665515289
-1.149091428050913,-1.1310816147479525,1.7708425147026448,-1.1269311008725384,0.7887992046495731
0.6402241580323104,0.8882025927123297,-0.9872719251027642,0.3038009336146125,-1.2312564025290895
1.0454052370631919,0.2848509573330649,-0.3450315602235691,-0.30025952606332007,-0.6227588217215647
-0.291801583950363,-1.5039239793636368,1.8033283123419177,-0.7682838345579351,0.8327811430858026
0.6647056727700951,1.0032284456243752,-1.1630121032766443,-0.11929569377405332,-0.8960406163641094
0.9112383736695328,-0.5051503761775521,0.4425885250885581,-1.4673129985984275,0.6252030667342595
-0.5918478745993057,-0.04417183158566137,-0.5207717383974491,-0.05756131075534332,0.4364461943403734
0.7031465612408865,-1.2466791571881248,1.9084843857354525,-0.7017569947005144,-0.16490832166285205
-0.23100486579325719,1.0262602808302976,-0.4050133751318489,-1.41451214809145,0.7122138895570821
1.4018294780684961,-1.435916390385216,0.9054516784796188,0.9992021181298105,-0.7984300253639561
-1.1837002377951662,1.1356908291442942,-0.37468016533831533,-0.4460482414863761,0.9496652622285702
1.0718801129579933,0.6791482113200902,1.2555304685322497,-1.0381425087992031,-1.2125406153850489
-0.4312061353108452,-0.829230610481837,-0.3500701598329525,-1.3549070339979603,0.30870306771331996
1.2083852299082698,1.0577069379245745,1.856680928710497,1.2078838207761222,0.6808889606863654
-1.5377718768697555,-1.3191173400095304,-0.6257194785263777,-0.5480694817649933,-1.337922082682558
0.13367075316059238,0.7507000620559106,1.6107114367382305,-0.8176814854336804,0.6019903919440519
0.5630931445184427,-1.4707505212506333,-0.22286368499429737,-1.176155761996084,-1.3968253408135147
-0.05843803336604759,1.078609336296718,-0.09484488072334965,0.7783865725560768,1.3711625589752294
0.24217953514047783,0.7769332519608503,0.21463503534736417,0.4763560757576163,1.0800776931718452
1.095209506397881,-1.6419582026129131,0.22926718310890842,-0.7969883872053029,-0.12101512697277945
0.6066372713765519,-1.038606567233648,0.22926718310890842,-1.4010488468832354,0.01963241602725404
1.3778092369868804,0.9864953277847848,0.47896339955566813,0.9720219041939536,1.4932018830083817
-0.42589457978848355,-0.8235590450605398,0.7490660579535451,-0.8401589409208559,-0.3322903215733064
1.0771921999016179,0.27034326897190153,-0.5368724369915164,-1.4673129985984275,1.054870704377094
-1.308559789190962,-1.5334609161218853,1.2459880102814906,0.6495081393295057,-1.325169875280259
1.0839003305027954,-0.10649078978373674,-1.188199992333421,-1.299019063900806,0.9427615366184517
-1.3815095802085868,-1.58944435977318,1.3373026940540704,0.6136714968368284,-1.2084094595412251
0.7001674136412506,0.17781115916327866,0.17341059390605795,-0.5893456909101645,0.09834220261865176
-1.4367492262198862,1.2028259516413573,0.9265591874110861,0.4472889921172134,-0.7147602701237181
1.0610619703097972,-1.3248027710350545,-0.09360623444713577,-1.08929248179445,-0.18783271373827132
-0.32200544284670624,0.695637081208298,1.528291504799746,0.9908852620495301,-0.753507403218464
-0.021388405761443872,0.9973126322516952,1.207171606192934,0.6888552991700578,-1.0577559247017834
0.4665811975477938,-1.123877900059576,-0.5761089136027122,-1.3848534822120437,-0.055813752069114334
0.5627291209533786,-0.5205262646803112,0.0661314512764829,-0.7807930225341113,-0.6643113328766391
0.7748847117791735,-0.0003853200218596384,0.901314531797196,1.1855814907170992,-0.7066587728609248
-0.6541357608200179,0.8516171293745531,-0.8003850657741014,-1.3335444013582924,-1.2800660007562525
1.1145888455908743,-0.6745587287451487,0.5753076002884934,-0.2986134538224839,0.5547174051276171
-1.5584223757235278,0.6584911274842697,-0.576549422085912,1.5529887658722468,-0.8387610998673807
-0.9571877701317398,1.2618427628635345,0.06569094279328315,0.9489283061943145,-1.2587190959988823
1.1065510989900018,-1.4822835042126432,1.753586049005749,-1.359657845155586,0.799312918285176
-1.418020346652643,0.41481166587495766,-0.5034670211270069,0.037540339435295667,-0.9643490980650368
0.967677437471124,0.9709333202099022,1.9678758284497533,-0.2894797016901504,-0.7060149773206232
-0.661079842461909,-1.49739647952756,-1.1708084222305954,0.9759349964589837,-0.769958342392404
0.5888649500824703,0.010982875566837252,0.43479220613460673,-0.5342158857763535,-1.549285483188356
0.8853220215220052,0.3311588756962925,-0.9225444260198061,1.333193539485097,0.43800163018210464
0.059761215342228495,1.3371436596653372,1.337736958215988,-1.3094064578175975,-1.3069983831126473
0.5351286948238234,0.43211647324267516,0.37437669472998075,-0.40331603526019266,-0.9026232509654059
1.3186317594177321,1.2786724066402433,-0.5889841364215974,0.64311552728295,-1.549285483188356
-1.5851475510331399,-0.8427271763193726,1.9650834815053462,-1.4655254378256999,1.4637567080335332
1.2429945710737857,0.9302735023992801,-0.15700312543135628,1.1821414506756762,-1.4050188088677795
-1.0922575182510113,0.38811184505853386,1.8574205969496846,-1.1225839324700446,1.2388090602751047
1.3098489602063192,1.3371436596653372,-1.0437648674108557,0.4569689433745471,-1.2112046186247236
-1.2201084399354887,-1.5208885461353234,0.5220145888048829,0.03610463127583768,0.4852321275685612
0.3597793406642393,0.758439735676906,-0.1434171853174115,-1.1526083328564156,-0.7364917311144348
1.0609748172226872,1.1972493122797678,1.5009129943039636,1.1151538387313784,-1.549285483188356
-0.703636057192347,-0.772374167056714,-0.955663170770893,-1.2909889223172264,0.3224588862085205
-0.10240145160055912,-0.1690225316774489,-0.3134228058916981,-0.6869284626392937,-0.28603869459900433
0.7643524737704004,0.6383630697789552,1.852139604141427,1.3064105612765127,-0.9359570155445828
-1.0837765663169068,1.3371436596653372,-0.16557090189647838,-1.1603918038674146,-1.3809590346824383
0.9385215413051555,0.06988502890790743,1.7309986359303364,1.047781271196538,0.9015204353362549
-1.236114848373061,1.0418654850952718,-0.775852830451984,-1.4673129985984275,-0.3362009626539524
0.8868705830820015,-1.0938418015491573,1.752247493589016,0.36564156651198826,-1.4727464224120437
-1.1187520567325384,1.3216771114426331,-1.1433810924956957,-1.2262346935008617,0.713293336214881
0.21958137735829555,-0.9044733784043805,1.1637054534112206,1.293271348894178,-0.35807280011586257
1.4210249455045367,0.9055809944409439,-0.6419206539265357,-0.5189100301396194,-1.549285483188356
-0.3073095192433654,-1.5245906624639223,1.3440022831245915,0.6732563220087636,0.9485454775043364
0.20621719543970107,0.8607849602309257,0.8029159493624379,-1.3396262725536752,-1.4920005882827692
1.142025062550203,0.7838276570164714,-0.7358693059491763,1.4093741685694263,1.383097786071999
-0.8191287774088385,0.5283661648615345,1.4322180805443518,-0.6802032190630458,-1.549285483188356
-0.2178941718170505,1.1317178002407997,0.7899777156651568,-0.37412027714361673,-1.3008234319027867
0.6725882443622102,-1.6577836566681077,0.5062056703143784,0.7466146553210982,-1.521748567676323
-1.1524170623139385,0.17176842218267502,-0.7698838269715121,-1.0041153177577726,1.0066946827134025
1.05257304705675,0.6542994486679654,1.4221902682302736,1.5529887658722468,-1.1865032002626241
-0.4583952413829407,0.9653284163473884,-1.1104275384258087,-1.148645052206488,-0.9798894726193186
1.0329880478350273,-0.38255390335758616,1.6563858085916543,1.5246734401673283,-0.5397307106580851
-0.7044353147716998,0.19232098069432288,-0.4933234050364175,-0.360931410295373,-1.3233664947901744
0.9326828158900293,-0.5235505662791994,-1.1872570998197678,-0.8597809976587638,-1.4490690530965056
-1.5654711473542036,-0.7200112459860667,0.5383945788599481,-1.3696757671324946,1.0975021243490817
-1.4434313171791835,-1.1009415242058316,0.40654687031170317,0.9282608360773739,-0.13802488282706488
0.9385226041476813,-1.018467843678928,-1.188199992333421,-1.210189893984362,1.266583163617776
0.3372879985558935,-1.6218194790581928,-0.545959627454226,-0.6061294343064295,1.2207031846955605
-0.3832490862858838,-0.11344065725626575,0.8430391195957444,0.9040214479289077,-0.30054049840280816
0.9705805918301699,-0.6710651297724247,0.3733435433905172,-0.8304181228988594,0.6036033767605635
-0.8528517079078911,-1.6796139839385171,-1.188199992333421,1.2837932190144108,-0.24058307213568517
0.3223816321324571,0.4837199858356612,1.602560894467892,-0.7501284532808047,1.2448484755817444
-1.0911824530362297,-0.7043404467472496,-1.0591372510771584,0.7628858364886242,-1.3851762450679896
1.4210249455045367,-1.3948742018734117,1.4927051178109405,-0.9628460495594487,1.2353765597419344
0.3193870733161982,0.5897731929354522,-0.7551358754334566,-1.139700307396002,-0.10137102645984954
1.4210249455045367,-1.220281713202343,1.1715846515385573,0.6724810716377958,1.4932018830083817
-1.5851475510331399,-1.1448245617067518,-1.1379780515896445,-0.18448827007978755,-1.3140225850811849
-0.3826783398495639,-1.6796139839385171,0.14650267816874563,-1.3926086555166646,-0.09702796130702099
0.819790339912749,-0.8350856285129065,1.4265459661575832,-0.18448827007978755,1.1199672003080283
0.5209881064401795,-1.281779934288676,-1.0426902764846993,-1.2651627269356218,0.898523048079696
0.138637416283353,1.1216188407313394,1.2841164036978332,0.21664559972639472,1.4054832615798474
0.6687248117811629,-1.1823870168500588,-0.3441936858405756,-1.4426251184998145,-0.2354870297427378
1.2095857105410879,-1.4780214307902635,1.9067297314550777,1.0864599644637762,1.4841720723766991
0.8450939633441902,1.3351390132696008,-0.8868422352544894,-1.1036538347409346,-0.35806473250257564
0.4988113657194511,-0.8892201471697831,1.583241532085496,1.0073011352628771,0.8352089568443004
0.8119640989744978,-1.514628759119321,-0.46572634329574875,-1.2547192715250621,0.9518472827022577
1.2162778985043794,0.501099454149216,1.960812365748135,0.8369281200249326,0.23625751391882543
1.4210249455045367,-1.5001525350139038,-0.8714795019028959,-1.238368536428284,1.389277040008946
0.5574776160337208,-0.3523967474564167,0.09628073742496912,0.27178234580705324,0.1618235623695311
0.2722967723709738,-1.2870163330542348,-1.1367870892214058,-0.18483318174621,0.710888649614473
1.3124050964807124,1.3343934703961668,1.5608090917110022,-1.385591358253833,0.6469711009052105
1.3170077360384085,-0.8505393777163245,-0.9468876287067359,1.4467079199052122,0.5224668520924397
1.4210249455045367,-1.1522149287597219,-0.6257671624343529,1.1446774231067522,0.826715911416645
-0.8744837418341798,-1.311346202132789,1.8577929855643485,-1.0921574910855065,1.2691115536219173
1.2298371120264466,-0.5511191205296894,-0.390048007680049,0.7138581914717502,-0.23509333021433274
1.1285205854182114,-1.361043194144568,0.4696434662087938,-0.16485393320514946,0.7229583369326927
0.7920889437432492,0.5810789257926773,-0.6489818459658688,-1.0993750079689393,1.098993557125403
1.092705980828512,0.2794033747492801,-0.3278613796934857,-1.2009813931936708,1.3796588314481988
1.4210249455045367,-1.6796139839385171,1.2777392486717163,0.8045245766268307,-0.3784585832103096
-1.4310268820613277,0.8792358131172482,-1.188199992333421,-1.3181360332758107,0.49262152349855665
0.4476875773890618,-1.2988762243005187,2.0119391654122993,1.5529887658722468,0.9134524353877101
1.1029326516111362,1.3371436596653372,-0.618350044081919,-0.8873280139395623,1.3974151104519739
-1.3605481999160371,-0.7990393238625705,1.4195676532916355,1.4122343725895883,-1.549285483188356
-0.2867265108899773,-1.3012584417652047,-0.8724865406260871,-1.3048014065437692,1.287668139863762
0.9566004926679118,0.9002571357102613,0.48813573985404796,0.8507454095223699,-1.2173946293793867
-0.5759668815797702,-1.109898171243978,-0.48963130816176337,-1.2226830643908901,1.4932018830083817
0.7982167623253756,-1.368750336924877,1.8718841480366022,1.2670404429194653,-0.7873435111849774
1.0946020918944235,0.19780109411879404,-1.0907675767007325,-0.41895238675066565,0.5643049567578736
0.8124088985715179,-0.4055505412604709,-0.44852721182153743,0.18510807292726697,1.1728019997245127
0.5792414424332007,-1.0426190597799425,1.2795546431682023,-0.5340792025153563,-0.7292776713132101
0.6116135000820441,-0.4846228824120069,-0.9854996731896846,0.9306741499043539,0.9730102458766845
1.0240798332055776,-1.5376211306824437,1.1344178835997154,-1.3877617389411503,1.344147886963307
-1.460054705702945,-0.12912638868425036,-0.5076825056582465,0.676716650971741,-1.549285483188356
0.9947629163969604,-1.678936702501277,1.0079930842525116,-0.5333167662001069,1.4932018830083817
-1.0285300118291905,0.9181976277025379,-0.10642866436790563,0.8462663631297733,-1.4088224196121515
0.9057812087211452,-0.8725030281043007,1.1407530313735685,0.2952619672352115,0.11603178935258762
0.38168611938343067,-1.6365623493987445,-0.8299331940827568,-0.5158688275824341,1.40070992371838
0.8288149357987669,0.4391330022739876,1.7671748274475498,1.4536883767578535,-0.9093661621506705
1.4210249455045367,-1.3709219038638072,-0.03314928345581709,-0.3584930022759442,0.9161260424310179
-1.3722277764313413,0.587217655417929,0.7101599627047496,1.126449428847217,1.3952771929309218
0.6839702249703089,-1.399599706452454,-0.20290229285094916,-1.3195765467061629,-0.3702306933393535
0.8597840413136394,1.3371436596653372,0.9578977329310976,1.3385685019400104,-0.3449478689797047
-0.38352648818510066,-0.17123516213658993,-0.6477034630996755,-0.08005852124508478,-0.7484764395726982
0.21770811740668744,-0.01766506264347451,-0.005463098220480469,0.5240019384328477,-0.13997885876517357
1.1683468891212982,1.3076701847110508,2.023001264396983,0.9205820131880759,-1.5244248639240596
0.46355794198334005,-1.4693383627893646,1.1021858324707394,0.40795571417035614,0.9086946949119306
1.0060609324455256,-0.9157653131698293,0.30071130122952133,0.9666111691668262,-1.3676345645776489
-0.5188343130301365,0.907276331203925,1.0897040018926498,1.1932015825176876,1.1407509856579667
0.6686743267611904,-1.3914531306766444,-1.1817955893598897,-1.2478338522523331,-0.9798050316002482
0.5183129318029039,1.2562949212953394,1.1656048624122344,1.2137232927508304,1.2120988062045452
0.7301799608829617,0.3689623790361604,-0.06506117120267363,-1.3898643119169571,0.29780318432171354
1.0833534980233048,1.0487428247918444,1.3660396282615757,1.0896191631173693,-1.0984064766913726
-1.2684220726278344,0.8319589023355444,-0.820182402567392,-0.4261565556593917,1.469462124150091
1.033282455214656,0.5731339345706288,0.8403824447228385,1.4877732310500174,-1.0828790103183499
-0.9616309833105761,1.1564412391624113,-0.8974030855398623,-0.2751664014526103,1.1503503697877109
0.6360291185832335,0.5854823217196778,1.2649838032883405,1.0198092554010765,-1.0426813203546035
1.0268501322489065,1.3371436596653372,-0.6894092849453032,-0.3063680932081163,1.0520239125685589
0.7262330951636439,1.3371436596653372,-0.36828938633849123,-0.004338130328644319,0.7477748532443537
1.2275169267927666,-1.6796139839385171,1.8587739116712672,0.3534020076248883,-1.3361730241219392
-0.8768039270678598,0.43211647324267516,-0.38906708157312986,1.5529887658722468,0.41554408399555914
1.0944479797281919,0.21748918553613789,2.0199960428634007,-1.1836557220243118,-0.03964894424641952
-1.077726866660422,0.4377848389091509,1.3988785138860937,0.21030637957866594,-0.8695040848996628
-0.4764922610686341,1.0411364742884157,0.7566381490068987,0.8143668392565987,-0.8695040848996628
0.7259769501149416,1.3371436596653372,-0.5278425807514915,1.5529887658722468,0.34749107671538676
1.1002606655014375,-1.4583952012994708,1.4814125466043764,-1.4067532373539116,-1.0414652621118117
-0.49948898479796705,1.236025541085404,-0.7306382677111783,-0.2735128543459382,1.2242932726082703
1.0555383777035514,0.1084943371703501,1.1480702405854828,0.3186059732403492,-1.014483936234809
-0.4910617064114125,1.3371436596653372,-0.8746572937701028,0.7550185401964669,0.3488206193850822
0.014805633609943289,-0.9263485022422923,1.014738654234294,0.9735574552042179,-0.2227547224532134
1.4210249455045367,0.8837064038955026,-0.5838785522748202,0.3279052402590464,-0.2227547224532134
-1.3057464450253407,0.9138171633517589,0.4903377146044759,-0.827418566022759,-0.13038861793048812
1.4210249455045367,1.3371436596653372,-1.188199992333421,1.5529887658722468,-0.10609972352779623
-0.5723202688739726,-1.1411517764640178,2.023001264396983,-0.790577621913146,-0.6436211318408297
1.2572765175133527,0.7050779578094474,2.0174500627768657,0.6884484529009963,0.9217787501407677
-1.3694149636869832,0.554300177690654,-1.0651891337310155,1.0748958130968378,-1.1470993634463174
0.4342883216671178,1.3371436596653372,0.8615319609065695,-0.06833793161458339,0.6783933789762572
1.2819923890280622,1.171884322516424,-0.10182830257943738,0.8377524909428213,0.37414431965205186
-0.9099821507724731,0.9110685739599991,2.0076141214258305,1.5529887658722468,-1.5459879807175212
0.05784012747696221,1.1691719970126424,-1.1737455238956416,-1.1782188249667591,0.8458200196802327
0.9756508820991896,0.44948580899929497,1.6160026475267684,0.2926276109470876,-0.29220665387734956
-1.2579923989227948,1.3214221976418448,-0.9725733604693972,1.2354997126064076,-1.5254252479716461
1.4050493595002111,-1.625042698748491,1.9286796560941077,-1.3221233402802104,0.46681968268411167
0.10910261675696022,0.5201411950925954,-0.15031375434111577,1.5109020677028824,-1.059425382811304
0.710337222348748,1.12349283047186,-0.3582019691394439,1.0503867958592952,-0.45335023735341895
0.9624567549847126,0.9576367390487172,0.9589655118704004,-0.3840693235710384,0.962650892575306
0.8905767149692401,1.1493297840713907,0.9437764841835737,-0.0820393606915664,0.6584018332511007
-1.5851475510331399,-0.2956506955726391,-0.4787423471762752,0.9214506993819912,-1.2645207856339982
-0.3288086978539374,-0.3257182583388035,-0.9114034215207345,1.2654840690686582,-0.2882228664362349
-1.1572545900698223,0.7109543075393274,1.4460537935095954,-0.3554833009390667,0.7343272175767164
1.3667158181245187,0.45310953133476395,0.3039872992405345,1.5244240999998064,0.6386404834250666
-0.752069259668838,-0.5924124897949894,-0.5232405159663098,-1.0152373842024234,0.29508063375779786
-1.48439539380607,-1.4859802876165389,-1.11302177008589,1.5529887658722468,1.408817337230917
-0.8831607882142821,-1.540850749882385,-1.188199992333421,1.250958802992775,1.4932018830083817
-0.5825437511290196,-1.2391751988389879,-1.188199992333421,0.9489283061943145,1.4932018830083817
1.2211600656463444,-0.8555747252205923,-1.0426811938355611,0.3448683804353701,-0.20453966517385183
-0.5825437511290196,-1.6796139839385171,-1.188199992333421,-0.1157990583198736,1.4932018830083817
0.7815258833012297,1.1333720734835695,1.9886330877238305,0.1368375250357597,-0.22561872517009413
0.48090884621596736,0.8316959891477023,1.6675131891170187,-0.16519297176270076,0.07862979631322536
-1.0514985702315913,-1.6038576553671058,-1.188199992333421,1.1056741070946456,0.6639561160787493
0.9103790654874758,0.5018929933449743,1.7369528801059586,-1.4495404372358864,1.3997805346677186
-0.6567795816027843,-1.633948683001962,-0.8452317812248121,1.0628511346404566,-1.0765378662747773
1.1102466024519828,1.3295714398800058,-0.701061188458395,-0.1728814051937878,1.482045449514249
0.509011996860195,0.7262203377932112,-1.188199992333421,0.4311790544841448,0.8735484065476105
0.31580635684699615,0.42454425345734387,-1.188199992333421,0.12914855768568437,0.9044618871406906
-0.04137143950905437,-1.0838345683445836,-0.8568961733804691,-0.7769418648717202,1.4932018830083817
0.9813578150411247,-1.6796139839385171,-1.188199992333421,-0.2104815821047206,-0.0050593211989015344
-0.5217284332277136,-0.34812934110933424,-1.1674904169673186,0.9421833076155007,1.4932018830083817
-0.22111139614245087,-0.6498054254452019,-1.1092927749491124,0.8085631398541043,1.1889533615250625
0.8369727836050476,-1.3616138170877543,-0.48132465785936274,0.5075476230523452,1.4810160220588298
-1.5177899059646704,1.1467955782526786,-0.42486691081668165,-0.9078529276866347,-1.151624218818546
0.9315041235289888,-1.6796139839385171,-1.0496299880918099,0.4139783203580411,0.15565022468232811
-1.3673381693916964,1.0766628187802407,-0.6605610882858557,-1.447401557768877,0.050306557426153815
-1.0667211323064338,0.7749872677368435,-0.9816815545582387,-1.145371594889405,0.3545556167503591
0.07667316561172709,-1.0247617614130278,-0.9247940846782093,0.8874961213229652,0.5543312353716133
-0.959105669469429,-0.6702171947446991,-0.9873593456007188,-0.03498828376926745,0.4666561790548285
0.9970490906698168,-1.6668288302563186,-0.9103583492042773,0.9003480852896106,0.3154395248079549
0.39581448507802874,-1.339709362163978,-1.188199992333421,0.2962876256116782,0.9239371056154798
0.13914545501065467,0.6094490186259796,1.7220675534996885,-0.8002933457426937,1.1992148277852257
-0.5703024623388643,-1.200605887511815,-0.2046535411378969,0.8264734523156192,1.4932018830083817
0.7534918174211751,-1.2865971651726045,0.08993877766426256,-0.8857684365748258,-1.549285483188356
-0.3233770411261676,1.3268233837807162,-0.35928450738359596,1.143274817924567,1.2886416318670582
0.7643636336169205,-1.4624588899229107,-0.7406059074747163,-1.4673129985984275,-0.12955335103484192
-0.7597775250867325,0.9466594468407262,-0.7221215811474584,1.3794586876566626,0.5754565496840343
0.8969957524034178,-1.0180572084768218,-0.68415554008446,-1.2121995650562103,0.661765490150889
-0.9174528708858661,-1.1949476544022746,0.05707491475461468,1.4785038634946628,1.1671390730379327
1.4210249455045367,-1.0346207393108673,-0.7841180411676918,-1.027813312052133,0.4306127720929955
-1.4722311610990306,-1.455740471382478,-0.4673237542129192,1.2214822034883688,1.263852007599687
1.2860731729056223,0.024213861754179753,0.06530776853276787,-0.7204569733456802,0.03604032793033021
0.02540004790647199,-1.3558302602477008,0.41193571957847613,1.2422265579396203,1.2208279637810664
-1.2452255345036634,-0.83678576490812,-1.188199992333421,-0.26792432429571694,1.4932018830083817
-0.34337336040534994,-1.6796139839385171,-1.188199992333421,-0.15887564229349102,0.5804557807175379
-0.06258737058651787,1.09620265489085,1.7758220770926303,1.5376658248278887,1.3922007430641503
0.3501064108375231,-0.6711653887568351,-1.188199992333421,-1.2010465313102396,-1.0739745166130583
-0.43545803683504897,-1.3792828632126646,1.8816860294533688,0.7518988515480057,0.6758246509056799
-0.13484046832852356,-1.5463169977026292,1.560566130846557,0.5398102118375436,0.9800731723889995
0.47140915972094605,0.2637373751426953,-0.36615496379102824,-0.533787682747761,1.4932018830083817
-1.5851475510331399,-0.7353732688845989,-0.600311902893572,1.426370411723023,-0.38270214779926537
-0.9839129454413519,-1.3387249042638636,-1.188199992333421,1.1617793822200262,0.2257954330082594
0.858244513915112,1.2820124173815302,1.2083858428495893,-1.211390143869993,1.0676949824580901
-0.8236968745844484,-1.3287843326180733,-0.9768529912101749,0.2607964287044114,-0.03613307837595008
0.67938937368439,-0.05203309588987799,-1.188199992333421,-1.1652830357189554,1.4932018830083817
0.3787723365991276,-0.3537086469332753,-1.188199992333421,-0.8632525389204949,1.1889533615250625
-0.9460353635092003,-1.1707447089316443,1.947564186649015,1.0020980947221867,0.6907717869629256
0.683901671627399,-1.6796139839385171,0.02084365967700109,0.137953949640232,1.4932018830083817
-1.2678678002506634,1.0444007574989245,-1.0030252123672978,1.4071578708491181,-1.4898669734888037
1.2919937371952304,-0.4776522165331375,-0.5264387437940775,-1.184089264242787,0.3032031068151376
0.9913761686887052,-0.7793277675765349,-0.8475592100664607,-0.8820593013633148,0.607451628298457
-0.8123271166653959,0.42737496988952495,0.05126883129305829,0.930122077670483,-1.0948072454836044
0.46557787420349966,-0.6947054516869225,-0.7640073529791355,1.1102332413354827,1.1916909716337805
-1.543907135349562,0.8707047334703756,1.8320635435527097,0.6052943079108732,-1.235487058936786
0.14509312178466882,-0.3265016649776267,-0.3954033646781251,-0.8139616718424038,1.3006510810060683
-0.4657607400862857,0.9988645133401742,0.007292347162895632,1.0068707965583314,-0.6478684613159861
1.210551834396981,-1.635601356367322,-1.0976982056587048,0.6261000630457758,0.5756544751300084
-1.0895913777752042,0.6341511258487805,1.3643298195613207,1.5409227306563353,-1.4281422020709444
1.0109781733908394,-1.0648061597129608,-0.20560040731054802,-1.2930519852879012,1.117994399938917
-1.5056878495453867,-0.06798120721323427,-0.9968393606386529,0.800871502909088,-1.456090565860614
0.6222249198589845,1.2918479304106778,1.9993432340544115,1.2617525092596398,0.9530482814002472
-1.1091455545636806,-0.8441009377227823,-0.7477034301106023,-1.348108109601331,-0.4813308715962365
0.3939406937051576,0.6642778840791449,0.5745713380427327,0.16204277263400627,-1.549285483188356
-0.7934265880302466,-1.6594016660229,1.602815776309331,-1.3482196986698796,1.1971021887858062
1.4024236070403824,1.141915418857259,0.004703224492954348,0.9509967083548722,-0.6731292341993169
-0.6178285287196401,-1.3394715137222386,0.6003864975556125,-0.7224591695516924,-1.4473554920343492
0.9108148309230273,1.1221046701717532,-0.5760691770127327,0.6883678311337674,0.8322615887901208
1.1367321067720417,1.3371436596653372,-0.5810214914553039,0.8991072575608714,0.5280125294659155
-0.7985372663152442,-0.453632190379809,0.516006416400003,-0.7765424934684945,-1.1276671722423923
-0.295654919527416,1.0191669576832665,-0.8167769768061603,1.4706403046354233,0.13994204377167654
0.541400528568187,0.03184367712630009,1.0040177222578615,-0.8769710534051024,-1.2171595929122925
0.8420175656534498,0.33351922816969726,0.6828972559854785,-0.5749410905256302,-0.912911071428973
0.6353876931189523,1.3017709034049496,-1.0950772937167803,1.1895415678530974,0.6878367892491193
1.4210249455045367,1.026334941776135,0.1894028683760387,-0.018578817583779633,-0.5291583723659301
-0.44244463217796937,1.0606411130959876,-1.0384492470027589,1.424295068615618,1.058586109216195
0.8149262410937217,-0.5046789456338354,0.9512810230339623,-1.0094972211595332,-0.3274540563282001
1.4210249455045367,0.40034877408129704,-0.012079240452044717,-0.10340679860212866,0.14251346104668272
-1.2544834243240799,1.3371436596653372,-0.7138030098680639,1.461140284077137,-1.4564347840275256
1.2476057133716876,-1.1249876816902031,2.023001264396983,-1.2774375244759473,1.110302199590217
-0.759406061623988,1.3367458234825178,-0.7211633616633845,1.064545259590237,-1.1304418933722302
1.0564343539527463,-1.6080120037104912,1.9678037349222193,-0.6840282146950115,-1.3036659209842356
-0.21982641952883722,1.327107628667369,-0.9447793187755451,1.0129382519410308,1.4152052734315537
1.4210249455045367,-0.10828425236124707,0.9819412081964688,-0.7992425931737785,-0.41028746899102037
-1.3597808276124563,1.3371436596653372,-0.6270046733794246,1.0220164764985844,-0.6311771072660938
0.49916529228052126,-0.25114210600409487,0.792694563088603,-0.6084744065029111,1.1929161731716311
0.690428056156676,1.3100678676573747,-0.5337156487504415,0.5537075891832214,-1.278133538453576
0.3761503040881388,-0.4410838185544094,1.9404785849901232,1.2228479682603635,0.4410759286853328
0.3139118400448732,0.49968302934818487,-0.8049752095822892,-0.891057971991616,-0.4795974104213056
1.1144777785469346,1.2047746023277153,1.0574123458787048,0.9638123658303153,-0.6505447575637229
-0.789206040360552,1.2180093215623495,-0.4901927294116147,-1.2127543068850226,1.2911877706204313
1.3159964413751715,-0.06313197878108968,-1.188199992333421,1.352963491782756,-1.1487424673524338
-1.534300633180704,0.6551655156396805,1.8223757629157407,0.013205379787929131,1.3350384758805256
0.45032820964425085,-0.3530409647605001,0.12954764289012197,1.3817187667340087,-1.3899947615638648
-0.902713902160233,0.18291316822633005,-0.8875819034936767,-1.0015215393127572,1.2435463627972243
1.1175408907061037,0.2144542180878443,2.023001264396983,0.24732939006327923,-1.4596984025225552
-1.211987260196346,0.16881558177480266,1.027756361111534,1.4773586072648242,0.7490118872816919
0.26213174645484216,0.6768657195473444,-1.0577617973983011,0.07152695263361769,-1.202630359223313
1.4210249455045367,1.3371436596653372,1.1900791958460961,1.5529887658722468,0.927110904682581
-0.8562602438879239,-0.8982493219838859,0.46926256261056315,-1.0104529361485366,-1.1489301738215778
-0.3383859718533374,0.8266974388238829,0.28574706910886377,0.9304760659597061,1.1679565911843477
0.563465670823713,-0.07832974759877936,-0.6776137620427144,0.024385643402301316,1.4932018830083817
-0.7779760462336338,-1.6116495916501874,1.996404429392652,-1.1517471215283361,-0.8413809228221086
0.615611382242597,1.2713694995523976,-0.23662787209757813,-0.45787401315756665,0.6801924567392554
-1.1880924345327668,-0.5386848732929271,1.6900932225400072,-1.4673129985984275,0.0716948759317305
0.4869303805455203,-1.2934153094049774,1.236840647268241,0.21989129325608775,1.3568624455036002
-0.10097724261607377,-1.6796139839385171,-0.6898804473693442,-1.4673129985984275,-0.4686297590780884
0.23201557206687198,-1.076262348559252,-0.04764008249014916,-0.8632525389204949,-0.7429711002656577
-0.03980374678359484,-1.5897408703866487,1.3351904104638816,-1.0783327267222333,0.7806745802286906
1.047761027521484,0.5490691118497978,-0.9125109370500165,1.3936048712508742,-1.549285483188356
-1.5369125686876985,-1.3083128345619062,1.4671306485002213,0.14485698823957402,1.1071085004103414
1.4157474009429991,-0.9885991990041734,-0.017906327539732952,-0.8552352113926337,-0.8353372047883829
-0.35306914134636946,-1.6796139839385171,0.5545111720900073,-1.1686680821045865,1.301100178145711
-0.42424717387359395,0.753336126736444,-0.2878171149745666,0.524728602175883,-1.3080740648842457
1.0788390743952443,-0.7550432283579536,-0.6089370135813785,-0.9779538212515345,0.21316961821412342
-1.5462815255520543,-0.05607918586179909,1.8310814821146482,-0.4556438335435632,1.0710123850416997
0.2574222912233093,-1.6796139839385171,-0.09563904485736588,-1.4673129985984275,1.4932018830083817
1.1925409049558722,0.30888164933579887,-0.8788812932849093,1.5529887658722468,1.3481978288333751
-1.5208583323364682,0.1619355756158788,1.6382460552660745,-0.0956297346189889,-0.9232462218904904
1.0432721121140411,-0.629864020104481,-0.6949428889327153,-1.3644903459184172,0.2272438385137166
-0.5748046632778786,-1.0051883278767915,2.023001264396983,1.4677619473696604,1.3156428578568353
1.4210249455045367,-1.0508557619832273,0.233754579448721,-1.2275684231335597,-0.2957241332704763
-1.3819054890494233,-0.5148968293641651,-0.25934528058878076,0.21570216487412186,0.9213264259558104
1.2515143167600788,-1.4353500337817915,-1.1773416852887741,-0.8371529770168963,0.9853090534122547
-0.8562007247064828,1.0263317420213134,-1.1638704136201985,-0.9360625374318762,0.8786476759858723
0.04565091797056789,0.12130402230618076,-0.20051015013419138,-1.4673129985984275,1.4932018830083817
-0.04444730577853209,-1.3030545708050665,0.014922907770075898,1.2053263488223094,-0.9016578265753964
1.4210249455045367,-1.6796139839385171,-1.188199992333421,-0.6068550302114885,0.923834378006292
1.4090206705976207,-1.3779384328951196,-0.8670800937266091,-0.9088849930909606,1.2280834373304974
-1.321877206038424,1.20066078421207,0.9283376836454484,-1.0991288713153469,-1.5313732303276995
-1.0212596375318987,0.898985233168673,0.6072177850386363,-1.2513091309469822,-1.22712470884438
1.011184896262095,-1.110178683083339,0.28962592795642106,1.278892376621081,0.319004872039918
-1.5851475510331399,-1.2732867184071923,-0.4793134187408358,-0.7345556381499359,1.3185907637519005
0.5023081176291201,-0.39815430799032786,1.5920568107396322,-1.0728632606063964,-1.250304037499668
0.5988583269306955,-0.6998298590337252,1.270936344467249,-1.3230678429704599,-0.9460549781754627
-0.05912144111009537,-0.8363927283575326,-0.7697907298178464,1.4165041227387831,1.0343251825395645
0.975344783451778,-1.5718281096028262,1.4442406696753942,-1.4673129985984275,1.1460309696338575
-0.4216591523234287,0.8523866704091494,-0.2887304888785208,1.110785847488342,0.8376507544658285
0.8272690313450849,-1.5080127327331796,-0.796725893502573,-0.7033165720652509,0.7935483396711802
-0.15149202217921715,-0.06889847026209457,0.2160468196227738,-1.4673129985984275,1.4932018830083817
0.07241860698120917,-1.461045131584231,-0.5562304006327495,1.0498827763343683,-0.6060594000583853
0.20128294901397542,-1.6519984999506436,-0.8773502992395614,0.7478522795359079,-0.30181034073418
1.1284153640081636,0.5136376934176806,1.0798379742663446,-1.466655210404879,1.0965458432541306
-1.1325445641890042,-0.9152960157959936,0.6590235127258762,0.8510454719937774,0.644556195327972
1.231636504422516,-0.9961228891747105,0.21939945248588988,-0.6727940252628241,0.5218499485964282
-0.7685247190735334,-1.6796139839385171,-1.188199992333421,-1.4673129985984275,1.4932018830083817
1.0057606794320055,1.2639258032524006,2.023001264396983,0.8467559668420169,-0.8233707829202366
-1.2623766243414525,-0.9759692334308229,-0.27253271947178964,-0.5203996641168926,0.6744101293760282
1.2156784553198647,-1.261084986687467,-1.052304260597421,-1.1245055069088283,1.226710867389938
-1.1604378034343994,-1.5266113076337664,1.245175680849198,1.1500523855616653,-1.181831514328572
1.3541099743480365,1.1847878671270216,-0.4146693664968344,-1.0960924740290559,0.9667852754644446
-0.7291107982704316,-1.5615643627200535,-0.4225831922240103,1.547991818061029,1.2162719136374611
1.0745924870836696,0.1037656328364861,-0.900232330746393,-0.26418902705378056,1.2279758691533376
-1.458996114547313,-0.4651657066342891,1.6318762798923825,-1.3596124620415833,-0.8057812345910597
0.34470770222805114,-1.6796139839385171,-0.2948448147452028,0.4525683830732263,1.0197115078315144
1.0888223542394753,-0.07649415491611786,-1.0381046740010809,-1.320241275846559,0.566079831681011
-1.176230049103036,-0.5783154366359325,1.7843398989874926,0.9430338405638146,1.1693280854431356
0.9280908047575903,-1.6796139839385171,-0.4635010942569044,-1.1711775013494554,1.4932018830083817
0.3554206234661992,-1.076262348559252,0.17873927062229064,-0.5671170416715228,0.8847043022008572
-0.6519983845007644,0.10561349124596403,-1.097329790703039,0.7046961416330383,-0.25441149915046835
1.4210249455045367,-0.1926639201768875,1.1505112025413582,-1.4095152002802316,-1.541825630102321
-1.3229708709974055,0.6609277407809231,-0.6329907068270302,1.338520449231066,0.9027563936918215
0.6424694128679258,-0.77824251739954,1.614850286417367,-0.7756908926822038,-1.2269848702140722
-1.4838926692913972,1.2496490305308634,-0.10604549010739035,1.2610205063267217,1.139998008417848
0.42587167170582063,-0.6569504779618488,1.228397189563197,-1.3426434487563885,-1.512432625693395
-0.04047280615354517,1.0529211712963917,-1.1852225864128245,1.4470464245437755,1.0771545279575265
1.2893770188968703,-0.40716695073785236,1.4260787773925399,-0.8480561366763564,-1.2551564379713482
-0.5143267978784936,-0.40716695073785236,-0.5006423172450453,0.9641247084384531,0.5703357666103401
1.0599970020990106,0.8462884710116378,1.0079204230594063,-1.442507656322395,-0.823795677220018
-1.4052694248713977,-1.559969284941483,-0.8284277449881101,1.5529887658722468,0.3286838566207604
1.4080890891238138,1.0823125192102567,1.0275520015059258,0.17431703625534356,-0.9729195925802471
-0.42032847348120816,0.5826430726079724,-0.03003904379157512,-1.1847614682490188,0.6516282651353458
0.8452613610419935,-1.4477821478486728,1.4209028027149422,0.798462460434014,-1.3029183221529745
-1.412019537752342,0.9486710260385762,-0.694657353150435,-1.285746371771404,0.8500065731352935
-1.1114025006670796,0.6469954749951787,-0.373537454543623,-0.9837158749729435,0.5457580516519741
-0.8107849321605541,0.3453193906593111,-0.05241755593681104,-0.6816859120934714,0.24150899232776887
1.1549295650764173,0.10152687104630245,1.7151953940955431,1.154050904864819,-0.942234694363631
-0.24910347974273928,-0.37850194716849195,-0.48108510298834434,-0.7000671411026401,1.411225788717526
1.0340423876205564,1.2338257096455494,0.8404914365124959,0.726424508779671,-0.8518720471405078
-0.012930304941642884,-1.6690846574055511,0.2326987214864121,-0.14893353681291677,1.024960297036029
1.4210249455045367,0.19751258289237916,-1.1236149773088175,-0.1968372823594827,-1.177276002025853
-1.5117593374736489,1.2723720893965007,0.6637277573138619,1.4405603766742725,0.3712604168223965
0.8889324975819277,-0.9574639847125329,1.169729520452092,-1.2342098414286493,-1.230810532434762
-1.1737807285024793,0.7321905469978585,-0.9393070226698155,0.283311792439754,0.4687930208941089
1.4210249455045367,-1.0682192315226742,2.0114498376899816,-1.1173323053014217,-1.331491119211057
-1.4139762308422206,0.8422061171517385,-0.6791186434717901,1.5529887658722468,1.0911168773528737
-0.8127416252504327,0.8422061171517385,-0.036878278592594925,1.2288572264733413,0.4826192965453488
1.4210249455045367,-0.07538703974784199,-0.7570227957919053,-1.279850304383939,-1.226096357070732
-1.0707195458882497,0.8285927602632143,1.3838507032214693,0.9000191911928364,0.6001698005456215
0.3439913463657054,-1.2747591389176016,-1.188199992333421,-1.0546656997291926,-0.7999730908653141
0.8257975258682044,1.081168606861533,1.3852551078444542,0.6538088567800199,0.5857884731002367
-0.5405550943073243,-1.440203528553698,-0.45750541049458937,-0.6307815418328284,-0.6437061107007861
1.2631487224680393,0.09798047611902198,1.3679895594984202,-0.026721616073884298,0.9075372613256908
0.6619141168762515,0.7013321114982868,0.7257491946192254,-0.6307815418328284,0.2990402183590518
-1.2566208006433333,-1.609484957513371,-0.8970448885644768,1.3987945638168577,-0.08572684861460851
0.24646544762550493,-0.23703812004292435,0.7085563074662965,-0.11135631841847958,-1.0809374047206148
0.5237477770582508,1.098690997557119,-1.188199992333421,-1.4327353370800906,1.0488033213443935
0.23452228616381848,1.3371436596653372,-0.545959627454226,-0.8286748774021582,0.7324657502709652
1.1980777830936895,-0.7569902791669009,0.7069322162672829,1.5529887658722468,-1.434861448257234
-0.6056260336816741,-0.6564454499925053,-1.188199992333421,-0.2591920792425623,0.39063129416534026
1.2020586597738308,0.7211433934762624,1.1062645095993355,1.2762051623531185,-0.8652572932653922
-0.7038874194496834,-0.7262998307954638,-0.6132245916401521,-0.8905854536869972,1.067625063142936
0.7952604658400431,-0.5680852871787867,1.3611940349463778,0.9349567141092673,-0.5598319759239442
0.7892102347622955,-0.2664097361353893,1.0400741363395658,0.6329262173108069,-0.8640804974072637
-0.7132579705778279,0.44015212418466926,-0.5655270596912073,-0.8772246649245307,0.6571631856911052
1.2973828802219707,-1.4420599196427,1.7749058648608207,0.4925861451630452,-0.7883998306846869
1.2961919651718847,0.8485912278982539,-0.8936462747900988,0.654854804078041,-1.3016188985728838
-0.40785707928423115,-1.275311629916799,1.889571471901988,-1.2473773515173623,1.148809993490782
-1.0090916848760192,-1.6796139839385171,1.2473311070227933,-0.827966366904724,1.4932018830083817
-0.7084746477907565,-1.3779384328951196,0.9262112084159814,-1.129996329784196,1.4932018830083817
1.2388106914712287,-1.4925216530568428,-0.20672495280696393,0.5864015845109419,-1.3762281862509484
-1.5697432428863964,0.5248475011427081,-0.9196300309776052,-0.322893953733047,1.1729144084696446
-1.2691256743798711,0.22317141680684038,-0.7026290807658666,-0.6249239166125192,1.4771629299529643
0.5345776109742297,-1.5868829560384843,0.6822030009919818,-1.4673129985984275,-0.23793635713666736
-1.336340898549892,0.7297534004087349,-1.1199177714440232,1.5529887658722468,-0.47701684985124115
0.14215383077974794,-1.312481581801989,1.201706122074058,-0.5981003605608265,0.07773913180634198
1.2090038042582478,-1.524877573812926,-0.8664374963000856,-0.7708220854281704,0.9203669178155446
0.6077691986664596,-0.9328669361063746,-0.22419713142089054,-1.374882545106103,1.4932018830083817
-0.49256297147901346,-1.3380508225814454,0.17591797273375584,1.2566092676456357,-1.3675705615122389
0.5591845411300514,-1.6796139839385171,-1.188199992333421,-0.25354214850869,0.15367312158613006
0.25856750404478906,-1.4607155568376053,-0.8670800937266091,-0.5555721113881621,0.4579216430694497
0.8923734502589954,1.1699575368213466,-0.31106926443377736,-1.1229320476503966,1.1316292042348126
-0.7962569376762795,-1.301412563289112,0.7310540293814702,0.9628838807097139,1.0471935635731964
1.382029253235312,-0.39038956962322985,-1.0969471841080949,-0.21755600869929717,0.384624687152735
-1.435024232800618,-0.8089025681001719,1.1582967358494578,-0.9312786232969777,0.6091409865207522
0.719015331571376,-1.2885927455963462,-0.31322412294180124,1.1407734074645224,1.1283472991496657
-0.6043878221391926,-1.3791751381336708,1.4593048109365712,-1.4673129985984275,1.3134473913610032
1.0206006181975833,0.4618288632236415,0.12610077754219762,1.3603171580081974,-0.5122249899174283
-0.8344018245036534,-1.5956108206068857,-1.0389851233019092,-0.21589605456476596,1.2210463271807006
1.4210249455045367,0.5328852852545832,0.6744316593231605,-1.1217595615521558,0.9135696847008146
-1.5626934084131947,-1.541163792562432,-0.7141169289289009,1.275351959809863,1.4076184898964705
1.1389013683670672,-0.18153677278475142,0.7487969844728277,-0.3934326608683281,-0.3248880174620521
-1.2807080008040705,-1.0515314435430567,-0.4678091082762386,-0.10181091474618985,1.4924182488377729
-0.3896548381884899,-0.6446298220212537,-1.188199992333421,-0.5694214360248958,-0.03604164542536424
0.5153247500417993,-1.5945591678555178,1.3852573785067386,-0.7995714872705528,1.1685799487709887
0.36166057193479056,0.4137088170464441,-0.8839584941531298,-1.2726429319612835,0.37167347862269023
0.7597386743661838,-0.7929939204196156,-0.1885153766161346,-0.33682229838004457,1.4932018830083817
-0.4427305368173923,-1.6796139839385171,-0.1885153766161346,-1.4673129985984275,0.27620725923421824
0.6789971847923937,1.2402012211276001,1.4272515744625023,1.2005002550873374,1.1834227436963893
-0.5234720263911822,-0.5698536850101945,-0.49946952017508284,-0.6116811239464602,1.4932018830083817
1.4076559807945768,-1.4237231913450146,2.023001264396983,-0.5214642985795029,-0.8311748541731829
-0.39604783598078724,-0.9537847999601559,0.09628073742496912,-1.4673129985984275,0.9943178882493914
0.026914598505644503,-0.9190695933156081,-0.7977062519439211,0.8909302882555176,0.8833645405543314
0.6281492040974326,-1.5224212286948728,-0.15546588706472597,0.2868698285775848,1.491862121361856
-1.05759716064426,1.028667563041086,-0.12476710064338241,-1.450825046321664,-1.4606686674805367
0.8153715721120047,-0.939574688797402,0.6829693495130124,1.2759002946108164,-0.062230193836698686
-1.5523062484091847,-1.305939683069215,-0.8016254150470288,-0.9728052404476477,1.2814603803598672
0.2513975683661793,-1.6796139839385171,1.1250956795905565,0.0018531942593337865,1.0304790823652146
0.9129718698290068,-0.17123516213658993,-0.4805049487746456,-1.4673129985984275,1.4932018830083817
-1.3693942382577313,-1.5171714976175574,0.680857633588395,1.2364912001676247,-0.8874028917381743
1.4182163841302815,1.2314392258411013,0.18296383780266828,0.5432983045879111,1.3746058163261157
-1.1450074556457757,-0.38258483432086166,-0.5347005485163586,-0.2160055079573613,-0.6717071828972639
1.2721547186098567,-1.0004414915989384,1.2579146639310113,-1.3408948640698044,1.0416376672228904
-1.4716875171471169,-0.945159860838516,-0.5257819547282758,0.6072666046535425,1.021577277864352
0.9546544280032906,-1.3513788679983763,1.1042016129138357,-1.4005709893887337,1.173353286632457
-0.7540913175740491,-1.4074673702663136,-0.6858880554075603,1.0516292253449993,1.2703383686824257
-0.4534737490675237,-1.3133225840276013,-0.3647675891351772,0.7495992624655272,1.4932018830083817
0.9275886116641803,-1.0897007855175285,1.1633421474456949,-1.303627852607552,-1.0144645739629201
-1.5662103543308528,-0.5600267046605711,-1.07406344960455,0.7875769201011669,0.8450713451672001
-0.9649757487390647,-1.163377806747366,-0.43182308472535486,0.18379516613511118,1.4535683881338393
0.5381104995297736,-1.6796139839385171,-0.5416743200577371,-1.3263557161002262,0.17840573471960622
-0.302583058531421,1.2660819047096932,1.5066986418049593,0.8149146401385636,1.1068395799674415
0.1467947326683709,-1.328169979692325,-1.188199992333421,-0.8797837386353083,1.058291372410777
-0.1538223044168918,-1.37266043731688,-0.8670800937266091,-1.0500147314223731,1.3625404317349823
0.9754616961296088,0.5471103286065044,1.1898282876636546,1.0246567058955793,0.10421219804626432
-0.8282421206457551,-0.0562413067727604,-0.7368928069739304,-0.7875241392192301,-0.9165307405904015
0.9334342455557241,-0.66613537417727,1.8930257169023375,-0.05636800181656003,0.6707694844200535
-0.7707189574679137,-0.9587817504065643,-0.0454290250905831,1.396828674102048,-0.7614346400342583
1.221329057607936,0.3163450774571956,1.7257658946956247,-1.4380077870892563,0.8787934308659241
-1.3070638383359894,-1.3341748529075395,-0.9800886849656374,0.7531167207602494,-1.2319098792053356
1.2228228827778567,1.2178887974640689,0.049632819117050794,1.4352991389638605,-0.02613461630894309
-1.5851475510331399,-1.5723134057507697,1.2079038947796967,-1.250286142165457,0.5457139486993386
0.7778484481621859,1.3371436596653372,-0.4011878768479783,0.908703917456035,-1.1347290230729357
-1.4152798072000348,-1.195492146014418,1.9865020711697947,-0.5600276653452747,0.8647256646569603
1.1929639162811143,0.6395181812695552,-0.8765703267448236,0.3174489707927683,-0.8439792321414046
-0.8986846661451706,-1.2523032595795682,1.6013137332081107,-1.168828791720056,1.2550696037754723
1.3757138429473932,0.1110621404146891,-1.0625818457627982,0.9244198228757603,-1.4614275609703995
-0.9649534290460242,-0.19856800111522147,1.2220041399010886,-0.9746296416305661,0.3496494321900989
-0.3505347933437538,0.5929308176519071,-0.7111151133887454,1.5302881322479749,-0.606829050365964
0.11463471210341199,1.1406232512018002,2.023001264396983,-1.1039181246401282,-1.050581665126108
1.2146613150227359,-1.3868641489699907,-1.094431857962401,0.38479644413515984,-0.1363054055151651
-1.3519790320522969,1.302592707101632,1.7018921514360228,1.521906138051125,-1.4837748497753562
-1.0513619949670343,1.0009166227657644,1.3807722528292108,1.2198756412526648,-1.1795263282920367
1.2657781948767084,0.16989229927227334,-1.0028974876137926,-1.3192054730093152,0.7586343985695251
-1.2257383167943081,-0.19282817425772994,0.7582327215962134,1.5343496539917438,-0.4630846195454986
-0.9251212797090456,0.10884737678566724,0.4371128229894016,1.5332679341215092,-0.7673331410288181
1.344843581787414,1.3361837332188555,-1.188199992333421,-1.328669720995388,-1.5490563629710055
-1.0508847786729794,-1.6222247813355963,1.2108109101694726,0.7049182519321586,0.952606714033006
1.3718658215829689,0.8406601022804325,0.02370753248337105,1.1361074894260317,-0.7636268794847758
-0.28299487078212093,1.1045940119105124,-0.9652658015721921,-1.4673129985984275,-1.032159001264828
0.5291975021089583,-0.22660371956966588,1.1257184087220904,0.3596878358737901,1.3606832671563174
0.011215882979272602,-0.050651868391884514,-1.1616956868171848,1.4006739586555679,-0.2244085831770458
1.3594544779886957,0.9631493833138747,0.9390994875430027,-0.29891565196984465,-0.8925468019699581
-0.2858804882394921,-0.2587991192921987,0.4710915810807562,1.2091411999934978,-0.7087187034535357
0.6159711544375585,0.6462286004229337,-0.4922686824052509,0.686064504618371,-1.293727697096438
-0.6003670888643363,0.7416607546848727,0.3530824238256105,1.5529887658722468,1.3682264855796513
1.1995646997871932,0.2803387697421295,-0.002872840219397041,-0.8002538357375618,-1.5016306293430037
-1.0451401148213804,0.8161265154782359,-0.5140170857665283,1.516871815910728,1.3233850774079146
0.9557241790054428,0.4391132704525878,-0.6094938935066608,-1.1511384538817084,-0.5807663567219065
-1.5851475510331399,0.6582650114768763,1.4154055293240826,1.104884974829983,0.0210082130131282
0.3118260115881179,-0.8045221037493929,-0.4166607373203717,-1.4585401757021643,-1.5009491849406962
0.7542990463194708,1.2270827596514848,0.03779415363105585,0.819777574283726,1.475697851380047
-0.7794417060766226,-0.47219023505265545,0.2766547696560141,0.3847019404742361,-0.9961155943029948
0.12240993660042794,0.4328369513700067,-0.686705493829993,1.290792896950629,-1.3977724786134071
1.4210249455045367,1.3371436596653372,0.40897420829387116,-0.32307708794602363,0.4277202638091674
0.4933265668653948,0.29462087538836956,-0.8755065214645189,0.8850432974908534,-0.7892748978058822
0.07286978363338378,1.1121417002422116,1.057977173121983,1.2449805120811168,-1.430141894484346
1.3987504232714414,0.4655699099025693,-0.8687433538500311,0.6425084613932871,0.39535084793822817
-0.8407278632168294,0.4316135784432126,1.2481729550647847,1.2489352500272322,-1.4513936014049298
0.05394002682877681,1.3366412981583449,0.28481269157877753,0.431806409295362,-0.877100011729805
1.4210249455045367,-0.7024531246949722,-1.188199992333421,1.5529887658722468,-1.3110510141871443
-0.9839129454413519,1.3371436596653372,1.380760899517788,-0.8632525389204949,1.1229387712020689
-0.9430030737832776,-1.4803940489904845,1.7494085980677756,1.0961911719439836,-1.4647202228732623
-1.2298839340659382,0.902708147903612,-0.9681756552898239,-1.2491622426951488,0.7221730892394258
1.3319497076864575,1.013745506430525,-0.914388207093756,-1.0453018285129145,-0.651112179698241
-1.2058286191809733,1.2733122840215827,-0.40105901676333083,-0.48372850624554947,0.6077146324916127
1.1683559232827672,-1.26417861630749,-0.6066453476707115,0.8681751948944415,-0.9937835162221693
-1.4369522291423016,0.9804451247095974,-0.7475348334359754,-1.2048992907295955,0.43616597923887207
0.6781872987877835,1.0855122740318632,-1.0837483919136632,-0.4799328761579385,0.3591143560983931
-1.1590093430798112,0.8115300676769984,1.584697026609883,-1.042628496138647,0.37714708531746866
0.7191338385129956,-0.11569701769796867,-0.7253288916243642,-1.0339672623109322,1.2237231612693231
-1.5851475510331399,1.0991741605351815,-0.886132085625001,-1.2527266858608388,-0.6874358017615756
0.8908679338212915,1.2129601084538544,-0.759795842106894,-1.2897491624264636,0.9449080595936763
0.590250896736029,1.3371436596653372,-1.080916308379277,-1.4673129985984275,0.6406595381103569
-0.8053654981218302,-1.4761927709097153,0.0017996150966051582,0.7020297502056183,-1.264497120635023
-1.012198373578743,0.8056083880871459,-0.6897039033767216,-1.3376267459426041,1.484970766092111
1.1323574469361155,1.1517813295572115,-1.139308092022811,-0.9093986231576762,-0.7601427462265687
-1.5225641945902733,1.1571147875523593,-0.525850642262383,-1.1562635422501115,1.0248860749937887
0.5817566592703531,1.3371436596653372,-1.188199992333421,-1.0661572381137259,-1.1048551889121052
-0.01947794632143469,1.1068930357498366,-1.188199992333421,-1.4673129985984275,-0.49635760810458035
1.4210249455045367,0.6985568574830135,1.9703128167466306,0.634220436938373,1.3181669451338909
-0.6422080105749546,0.3922133974473631,0.10006082246314892,-1.2969389155225064,-1.532847990036561
0.7922956666145048,1.0799393677175657,-0.8449950646816494,1.1866108865264837,0.3717993333899672
-0.49478006098769717,0.6445423296319474,-0.6564222386067192,-1.3445223096761103,-1.5341732299791702
0.16044853917522833,1.1885065155221985,-0.6980451812789614,-1.0673670985411456,0.3888171568575397
0.5905585896472292,0.8578902487023121,-0.027072423516830084,-1.4362309046962938,-0.1486321807767969
-0.30099995458933837,1.3371436596653372,-1.188199992333421,0.3759499404185157,-1.1989768060860788
0.9014687251729745,1.046577124070087,-1.188199992333421,-0.8321709789373495,0.018017817688084747
-1.5851475510331399,0.5613647030442905,1.144005755096165,0.26671545460837187,-1.3620942656130313
1.4185368311517912,0.9517507900543722,-0.3877302291531098,-0.4706207950835227,1.3361593362865318
-0.6131754041419715,0.8992433467242823,-0.8059300230729362,0.8177016972573325,-1.2562003871306846
1.361292664136955,0.6312302829891244,-0.908192705050402,0.21431290766664352,1.4932018830083817
-1.2910654012173604,1.1462158893374976,0.5087715186959031,-1.4576239707182932,-1.4105736295363136
1.4004339658322058,-0.13310048417268552,-0.8215516119249666,1.1262166401683311,0.14286251978156622
-1.1781038404759072,1.022103799317031,1.8803764249807635,-1.1202079929722435,1.0699463844060455
0.6255999762994565,1.3371436596653372,-0.04634466965682179,0.6919733860615542,-0.7555463580165287
0.13436160080232026,-1.2014308909633193,-0.7157143398460714,-1.0812233641247266,1.289770559886351
0.46251848199317097,0.54759935780174,1.495868718038869,0.9689641501481318,-1.4004224206577396
1.4210249455045367,1.3371436596653372,-0.7519722752055281,-1.1452471917651381,0.729318843248154
0.21755294239793008,-1.4508971091675065,1.0283700075939295,1.0726346661815147,-0.7079641126907594
1.1860267431156408,0.7551333223612462,-0.5891101581783891,-1.1891641642262925,0.2928991511249963
-0.74818722734359,1.0437560069023708,1.9623365478066295,1.3612104044755728,-1.1328804639484438
-0.1469526217518021,1.3371436596653372,1.3200961829274345,0.7571499447976404,-0.5243828831409192
1.4210249455045367,0.36153628138768246,-0.6066243440445795,-1.0550309003171692,1.131890057064425
0.819790339912749,0.9648879167669473,-1.188199992333421,-0.45097044063923647,0.5233924762569001
-1.2186294945609282,1.3371436596653372,1.677634666250334,1.1504837921041875,-1.3963385948118663
0.6502308204121073,-1.4140540655665903,-0.6745256613357467,-1.4526259550690983,1.2450663011404928
-0.031507729448968874,0.9350779342639222,-0.49208021743563446,0.3484979617176291,-1.2948544737521872
-0.6472549183084083,0.9275457114138609,-0.5038280564302481,-0.23068934797276078,0.8574868641749888
-0.04602031271662017,1.3371436596653372,-0.9189828922265129,0.37337111170517195,0.24898928336746418
-1.2400510856671214,0.3404466973584749,2.023001264396983,-1.3901681118212827,-0.8746990900155974
0.7157492164897916,0.5166801269605579,-0.9680422538806074,0.8450324763478817,-1.408226491910686
-0.5620069764255009,0.5661728679562242,0.6761528213348382,-0.9410893847064377,1.396356101747835
1.0495125920038957,1.006437266417976,-0.791077621069792,1.5187480072355084,-0.5217727413221356
-0.8945098207040828,1.051891383536305,1.2157478976416232,-1.3520516352486927,-0.6839511306624827
-0.37586551925960127,0.33007682527411897,-0.7482523627178885,1.164502902979191,-0.8558660535584526
-0.031277624042146956,1.1139740931700517,1.1767532465637305,-1.2486587570892103,-1.549285483188356
-0.6651824146112469,0.9755937631075717,-0.9351369513842668,0.972590527916461,0.8928757187788047
1.2863059354187585,0.7859336289815586,1.8693608745729122,-1.3180906501618077,-0.9539870555592294
-1.1895873225452134,0.5181973440384694,-0.3238269804794379,1.3503617045529166,-0.34907902482352837
-0.4729450241389929,0.6757591376715386,-0.31447355486386674,1.4937995746706199,-1.0078663419759355
-1.3747966668160434,1.0775507507432367,-0.7356081797864547,0.7989248342778559,-0.3757532435547397
-1.4083436968770868,-1.2080901140395521,0.9806264947337232,1.195176548855298,-1.1558473454538412
1.3934383363278164,0.9173704910811527,-0.20973301266840183,0.3535103931795072,-0.8048792754255745
-0.050279654138504215,-1.3786514449278677,-0.2705033150549864,0.5197957246432572,-0.6618383404837344
-1.5851475510331399,0.5782674078894259,-0.6250184115460274,1.4662018360859357,-0.905105924494255
1.3110675091620745,0.5784961903591707,1.659617528688119,-0.536841699360665,1.0207904166484278
-1.0602643639625926,1.3130196414803066,-0.48630478791491943,1.3856526818395818,-1.540087328359418
-1.0479290136089097,-0.40931931914785297,1.5959595115411769,-0.21671295061681892,1.2047104859563218
-1.348546050694172,-0.1076432348119852,1.274839612934365,0.0853170122626534,0.9004619644730021
-0.44969268678222063,1.0174353570323074,-1.0367632802564917,1.3653402678498407,-0.9009806849001751
-1.4919941864438142,-1.254620948655352,2.022932576862876,1.3281688278864887,1.1425108010363019
0.9784520035757649,1.2718355971714115,-0.7496902596095703,1.3979883461445703,-1.4259596437563713
-1.289709214154522,-1.2714719241308714,1.4762592785496238,-1.4673129985984275,0.3487609190467585
-1.5851475510331399,0.23690689767105594,-0.12934134981557827,0.04283788363690969,-1.1724827640516104
1.369573801676221,0.6147419463933868,-0.5463603993474464,1.407970495549265,-0.3897822852199259
-1.5746801464184366,1.0457233228251883,-0.47252073251664894,-0.1502069335999406,-1.171682994654427
0.7866711039683141,-1.5641252331622792,1.5402584627048173,1.5529887658722468,1.3633068549972465
-1.1585454123173278,0.8883935114166855,-0.5095330954201425,-1.4673129985984275,0.702148735220236
-1.4417865683706081,0.19425256602163243,1.0349980708024875,1.0767164768468382,-1.0952224586474415
1.0472343890499822,1.233584128156518,-0.8962132585027658,0.06165532445949498,0.977342554211797
0.14538274637293178,0.3606083524894167,0.06714700498324123,0.9677457470168997,0.06459591408006708
-1.4447816586081301,0.8737978297979283,-1.0093563864821529,1.4814831314492096,-1.396861913993749
-0.18293834398814487,-0.6257470022340141,0.08662304306327011,-1.3006827554682552,0.8634816386881067
-1.2442790732344962,0.9312440946951674,-0.46958873984174304,1.2274076364201885,-0.7102101362298568
-1.5555505752189913,0.4155860065417866,1.6728923880690825,0.46936974579610413,-1.225006153595217
1.1936510439740025,0.8931664790255816,-0.9440714398083414,1.2100979828204779,-0.177467982028035
-1.1300197817691202,-1.6580391037613662,1.6378753696481243,0.5434755656920168,-1.0260475152794917
-1.397966102455808,0.2504509265384452,-0.07297669992656315,1.1575368619392332,1.3992249450326881
0.34482727201219626,0.6476188938929216,-1.1547009116496745,1.495137041736236,-0.972597963730539
-1.5636308355208932,0.5707127867556132,1.7385974072655328,-1.4673129985984275,0.9666959938774017
1.2286950877325438,1.3371436596653372,-0.5206576376176512,0.14646728790819583,-0.9800260842043117
0.627460482140756,0.7337920242860724,-0.02239599454182998,0.7505277475861286,-0.775366332499115
-0.4623814322757105,0.8365420178250251,-0.4949128686355921,1.155668679399277,-1.0736120118560295
-1.2152884490812796,-1.063513992057502,-0.2356458106595167,1.1791493686654113,0.47455329678101815
-1.0538628634300893,0.262115099448141,-0.2329874327898972,1.0092851782232881,-1.3403563505316851
-1.5851475510331399,1.3371436596653372,-1.188199992333421,1.5529887658722468,0.47773139857520575
-0.01286866007515031,-0.4729107131799871,0.738521102304164,-0.05068283242946192,-1.3477608060064827
-0.9453136934342261,-0.8669407876394083,-0.5632450440952496,-1.292266056537168,0.715481810779198
-1.4312320106687946,0.49100956061175066,1.6471288861231759,1.0346783653054057,-0.2895674686507329
1.2154111504246423,0.8071058733436576,0.02625691856333278,0.8956218344054453,-1.0100445975634225
-1.205572474132271,1.288181544677587,-0.958539532219828,1.4964376683916616,0.2853489407701472
-0.796090071399739,-1.1085126774062224,1.8184100512358,-1.091535475464172,-1.5187081531489
-0.6651228954298057,1.2061542299482984,-0.4875979300859622,1.426608539591791,1.247784548977322
-0.2868891257964149,-1.663576812772626,1.7659066625616364,-0.09941735592177584,-0.3416245501463515
-1.5851475510331399,0.14647809336516876,-0.1608144320759485,1.5529887658722468,-1.549285483188356
-0.09799703217391238,-0.7276725256139328,1.497994625602765,-1.1522009526683656,0.7082198831391374
-1.126689896135992,1.0237260750115853,0.010017709569908868,-0.11540235651158907,0.5212755345303945
1.085006749572086,-0.863703169052413,-0.6669688972528137,-1.3501386035137217,-0.8925914427634791
-1.0179781112336912,-1.1772743419376022,0.7375538001709523,1.5529887658722468,0.36232795539104345
0.7857257055416724,0.6327805642001925,-0.5469263619218668,-0.2591920792425623,1.4932018830083817
-0.2776599327241931,-0.07653521843632848,1.7957863075638347,-0.24153324262452283,-1.1984421922455943
-0.7221576824670718,1.3306828213880437,0.19714696209744578,-0.13194797203908568,-0.06872569821449584
0.899170328211072,-1.6659952941252902,-1.188199992333421,-1.0247582276012526,1.0224566477126336
-0.0026818458872411516,-0.7609681077026279,-1.188199992333421,-1.4673129985984275,0.10971054542178937
-1.2454317259536558,1.1229659375112357,-0.8047123804228541,1.0462969764091474,0.2789782154778557
0.47212498416202875,-0.5359304176839943,-0.45618047905156317,-1.0591378051749414,-1.4148284887838714
-0.12910909000849632,0.06742121769527061,-1.0984208439307583,-1.4673129985984275,-0.8063314458172322
-0.5828790779458891,0.9453683457702081,-1.1328253512004631,1.167039018173473,1.2323452885095705
0.7142527342135566,-1.4997642980955488,-0.7410969381937471,-1.1827064140631678,0.4157920286439127
-1.1914356056974669,0.9950242742617764,-0.37069742369124065,-1.1883862442603832,-0.864372007167367
0.44578349500420694,-1.6796139839385171,-0.23889683138539983,-1.4673129985984275,0.5937388370741206
-1.0196834420662333,1.3371436596653372,-0.9102289214540588,1.0331951383559919,-1.19478487422216
-0.4184488364744454,0.7337920242860724,-1.188199992333421,0.4291346786780592,-0.5862872934146353
1.0183346379327158,-0.7725485536944916,-0.25400922422012323,-1.081016203557278,0.9349563896837336
-0.011908381853148535,0.1027289122742858,0.7232622517520881,-1.3286334145041856,-1.2165168730537625
-0.44537170049384417,-1.4598708215647016,-1.188199992333421,0.7166532573753434,-0.25214772686213943
0.5340817949359743,0.20422033558340646,1.7222968903904265,-1.2436885052274054,1.481692088052279
-1.3891700177128237,-0.09283263632771002,-1.188199992333421,0.1909891905830601,-1.3464871987889102
0.9978361255601238,0.8099205910017306,0.7068442281037569,-1.4673129985984275,1.0875031244411886
-1.5146486748798602,-0.7414090730630889,0.011345479340790809,1.5379327843220234,-0.5975491437223845
0.2890546104742408,0.28198557689031634,-1.188199992333421,-0.2742485947117743,1.2179166310662348
-1.1399823361840995,-0.05858139413229525,1.5307262224343388,0.8716723642676097,-1.414319691305905
0.5249046811475135,0.9144805791847719,-0.8294864412782745,-1.1467613860158716,1.1419008894718055
-1.5729312390423391,-0.9215227386788397,-0.6397516037792336,0.3854536984097202,-1.2160650867096912
0.1475541336530087,0.434404831232594,0.7363111802357403,-0.23270649391044446,0.5290516380572795
-0.1433309858453592,-1.3997906251568102,-0.07158591927728537,-1.400894010376637,-0.8487880675013351
-1.1271506383708982,0.3303029412815127,-0.3578528548131967,1.2944790736456449,1.3775332842675208
0.7053896903914507,0.24154227582262286,1.0169116780405945,-0.5733703008621401,-0.9220290879659268
-1.2865998683454838,0.20050648682046213,-0.6083472090529706,0.4548653025607635,0.261340261468957
-0.04063435821745715,0.5021820378638596,0.9972534193122314,1.5529887658722468,-0.9262129522165589
-0.34542624074380757,-0.05853286451750095,-0.21074799870958916,-1.3633306738758948,-0.18961995900178208
0.14196358196764136,0.6616674174371846,-0.4773265892418675,0.8838425136862341,0.5873422954193107
-1.252720699995148,-0.7726381468294965,2.023001264396983,-0.6957472025685482,-0.3308198645915315
0.8376306831284774,0.6253160694938552,-1.0981636914270345,1.204202449352001,-0.006787941805860065
-0.5961938376870369,-0.6112355808255591,1.749431872356192,-0.9889824518732382,-0.7990668289727425
0.0007888663805471657,1.1035492919612584,-0.5252540257471214,0.6739637646682213,0.29923975732768304
-0.3352537749299958,-0.9447369599095936,1.6668308551005162,-1.4402475772450483,0.37149061272151856
-1.5851475510331399,1.2138896372295311,-0.5030804408730648,1.5529887658722468,-0.7395439781413452
1.121962847034425,0.8008028896375634,1.7448161835973033,-1.3109991381596064,0.16567504095273938
-1.472851329712797,-1.3766062683043907,-1.112673223425214,1.0950373730103324,-0.7570582287465103
-1.2947019169191634,0.765224282483652,1.0459880762596376,-0.14002830200756283,-0.5231759681931858
-0.7083874947036463,-1.5882076545346293,-1.0146714392246783,0.0990184413396361,-1.3070666889051437
-0.335799013145698,0.5503692788923106,1.5970556737590365,1.015173770744917,0.721101172354028
-1.4875748872218069,-1.5866787050223716,-0.8372254260095414,0.15118019081765446,-0.8459348216021704
-1.5851475510331399,-0.07829988322044429,0.7680016784098548,1.5529887658722468,-1.549285483188356
0.8783391461279249,1.1310218535670997,-0.9293796871618281,-1.3858428340973081,1.0596262934893306
-1.3597941131440279,-0.6846016925452303,1.6139777844345342,0.4943560866091601,-0.6254275881969003
-1.031121221906933,0.6062849943998811,-0.9643904612615039,1.080956861451678,-0.20513290367088832
-1.5851475510331399,-0.29874219202278113,-0.03875271030847861,1.5529887658722468,-1.1178790059617325
1.409757751889218,0.6789322278696317,-0.11861985017357457,-0.8985792887793744,-1.549285483188356
-1.4964437766778045,-1.6005507087589756,1.2301904451024088,1.0435019105055543,0.23624998414642429
-0.1585439823374703,0.6644378718202254,-0.8280826043208608,-1.0899406594462098,-1.2607386885250582
-1.5851475510331399,-0.7068703862261997,1.8563255700629675,0.5371326081113699,0.5294023103148205
0.7042970882749948,1.0060372970652753,-0.7344087024346491,0.832100958451984,-1.1120111618976634
-1.5061889797962706,-0.9034622558807528,1.2064580505700189,1.5005018597303723,-1.065348086645725
-0.7440235417490223,0.877285029261009,-0.8929395311540372,-1.4570943230819293,-1.549285483188356
-0.7876064623593205,-0.48978675340160926,1.3036844036003858,1.2065607695231895,1.022627681114318
-1.3888410679511083,0.11356488197765571,0.6614440387211906,0.6025003098452569,0.41413010030679304
-1.4232893884739752,0.36292710815014073,-0.8774485053833676,0.7160435218907388,-1.2686207467064454
0.1732637629292806,-0.6648090758037141,1.051709577551095,0.9259035837441624,1.1251917866726817
-1.3298224853395577,0.5048714317914198,-0.5538916184796783,1.1118814492522717,-0.3960518964256873
-1.5851475510331399,1.0326416585295213,-0.762092617007701,1.1118814492522717,-1.004549477233212
-1.5851475510331399,0.4292905564427265,-0.19940036394262478,0.5078215234933279,-1.549285483188356
-1.5851475510331399,0.12761447210685892,-0.33953315150156727,0.6972848121568634,-1.2450369617050365
-1.5851475510331399,0.4292905564427265,-0.4830458198710404,0.9993153089553238,-1.062195801214056
-1.5793880073861806,0.33075570658877,-0.35057367919454824,1.2468876707072167,-1.549285483188356
-1.5847585506687207,0.3204162321752193,-0.3728704474975408,1.2937112981405126,-1.2450369617050365
0.6236028951936002,-1.1032021509872965,-1.0942819942516218,-0.20841371386315127,1.4289723865853559
-0.6426124221559968,1.220900833336141,1.8837636854437185,0.8035261481187659,-0.8155102383742814
-0.35462673706783443,-1.0365320595243066,-1.113085348629857,1.16824353941101,-1.073034908585567
-0.37252181667363826,0.6393245961028478,1.3675774342937774,-1.2320549443919921,-1.330286355626867
-1.5851475510331399,-0.4800093692517209,-0.8802635589506199,0.8821563975212778,0.13976294275670542
0.26035520517307553,1.2858361243933496,1.04855278931002,1.363386124352773,-1.0855364821350837
-0.04026236333344986,0.9841605733499525,0.7274328907032082,1.0613561614733007,-1.389785003618403
-1.177109551293082,-1.2781674110950827,0.174170130440235,-0.07361358513767868,0.5053403847659358
-1.1287034513009973,1.3240849269458919,-0.7966759389323133,1.3642361233820983,-0.957156551899244
-1.3497614111223504,-1.0406352117905464,2.023001264396983,-1.3268437180555048,-0.7169890827544699
-0.43956911172459273,0.6823639649158046,0.07005458803858848,-0.1526175778319792,-1.549285483188356
-1.4496654200138832,-1.6767235387496662,-0.4614728251712434,1.2627504038487163,0.7781988986313568
-1.384447276949719,0.2389883381825107,-0.41294706915401447,-1.0286921427068254,-0.9956046454614855
-1.5851475510331399,0.7968885229057981,-0.8926420743947633,-0.42463168302889287,-1.549285483188356
-1.56230334520625,-0.7114902988961289,0.6641625891413504,1.0855191992064444,-0.3079729216036673
-1.5851475510331399,0.4952124385699305,-0.6203181406170397,0.07463863249725491,-1.524968083218717
-1.5851475510331399,0.19353688752653334,-0.5063683598610716,0.37666912929571505,-1.4879097705053805
-1.5843658303554615,-0.10813866351686416,-0.5564347602383577,0.6786990921751873,-1.240857400181491
-1.5760666244932582,-0.2920525712757426,-0.44477607772748545,0.7220575853746113,-1.1485042038400246
-1.5277466147457581,1.2077119772539504,-0.7256002357673661,0.8376462410641556,-0.9639564742184031
-1.4777249941145558,0.24065647702950835,0.9874231546169079,1.1292733263761765,-0.5669890245912742
-1.5851475510331399,-0.36269515834975663,0.3451827897377126,0.6556604878313401,-1.175486605398799
0.6123463300035386,0.6990256215643792,0.6800958263919333,0.791141897185845,-1.5150153376270026
0.011111724411750417,0.09567398618511405,0.037855461512738234,1.2429729766852216,-0.9065182946603636
-1.1119201049771126,1.1213468615715032,-0.40846251114205767,-0.7219487429989064,-0.8142366311567089
-1.5851475510331399,-0.6104415083373305,-1.188199992333421,1.0902326360348913,-1.549285483188356
0.593856058583323,1.0950246118240283,0.9075838303647974,-1.2251033191647178,1.371727291905318
-0.9092301896855156,-0.4133542099778985,-0.6980167980004046,0.2850475630706196,-0.1495163911930508
0.05444115707966084,0.9271158776828251,0.6637220806581504,0.8944472126312513,-0.9123458006579981
-0.8469651545791066,-0.595945019118043,-1.0953355815516461,1.2745121052413142,-1.0535607657925496
-0.8942345444899173,0.35789762686304577,1.931986308045962,-1.097156574572678,-1.1423050497903031
-1.1962986416739685,1.0446444721578367,-1.1119233372057462,1.3050512035323776,-1.4658018208946044
-0.13101582949966545,-1.3685140883605482,1.6563227977132586,0.5690556244200289,-1.415254458765424
-1.151583793773762,1.192603268278795,-0.1827751423608298,-0.22527594335069198,-0.013411990155363068
1.1663152656333555,0.7911412299537229,0.14314096265649143,-1.127253054022465,0.6195761753870282
-1.1358372503337322,1.1607283773308934,0.0054213214404387,1.3341444492032055,-1.4615109263076984
0.6548887277811417,1.1549250886694398,-0.617977087801684,-1.4673129985984275,1.2150101389193761
-1.2057579401530119,0.7980756319446141,-0.11585475117658195,0.7797042846191267,-1.1274584899787021
0.410448763814877,1.3371436596653372,-1.188199992333421,-1.0259579435678952,0.6980342524438722
-1.5588979977537942,-1.4196403041926449,1.7902271586257212,1.084740745321547,-0.38425650795922495
-1.1965462839824648,-0.81628866881338,1.3575524603075546,0.48068028564361426,-0.783468367602794
-0.06727184901869591,1.2767888176352582,-0.0591466636170308,-0.4825506809574259,-0.6660404913244836
-0.662103359814192,-1.6772904286455605,0.444383483624483,0.9564218591946829,1.2515171647247683
-0.6607795894483888,-0.4092387919848425,-0.31212682539279957,0.08780400691001441,-0.4128400618350234
0.6583376517771525,0.6868233565521832,-0.8311326714345625,-0.9056601224018102,0.9191616163904688
-1.1876502920420609,-0.7946849908428344,1.4340794559520995,0.5210194669643718,-1.3336591558217137
-1.3392366130112574,-0.13585760624396961,-0.8857534526890548,-0.9941555929505854,1.0584715491075198
-1.0386195759259949,0.165818478091898,-1.1193495382073184,-0.9860378886529293,0.9988846952107122
-0.43738497033420687,0.7691701134711632,-0.9098707244786732,-0.5691187039585467,0.3903871144031876
-0.870521464898239,0.165818478091898,-1.1719942756086938,-0.34595017740350714,-0.2181099285634514
1.4210249455045367,1.0409706203301625,0.12521578691680005,-1.1632098282875034,1.443610801974153
-1.1109231586879729,-1.0132037137049152,-1.0877731408130018,0.47512058721875966,-1.4275102390301304
-0.8103055901814475,-0.7115276293690477,-1.188199992333421,0.17309009042029921,-1.1232617175468111
0.8852741936083471,0.08769326436755773,1.4602828987156347,-0.6368927785725661,1.1849781795381207
-0.24198881187546778,0.9661107564012713,-0.8397583497879402,0.6034875260545679,-1.549285483188356
-1.5851475510331399,-1.2470049988874583,-0.7393922384836323,-0.6951961981726535,1.1225090363343153
0.9943701960837013,0.9942968633323312,-0.2090353516814785,-0.8246448568786967,-0.5861334709212968
-0.8093336206916627,-0.22632054126795387,-1.188199992333421,-1.1652830357189554,1.2393592715012776
-0.7023702117441963,0.07535500977544363,-1.090332177207673,-0.9602698904410464,0.9351102121770725
-0.480731408482529,0.37703109411131125,-0.769212278600861,-1.213326668040448,0.6308616906937529
-0.6055356920669867,0.6787066451547085,-0.7601148701578712,-0.9112967051609758,0.32661263136954755
0.4550461676159893,-1.1324036467817462,-1.0820141735938498,0.8986982756158565,-1.4880060440239387
-0.6034025671178361,0.28716971299378896,1.1406434719183394,-0.2657058908994554,0.5922759098647469
1.0907381278921129,0.6611154597304572,-1.019885447495542,-0.8317518525315576,1.2453804002177995
0.7901210908068506,0.35943937539458987,-0.6987655488887301,-0.5297218896520854,0.9411313408935943
-1.0135827259685133,0.5368231168550401,1.2279555457488553,1.282459489381712,-0.8843608636880941
1.2963285404364413,-0.08672697083561481,-1.188199992333421,-0.3723118935303464,0.010148667687956693
-1.3901186046670422,0.6739374105931043,2.023001264396983,0.7003607194482864,0.5205946279689728
1.2632013331730634,-1.392746898209514,1.010740585616799,-0.9809037236617258,-1.0619984136089675
-0.5405019521810376,0.4173074746358107,-0.9159805090207862,0.8312776553720718,0.763493790972721
0.6742808210844438,1.1364411716499605,1.010740585616799,-0.9809037236617258,-0.9719880521660428
0.057904960871031794,-1.4449071681414594,0.4283685025316569,0.11015919494887622,0.7904670492364366
-0.2676320134938813,1.3371436596653372,-0.6997021970811009,1.2052318451613855,-0.7344796683606599
0.032985023591381064,1.03546810862194,-0.3785822984742889,0.9032013483629252,-0.43023114687734043
-1.3722458447542787,-0.9459411343074582,0.5170049401396274,0.2588534975060971,-0.21675725873566645
-1.2845305139478773,-0.34258949892819324,-0.1252348570739965,0.8629134232650414,-0.8252548395431912
0.6637703713474482,0.8176080019606398,-0.6465658612951235,-1.3001808716192813,-0.3746463670117649
-0.9279808575245361,-1.0803287036450435,1.8854570318424106,1.5517901177435813,-1.0907820442942833
-0.0492311599868662,0.7495966799349268,-0.40527620429128364,-0.5998024942954309,0.6260474769249641
-1.5851475510331399,-0.027854681872880014,0.06134432751511175,1.2123783508193786,-1.1994447276567242
-0.08206130276430151,1.3371436596653372,-1.188199992333421,-0.13971382372347171,0.4679443079763177
-1.5068862044931528,-1.2042136110731763,1.6822179980716683,0.9649528167892597,-0.7619735566018291
1.3589894843836867,1.140970957892415,-0.49365265106767503,-1.369015309344005,-1.0979267226212397
-1.5574599718164746,-0.9591785200044435,1.4186173811255576,1.3155266940822334,1.0681785014144236
-1.4941273113929645,-0.6575029689610462,1.0974974825187456,1.0134967312027612,0.763929979931104
0.14638713255975136,1.0727239205948431,-0.9697441152628664,-1.069148252286014,-0.5228973666143417
-0.7408610538136972,-1.0256480934986127,1.919141739167918,0.9249035534791329,-1.1349334026095395
-1.1144608300348826,1.3371436596653372,-0.654074941470081,-1.3683852849378464,0.9845711357169382
-1.2620806226980352,-1.595682815090372,1.7013903350711403,0.5721881271242085,-0.4914288342271164
1.2816161427739514,-0.11453017377302264,-0.3486129623118521,1.4672376389231792,-0.925721903487824
-0.5220871425801491,1.3371436596653372,-0.8958158926029722,-0.34494320619163005,-0.15792391991986385
-1.2846750605313773,-1.6253242771727925,1.594245161516353,1.2467216219018649,-1.3693045605280556
0.3541664692858317,0.48640618000839964,-0.6535958317280441,-0.550555408574378,0.7604367033778383
-0.4069031781173838,-1.5772303623266384,1.4787814166821713,1.5140532575716512,-1.1569128082486093
-1.5851475510331399,0.535916519655585,-0.8981064231824969,-1.159955592053998,1.3568118884603348
0.41488559993855867,-1.6796139839385171,1.2621290131311087,0.7522501702422871,1.3744084287210272
-0.4869660427384918,-0.7745867975158547,0.2987687496451016,0.6850602030014352,0.46166178858929735
-1.5851475510331399,0.43211647324267516,-0.9857119801132886,1.5529887658722468,-0.7553328351848664
1.281774506310286,0.7578765788283035,1.8662920744953635,-0.22425028497422542,-1.1795026632930616
-1.5157673166381962,-1.6796139839385171,-0.8570210598061185,1.2454241987603691,1.4334601309364647
1.3163408023535097,0.4912708739221817,1.2015125481143014,-1.1227692023589744,-0.8317589493751608
-1.4429328440346139,-1.2456691012494376,-1.1373258038484118,1.5529887658722468,0.6064636145912439
0.3581229005878808,-0.19934500824440143,1.0948493226294065,-0.8967746425990222,-0.47146202918270697
-1.1035661627248339,1.3371436596653372,-1.0254843330236347,0.7770368253537302,-0.8577328992730616
-0.5272041979203013,-1.1425207382351952,1.3408948817882052,1.151548960485786,-0.19821196715242426
-0.3585677571532605,1.2686433084443889,-0.2481236675786082,-1.2283703694539414,0.0019874700868396096
-0.8515933023574205,-1.2081781072971465,-0.8926715930044622,1.3951484310459623,-1.5235008532822565
-0.8495457362315916,1.0921869625897345,1.7964527469443456,0.0506662038429234,1.029535709451523
-1.1501627733168542,1.172950907456959,1.4753322806719624,0.20281603009222723,0.7252866501273176
-1.5851475510331399,-1.6796139839385171,-0.358317205250384,0.5877871042855024,-0.7354843551353328
-0.3826783398495639,-0.4729107131799871,-0.4549753250440462,1.002195267978052,-1.549285483188356
-0.6832959083560893,-0.17123516213658993,-0.23239649293034684,0.7001653050985795,-1.2450369617050365
-1.5851475510331399,0.7337920242860724,-0.807928205883327,-0.015416415416256749,-0.4463405570887981
0.08246565737698418,-0.8264222923334071,1.7160514337768125,0.8207797402247088,-1.0591989517983826
-1.032743119601205,-0.16838631376041976,-0.889548297032084,-0.9738100759835717,0.9081460972084152
-0.8716087528020661,0.5498519851961506,1.2449145546864766,1.0942279518241151,-1.0562214646545984
-1.0776700045852954,-1.0204884888487724,0.5137289421286142,-1.1600063143578836,1.1737927026361545
-1.5851475510331399,-0.11546076913363995,-0.4496313213573927,-0.2539153578814908,0.26104660034531035
-0.9839129454413519,0.4878903329531547,-0.07406832081985334,0.35014456787745357,-0.34745098046221423
-0.828558847718424,-0.8263844285680183,-0.7703714516971163,1.5529887658722468,-1.447758334857813
-1.3661052720618434,0.9633877650480842,1.9203258895493034,-1.1674747731658033,1.4677426468381916
-1.065488234976581,0.6617116807122165,1.59920542327692,-0.8654448102863314,1.1634935875139858
-0.9323847455299201,-1.2637333170948164,-0.9992933789026641,0.8917968387734795,-0.18270278736951856
-1.295654223822222,1.3371436596653372,0.5949982159544108,-1.3870318716841852,-1.3366807459181334
1.0363184648894186,-0.33267932495320807,-0.6932069676161882,0.952337378934418,1.4932018830083817
-1.259038767389381,0.8857281156502875,1.525537759114176,0.36263079733713394,-1.5479984299486385
-1.3048972338472784,-0.7655677552586869,-0.545768891822325,1.5529887658722468,0.4674059292496327
1.2005451720171838,0.7611392621614015,1.5773344041522777,-0.8781312593666131,-1.3857329103847917
0.8999281349319214,0.459463711118004,1.2562145055454659,-0.5761012964871407,-1.0814843889014725
0.14953527212097906,-0.8714465757207003,0.19658724384430787,1.5320981176182098,1.1487782608785198
-0.9137212307780097,0.8026902116898407,-0.21683848262228334,-1.193089536628053,-0.1930373999901502
-1.2143387992845351,1.1043657627332382,-0.5379583812290953,-0.8910595737485808,-0.49728592147346967
0.7525203793526528,-1.5880108696131003,0.9033524511975661,0.5798781623122601,-1.0107195878751005
-0.6191969384715242,0.8577254613289996,-0.03521842446259983,1.1229517255550607,0.9753950323643181
-0.9198145069780497,0.5560499102856024,-0.3563388907349829,0.8209217626755884,0.6711459730401128
-1.5460843682635306,-1.668088467071091,1.8801011071787637,-0.33632094845005917,-1.1473478459355566
-1.3481814957078448,0.6572608217553624,-0.051121007772341534,1.2300734939286202,0.6501868515614038
0.9853865196349242,-0.4497546208284923,-0.7906938791437055,-1.213508734415448,0.5286111463718098
-1.0558572874296315,0.024889543314008805,0.9333331406714257,0.9665220046957851,-0.2046859578947892
0.13636187043575387,1.3371436596653372,-0.9933873863005884,-0.6104926202785714,1.4932018830083817
-0.7273969646976834,-1.6447670540538133,0.8755561388414296,0.7869287424494072,-0.9739436416268086
-0.7543410855675968,-1.3430915030104158,0.5544356725690465,0.4848982456509468,-0.6696951201434891
1.3499797682930295,0.7686389541707764,-1.188199992333421,-1.4673129985984275,1.2730060594759895
-1.5851475510331399,-1.217841900150868,1.7329167778951973,1.5529887658722468,-1.2534606256584235
1.0240213768666622,1.3100177381651694,-0.5801597751183228,-0.25425226076308904,0.5890434861410937
-1.0802994769939642,-0.8017127190160225,0.6270355577924878,-0.8632525389204949,-1.5406977777648
-0.7796824399087017,-0.5000366346801549,0.305915659185676,-0.5612225760410228,-1.2364487184405948
0.12216920276834893,-1.3910856921646297,-0.4217010399264685,0.2960986182898305,-0.3237026161497506
-1.3809170455004895,-0.08030292973876997,0.32095368783058076,-0.6398768517980067,0.731456760769206
-0.7796824399087017,0.16442551815955886,0.32095368783058076,-0.03581639212007413,0.12295917996168106
0.6648114256014058,-0.7567822951034966,-0.832394591999193,-1.184503051458696,-0.3895338027306867
-1.3959982495194094,1.3371436596653372,0.6736340891957174,0.004547883393132169,1.180439878143747
0.33397458698191407,-1.3651639450623267,-0.4293520364942096,-1.2589810128894328,-1.1478862246622414
-1.5851475510331399,0.14282557323630526,1.3744933039469,1.2181601595433535,1.2298841286161528
-1.2845305139478773,-0.15885051109956236,1.053372837674517,0.9161301966638813,0.9256356071328335
1.045946755330054,1.3371436596653372,-0.6757943938872306,-1.1769181983113335,-1.1333499990417466
0.44471214973826595,0.841041406396674,-1.188199992333421,-1.4673129985984275,-0.5248524182342219
-0.7308039064139277,1.3371436596653372,-1.188199992333421,-1.3465159631783103,0.6921422055399419
0.47166530476964824,0.7147497500502228,-1.188199992333421,-1.4673129985984275,-0.5248524182342219
0.4372371782547703,0.9831030543814119,-1.188199992333421,-1.4673129985984275,-0.6662238950665411
0.13662014116950766,1.2847786054248094,-1.188199992333421,-1.4510759882461506,-0.3619748357423358
-0.16399689591575473,1.3200404368513812,-1.188199992333421,-1.3800567540214268,-0.057726314259016184
-0.4646144644222803,1.0502584419923453,-1.188199992333421,-1.444814186351721,0.20220358039356348
-0.036291583657302985,0.9251730932136397,-1.188199992333421,-1.45823904539278,-0.26032129480362987
0.2648972627068052,1.3371436596653372,-1.188199992333421,-1.0575718207823457,0.546486826052232
-0.8906501080718753,-0.45290264628048266,-0.8711769361534816,-0.9135220795040848,-0.5159258730526125
0.6124361401969629,1.0554767088139145,-1.188199992333421,-1.4673129985984275,1.0053178100457565
-0.28941550248008735,1.3371436596653372,-1.188199992333421,-1.3530949129517722,0.09688465381813616
0.9130531772822257,0.17126499409074225,-0.23321109302492393,-0.14497399359590712,0.31614517205012366
0.6124361401969629,0.47294054513413974,-0.5543315592973069,0.15705650320255346,0.011896112725918362
-0.45502231062751997,0.6830183147768228,-0.6136577204709271,-0.9963238379619496,0.30437398642352237
1.3486809747265809,1.3371436596653372,1.1427858417837984,0.8158570071528599,-0.3038708091676768
-0.4452569135010647,-1.3193605213759723,-1.127067519312453,-1.4667385017670491,1.4932018830083817
0.32775483252131143,1.3371436596653372,2.023001264396983,0.17648581518569578,-1.549285483188356
0.40779644029190476,-1.0089619053964058,0.061966488981074375,-0.01442386001706294,0.8009624762819221
1.2036582377750624,0.8433153654898956,-0.48418512467230584,-0.6043728408350216,-0.9388791050771298
-1.0984262562703784,0.7044044094194991,-0.6688280019982769,0.15791931628759748,0.061290343995944935
1.3221784649261108,-0.5844205688355575,1.4447271590698556,-1.0715460824623344,1.3977706232774871
-0.7821423889345158,1.3371436596653372,-0.8031138341745415,1.0426652594509354,-0.7319706406284067
1.2060182796034573,-0.24953476249870793,0.9246427484429388,-1.0274881553882766,-1.2311326991253555
-1.0375737388806714,0.6759004601761596,-0.6655974172329545,-0.020380794169190506,1.3995503387685968
0.9625061771621594,0.4903034813811161,-1.0043535498037508,-1.3454801603410664,-0.6697645016177572
-0.38527433271867223,0.5844765321207531,1.7345817410153324,1.3208060850382464,-1.4346237225857108
-0.6445042818518054,1.3371436596653372,-0.3729890896019078,-1.3622222580562466,1.343979004925166
-1.5507693781169714,-0.5705256335227319,-0.6911298792914097,1.1344774347548434,-0.6578733774736227
0.621933701006933,0.43398832981331487,-0.623786009591096,-0.5933938646792271,-0.09745285560680239
0.32131613250040764,0.7356644141491825,-0.944905908197908,-0.29136336788076656,-0.4017019149310079
-0.4204018096154839,1.2076095850996584,1.2139637247515498,1.5529887658722468,-1.169061020336156
-1.0724578248390897,-0.7908810156524148,0.4061756170281816,-1.4433555196757677,0.9644553487471624
1.4210249455045367,1.1947663025382012,-0.9752657982732847,0.8020872364453785,-0.8229797725962607
-1.5851475510331399,-1.3460875401083798,1.5804911923933527,-1.3832944387662958,-1.2011211776977604
-0.0858131368801466,1.2737741153008344,-0.6675757317483557,1.3784597252296096,0.4486062389274074
-0.8094755101688482,-0.833923584220193,-0.6520160184435788,-1.2012622345815007,-0.24220304888371233
1.4114928423124808,1.3371436596653372,-0.6824332427416402,0.7306947928478539,-1.1495922559519964
-1.06760807439416,-1.5455037266854708,-0.8912649177191927,-1.010184908816425,0.8636849425429388
-0.7669910373088974,-1.2438276423496033,-0.5701450191123807,-0.7081549459369528,0.5594358832187335
1.4190996062691674,-0.0171051055496933,-0.9937370682924068,1.2966072747328887,-1.1347322501182506
-0.35038121259878513,0.5061422677480676,1.242899909574523,-1.074138259150385,1.3684098893217085
0.044096510776680045,1.2203584748938792,-1.188199992333421,0.6750460184574447,-1.2241934760167745
-1.4413120091828675,-1.5509731742605366,0.6154478004889341,-0.06045301599581332,0.8942213966750739
0.7924880411116629,1.1889379491306449,-1.0754758015455308,1.0378530476096586,-0.7667522728721551
-0.8142753070150685,-1.6796139839385171,1.5463182926766703,-1.0941500767497299,-0.9288790294874655
0.22392415191844972,1.0039430575345336,-0.9862172024715976,0.9435805736078029,-1.5269091509755661
-0.3773104536733382,1.1212865995223629,-0.34397683759240255,0.33952011392987047,-0.9184115701680413
-1.2011946257687676,-1.453005747594945,0.5811142514156208,-0.817417729453475,-0.20533566968483463
-1.3448000622122183,-1.1513301965515477,0.2599937851432376,-0.5153877665740029,-0.5095841911681541
0.4386635129243069,0.9604002606296443,-1.188199992333421,-0.1746460074500199,-1.549285483188356
-0.8846110368406478,0.8325327250335524,1.5257313330739326,1.4978295951940814,0.8293895184599528
-0.08729633362481025,0.7467083679159567,-0.37646490589396,-1.4663855813158027,-1.0128548161917232
-0.8946288590669652,0.2362130841672375,-1.000632501984969,1.5529887658722468,0.3919258771774589
1.3063378599225528,1.1068631713715018,1.8448473722146421,-1.3233860586874688,-1.097687921267945
-1.2802052762893978,-0.23533585047782965,-1.0209356288021396,0.6485764506949748,0.2127318157330827
0.30003271092255995,1.2566420946934838,1.0196069541723374,-0.19719073672971743,-1.3824698297306481
-1.339470969788182,-0.58536183004558,-0.3035817555505229,1.5396813690086075,0.7933073869543421
0.9077187706455605,0.797354087232342,-1.188199992333421,-0.5845585732613363,-1.5470771085112645
-0.8959850461298033,1.3371436596653372,0.738521102304164,1.2276228057724612,0.24035908851393023
1.4169032421897358,-1.6451291596411248,0.07615869592499001,-0.6395799928405287,-1.549285483188356
-1.3495196144477455,1.2638554086463254,1.5297850329173992,0.5466102040721493,1.3695995933610967
-1.3541674248127857,-0.5174790315052014,-0.7824860026506822,-0.580326731360309,-1.3882855032287948
0.7076700190304156,1.0852482942590809,0.8920025457683175,0.3717714904163153,1.1287447635642711
-1.4553569417391956,-0.5615849852586935,1.4701778772860676,0.2929682512616039,0.11219214326886702
1.0029377696836528,1.3371436596653372,-0.36871343252012806,-1.3846516608344779,-1.0889523096007943
-1.5851475510331399,-0.6059357202560385,-0.4070047459553861,1.005344322170868,1.3052216528535903
1.2064811475234154,0.511084822362509,-0.5769785772576891,-0.6139657632972673,-0.9667263547802691
-1.4401965559521084,0.993760371107242,-0.5932575228410926,0.7125874642796678,0.3262248480908864
1.2776591800506394,-1.0472379058649313,-0.7123401356912522,-0.6423248703592243,-1.3547290725228973
-0.033337412857021916,-0.09626970629858547,-0.8406666147017544,0.8269630560278627,0.21735402030564097
-1.5851475510331399,1.3371436596653372,0.05721001916054449,-1.2872482858854073,-1.549285483188356
0.3371902170435259,-1.6540330107247148,0.5664928892999281,1.3976850801592327,0.8082706582381617
-1.466513068310575,0.15602189541307998,-1.188199992333421,-0.41449629887456485,-1.0172215463435268
-0.7992956044573565,1.3371436596653372,-0.08930446474908398,0.28138487881108804,-0.8628579850738421
-0.11917363807792357,0.15235764284987052,-1.188199992333421,0.17457491912667786,-0.9451955084399556
-1.5783060336949823,1.3371436596653372,0.738521102304164,0.9840430902148508,0.2534307734023937
1.2783744730704596,-1.0615152118789388,-0.45455071119683804,-1.1883638196628759,-0.16389287807046338
-1.0177697940986472,0.6481212553999138,-0.4991851197239448,0.6434775243569968,-1.0453425570575379
-0.11591762000033395,1.3371436596653372,-1.188199992333421,0.7576331414820248,-1.549285483188356
-1.2646829926222978,-1.1410691161311266,0.3976367915071875,-0.8638809615696885,0.9621533897559419
0.5441660448201501,1.304379236877029,-1.0333147119118538,1.3163820323014421,-1.549285483188356
-1.4808571910378976,-0.6438021521073981,1.4991668550071564,-1.106190483854205,0.11272837063200873
-0.08258900407832889,1.1662522207379264,-0.42755423963042893,0.7059908951795929,-1.549285483188356
0.008431766983109068,-0.9257746795442842,-0.3812298906980568,0.6287338854149113,0.7424244121124232
-1.085205026671495,0.9367663382247897,-0.5481570608800849,-0.781433191401047,-0.3374648887355806
0.7319193026763272,1.2159609451840512,-0.10405184862156848,-0.8356142224927022,0.2274213260060304
0.4313022655910648,1.3371436596653372,-0.42517231489395163,-1.1376447192911627,-0.07682773331817488
-1.1368001856620482,-0.6291024784569387,-0.11211440272838154,-1.4673129985984275,-0.22968856715293662
1.340958892355852,1.1775009588132834,-1.010973665694313,1.2073637836815474,1.4065110755126098
-1.5851475510331399,-0.8197961333903309,1.3540454224090903,-0.33574805337564545,-0.7266067534743313
0.9660263116073943,0.600794215126005,-1.188199992333421,-0.8791093989531236,0.9591188914782627
-0.4577607243950767,0.06083772214981542,1.6196845264211421,-1.1002853398439396,-1.4476975588377174
-1.5098201812854453,0.6504688088540324,-0.7715408427736516,0.14175865635064352,1.4932018830083817
0.7487626996029162,-0.17520765774761404,-0.7555133730382606,-0.9238165715169172,-1.0003882022997836
0.14752809401112807,0.42814397763165074,-1.188199992333421,-1.3937378941768555,-0.3918906214922588
-1.2241977265532549,0.7759781251466007,2.023001264396983,1.2649949992754028,1.1012487239595588
1.0180184422813097,0.7722520106568402,-0.9906268286281649,-0.5739415941795889,-0.9092671994276833
-1.1700134831700106,0.17451967803678614,-0.9987614762625119,-1.1457517452090533,0.20394510918178133
0.3330732965200906,1.3371436596653372,-1.188199992333421,-0.43028802079062434,-1.0892212300436939
-0.2681613090716975,1.0687162276807813,-1.188199992333421,-1.034348480468557,-0.4807236492361692
0.633690333605353,1.280513332247608,-0.7155849120958528,-0.8743874194208642,0.1881277465713127
-1.4222568369602235,-0.5980931211882813,-0.925437249770304,-0.1259664776134978,-0.8640401593408288
0.37013992960510606,0.3360422348465338,1.3934822849668962,-0.5633016565813458,0.6000342646424003
-1.157267875601394,0.505792427887572,-1.188199992333421,-1.4673129985984275,-0.5735824160102866
-0.26050299725251236,0.06414253558806463,1.09819571117124,0.49238806121839734,0.6109879321225868
0.10058233964940361,1.0923234854621227,-1.0326755204787572,0.3082143079716516,-1.4747423499392447
-1.4632687415007684,1.1500966586436359,-1.188199992333421,-1.4673129985984275,0.3507503924833299
-1.1626511729942428,0.8484211076002385,-1.188199992333421,-1.1652830357189554,0.04650133315912458
0.9526063304561988,0.4761706976265511,0.8319020887556711,0.8307891194978048,-1.3455099418994132
-1.4268084600766848,1.279762456449471,-0.698548132974986,-0.7668983147833748,1.4932018830083817
-1.1261908915701593,1.192874180853691,-1.0196685992473689,-1.0689288115818352,1.1889533615250625
1.236229578397481,-0.7749265048194154,-0.8631382240006561,0.5487250571846864,-1.549285483188356
-1.5844864629821327,0.5556643398295986,0.7050623258759681,-0.4930587405655664,0.8699045345463208
1.3499739226591376,1.0439703904754185,-1.188199992333421,-0.2476898624782633,-0.8225672486368526
1.0493563541526125,1.3371436596653372,-1.188199992333421,-0.5497203592767237,-0.5183181893126474
0.7487393170673499,1.03546810862194,-0.8670800937266091,-0.2476898624782633,-0.21406966782932793
-1.1895405574740812,0.4828763171476976,1.4929560259933814,1.0555519281518184,-0.3510356899660658
1.3302863591336813,0.3410701162562181,-0.5071108664281146,-0.1987156093602163,1.4932018830083817
-1.3904379888460254,1.2857225330971827,1.0264501626323552,1.0517045079223455,-0.4648826216267254
1.3208408776074727,-1.3692319000255289,-1.1659253629877027,-0.3725873957282937,1.1163147228525663
-1.1093719400216624,0.3839686958570238,1.9147922855618908,0.44255686812417705,-0.9557603169597093
1.1435066650310777,1.1857557929605576,-0.7556002258706442,-0.28299098422570595,0.9608346039039622
-0.21009025057183964,-0.8535706121173262,1.5718019354960078,1.1853764658256036,-0.3446402239930276
0.8477298128080134,1.3085474508246417,-1.1628872168509947,-0.6928720488167146,1.4932018830083817
-0.6264067307448491,-1.1161984884877207,1.8705251566593077,1.2177768057097758,-0.9688137152580558
1.2317310974073068,0.5373910733358752,1.1232178418812462,-0.5529842060520178,-1.549285483188356
0.6304970232367814,1.14074270871514,0.48097747700205085,0.05107571970692652,-1.0705479323296316
-1.5851475510331399,-1.2726638328019197,-0.9094137536939108,1.5529887658722468,-1.549285483188356
0.2185562657422239,0.5373910733358752,1.0173073409436744,-0.2591920792425623,-0.06711271339798386
-0.9839129454413519,1.3371436596653372,0.2802622843605691,0.36497523561462747,-1.2841078750130335
0.20516816986680034,0.3600499952730462,1.2668559643419395,0.7241980665985855,-1.549285483188356
-0.9003262264261687,1.3371436596653372,-0.3387446640232626,0.42216810371911323,-0.16172430361892087
-1.5015608320179565,1.2980890521902215,-0.6807540879822265,0.24347289321100546,-0.7702218844264457
-0.5997091893409061,0.39306186576755886,0.2661353589573341,1.1495633157684102,-0.9563804475010358
-1.5015608320179565,1.2980890521902215,-0.382915289778753,0.41124999432798165,-0.3949412549965119
1.2178269914856388,-1.4550290592271407,1.3676500954868822,0.607987929206695,-0.900855367973784
-0.7024557705675181,0.6712480166655441,-0.2750599665944772,1.2916818720660985,-1.346287121979393
1.0363487559014022,-1.3644770643606217,1.3574048672590597,-0.11308194458856789,0.7748938663881206
-1.098350263029788,0.9237726671867166,-0.7845806886081657,1.0631997837397966,-1.1739876428500766
0.4456846506493136,-1.0279444508755855,1.7698666975858661,-0.020050832234439667,0.7938210250002805
-0.15554942352121146,-0.4245928154963206,1.127626332706671,0.5840096274434928,0.18532344419275554
-0.24873839333514933,0.928557900522429,-0.7085293967122311,1.1209313761034474,0.14444592334935905
-0.7419424960836327,-0.8814964723228956,1.218191697925354,-0.2117095957777415,-1.549285483188356
0.1583329511277524,-0.6425035849422963,-0.5417356279394195,-0.6097472693709466,1.2593911552928687
-0.44290165446403557,-0.03915194956303122,0.10050473693977559,-0.005686809693014001,0.6508935744853438
-1.5851475510331399,1.2210010923205517,1.2829929935325595,1.1905965917739185,-0.2116031295270527
-0.9839129454413519,0.6176499902337567,0.7166869814416456,1.3979333524887785,-0.8201007103345774
0.2185562657422239,-0.5320368493585698,-0.5677937483167446,0.539189797973174,-1.549285483188356
-0.8759106079249794,-0.8002808287333537,1.5915652123550306,1.5529887658722468,0.5804557807175379
1.020766421631598,-0.3370544563792845,-0.8855116271557518,0.041277772353185076,-0.36922277951936583
-1.0070419930651386,0.7991779474806575,0.852202377244986,1.2281412411100714,-1.305708102827615
1.1018756547192923,-0.27109631036410214,-1.1590151699902913,1.5339294597479753,0.2951930425029301
-0.6073977921720748,1.265111845706276,1.2451257262789386,-0.11414230769927196,-1.4019192318429188
1.2561860410819485,-0.5514657606353633,-0.8819767736443017,0.9111444611514169,0.5361505999089432
-1.1204366621358288,1.1673316046977484,1.7993387587079894,0.5415566608481747,-1.4039667920951566
0.07697820141661325,-1.47727748779424,-0.8530042582247759,1.080398916108936,1.0435943323654282
-0.9725394675734593,0.24063087899093555,2.0094170272797522,-1.0902380523226762,-1.549285483188356
0.7592274471113051,-1.269507274670405,-0.8467474482997392,0.919219451930011,1.4811375740990205
-1.142095267125261,0.015465198779437576,1.7542133194618519,1.5167137758902,-0.6641903186773342
0.9177594439861813,1.044645005450307,-1.0192076548036084,-1.02531457118703,-0.8046108928235606
-0.8054840050634497,-0.23103804645994203,1.2390840616053618,0.8862419456195193,-1.4400123504205329
0.20674967954509427,1.3013394697965028,-0.5349628100102225,1.0356970827350247,1.4932018830083817
-1.1701590925960363,-0.40947290737929004,1.9647945397296387,1.4268674903011018,-0.633147756271662
0.5927368854037238,0.7833300951417116,-0.25755032205285583,-0.24040133436939065,-0.5194363605142239
-1.559581405497842,-1.0379682161467376,1.763841495213852,1.5249227803348504,-0.3550323855884397
1.3241739517681785,-0.14831318517954256,-0.7215408592681885,-1.0463104014817564,-0.790405977188718
-0.7801469020924479,0.431773566184293,1.5263001339762088,1.0679009404315136,-1.549285483188356
-0.7801469020924479,-0.1715780691949721,0.8840603367625849,1.2525787132031858,-1.0304443645209003
-0.2381328191921005,-0.1715780691949721,-0.40042039299580545,0.29745477252003616,-1.4227406660548632
-0.4229877054805977,-0.6457748009549185,2.0129047645487974,1.5529887658722468,1.0112496571752358
0.5447569852644588,1.0441773079538823,-0.5116465143414736,-1.3069563035804268,-1.3938629132145328
0.2441399481791964,0.7425012236180146,-0.19052661573466156,-1.0049263407009545,-1.0896138538903275
-1.4659471046656212,-1.4480045308087743,1.5176046327575814,1.2650281022526757,-1.549285483188356
0.07302495864214115,0.928432576791916,-0.395326729826022,-1.1829354653091355,0.8353036168402008
-1.4675355228203324,-1.407322314714401,1.9714555275413226,0.8841714077830084,-0.642431427801442
0.8538741054492888,1.3347779742672299,-1.078344783342041,1.5424235769323618,-1.0849072082986986
-0.06470986711041117,-1.3649335627151709,1.2926836124973844,-1.4673129985984275,-0.7705542700938696
-0.6717210218295699,0.2313713218296769,-0.4664938271479216,1.0645676841877445,-1.2121081913128664
0.16585521910364343,-1.3914429981197092,1.9207130374688162,0.03705714275091128,1.1057526035372414
-0.02367723714061467,-0.4206224530551773,-0.9985128387423553,1.3816739175389945,0.760300629633731
0.512403527359816,0.524982957430156,0.7535767285817742,-0.5327940595105907,0.03610271747308285
-1.2257680763850287,-0.442764223128223,-0.613636149179224,1.5529887658722468,-0.9883195906633354
0.5779352089690724,0.912078629898686,1.31308437779279,-0.2591920792425623,-1.549285483188356
-0.6245334707932407,0.0028080352901034005,0.028604215699971115,0.9489283061943145,-0.34207364728599393
1.0338542644935016,0.4608380058138839,0.11625007688631317,1.1657960547687807,-1.0059994962613266
-1.0204938594921065,-1.0182977233809125,1.6438284784926043,-0.638898178292508,0.1559175316025702
0.18197482027020653,0.791756649464412,-0.282892616144981,1.1732826668223015,-1.549285483188356
0.9444819621894786,-0.279880170641882,1.2272976213519111,-1.0315859836232484,-1.4666650555163123
-0.2633848947610435,1.2747009776141598,-0.7407455532052154,-1.092097158239832,0.5682570115867263
-1.3692087722369903,-0.12068383558744203,0.006005449313135228,-1.042751297505949,-1.4213148498666095
-0.7679741666452026,0.48266779979182306,-0.6362349155660598,-1.4673129985984275,-0.8128172690590848
0.13387747603184796,1.3371436596653372,-1.188199992333421,-0.7081811079673782,0.09992883323175948
0.2263926036844697,1.3371436596653372,-1.188199992333421,-0.8676931431459358,0.4041773547150791
-1.1467175692696836,-0.9412716254377939,-0.46625313694576087,-0.23941091464615,-1.057907595831579
-0.5454829636778956,-0.33791999005852896,-1.108493501824956,-0.8434713743240826,-0.44941001502405403
1.360874435603078,0.7744193112560082,-0.4577733486441645,-1.3552930574264794,1.353224489752054
-1.4753033074196682,1.323755352199266,-0.3412219565756903,0.09536429978391683,-0.6653638874901481
0.7803131799793661,-1.515359903096058,-1.188199992333421,-1.1326472375609564,1.3268003670327393
-1.5851475510331399,1.029536296475152,1.6674331482714888,-1.448463522636546,-1.1920074638878928
-1.2845305139478773,1.1742601404714663,1.3463126819991058,-1.4673129985984275,-0.8877589424045734
-0.3826783398495639,1.3371436596653372,0.3829524185130987,-1.204823474233261,0.024987697727156654
-1.2845305139478773,1.178396890163333,0.277308152728389,-1.4673129985984275,-0.12666406979632872
-1.1387855755001215,1.2566708924868784,-0.043812313543993994,-1.4673129985984275,-0.34994817569498
1.1927970500045741,1.13992517135822,0.7486437147686217,1.1829909157860137,0.254459125176042
-1.1043930542098557,1.2602866154352934,-0.1403188666301634,-1.1140385590627846,-1.549285483188356
1.166047960738133,-1.4156160792120047,1.122530966540174,-0.7497637866118163,1.4932018830083817
-0.1762535959225332,1.1713808944244908,-1.0838676016836015,-0.7815677389860909,-1.0846264553563114
-0.8830433441151884,0.1852777870394971,0.49036325955517696,-0.31820080582615445,1.118728014907147
0.53850268842177,1.3371436596653372,-1.1152373688100252,-1.4673129985984275,-0.402515668191222
-0.8339463964813759,-1.6796139839385171,-0.9301040284305946,0.91219895115325,0.8538930113760785
-0.10728787011262661,1.313572132479504,-1.1706301752412593,0.2810442384965718,-1.2847629652119368
0.3284042293045358,1.1266861857838233,0.44767934993048575,-1.4673129985984275,1.4008217946226262
-0.12591790532497657,1.3371436596653372,-0.1945604472831382,-1.405215550667694,0.7923242138151013
1.369900094331622,-1.1869520003955505,0.23396575104118267,-0.6453735477822455,-0.6113442246022484
-1.5576895458020334,0.4785486487514752,-1.1168472683697606,-1.4673129985984275,0.40501262161072504
1.4210249455045367,0.6791172803568146,-1.1125619609732718,0.6108070214647603,-1.23916750411831
-0.8683601746221564,1.283053404283493,-0.43806967667011104,-1.392079541799289,1.2391371432154425
-0.5677431375368939,1.3371436596653372,-0.759189575276923,-1.4673129985984275,0.9348880838912372
0.7936848017956407,-1.5684955649561234,1.1960266280348644,0.5136124088401033,-1.4456941015381155
-0.5321134675466722,0.6177427831235833,-1.0395800368204573,-0.7122848093112207,1.4932018830083817
0.9499051161770427,0.8869925520972922,0.6525367982445306,1.4506498437956097,-1.3024649222862459
0.847972672325144,0.40250220907623807,-0.7212678121284731,-0.7485715455110097,0.5664966583675055
0.5473556352398816,0.7041777601196355,-0.5291203959521136,-1.0506015083904816,0.27067986845085995
1.0895031048772088,0.3175657839216385,1.2085839581339148,1.2899551780580338,-1.0311268846049793
-1.372040184725549,1.3177515455689919,-0.7283857707249196,-1.2394935037365686,0.4892869100066016
-1.0714231476402867,1.3371436596653372,-0.40726530445253645,-1.3811982728183478,0.1850378506823963
-0.3814002717123673,0.7947809510633002,-0.37763372930492434,0.4349874986274742,1.1431094179421963
0.8804313516398347,0.459338387387491,-1.1764901869320734,-1.3756706095327893,-1.2791495198868506
-1.023506486631303,0.19772856634283764,1.1820563783292624,-0.10920943016664611,0.9241802096958609
-0.11771648097514055,1.3371436596653372,-1.065784614915135,0.19282106663181417,-1.2055610542100328
-1.4707952608467625,-0.32011762081605194,0.738521102304164,-0.5902570906231414,0.9241802096958609
0.3329080245073386,1.3371436596653372,-1.188199992333421,0.617863828732724,-0.9013119948858275
-1.0208993339156744,0.0008951151992530811,0.09459136468527489,0.6004698159328663,0.4059473890702442
0.923419611856984,1.2762139283523097,-0.35423171613493426,-1.3840178989954013,-1.3091169383618104
0.3221850062651962,1.3371436596653372,-0.9501346757736212,-0.7799574393174689,-0.7006193575542856
-0.15028357022745628,-0.7209365084219811,0.5360188984447533,1.0912641675202288,-1.2757105652630505
-0.4509011387339817,-0.4192609573785838,0.21489843217237029,0.9326491162419646,-0.9714620437797311
-1.5851475510331399,1.0327755149395585,-1.0948530658161824,-1.3741857808264106,1.3920259447762662
0.7525777728490427,1.0144798501620835,1.1648101306126468,1.2377790127673318,-0.6417596645350787
-1.3595464708355316,1.274986289085753,-0.48302311324819497,-0.8845783311499723,-1.4021709413774728
1.223950558697662,-1.2760875704610384,-0.8595108410011112,1.1725688171349848,1.0426832299048843
-1.095914227960803,0.4665367691511648,1.9777253937744954,-0.5383884626696829,-0.18277593372998724
1.1013304165035902,1.0506696104869215,-1.1122327149420141,0.8812086913170987,-0.9124775716750188
-0.967547296230081,0.339767282751354,1.830919697426875,-0.9157399789813581,0.437768207237668
0.5355389520387572,1.3371436596653372,0.22531906906167293,0.5944109032539793,-1.0834754758607013
-1.1455107115817111,-1.4495761437186532,-0.7712501980012312,0.4398547041245429,-0.11032661504929196
0.951048203313471,0.6089733217425007,1.8797758348065037,-1.1069924301745864,-1.4676035878620317
-0.8604393406991148,0.5737333553072098,0.23230362624890297,0.6042948115648321,1.0158347507266738
-0.38887364893207454,1.3371436596653372,-1.188199992333421,0.31639341295295864,-0.8096579916959002
-0.9439755746943255,-1.6484478386836008,0.44821692922634937,-1.3883303626636576,-0.16487121064173205
1.2294422660281359,-0.0050356303625942655,-0.25977557109170024,0.8343877334787443,-1.278548213776527
-0.5742615507472281,1.3371436596653372,-1.188199992333421,-0.663081504947206,0.5322840617809327
-0.8487416958608729,-1.4710875620918424,1.6074189764256548,0.9475967122375694,-0.8684106543788331
0.34222118213909336,1.236995066796351,-0.6729810433166916,-1.1707984188677836,-1.549285483188356
-0.2359433635890859,-0.7508606155136438,-0.826878585644486,1.5529887658722468,1.1828650026978156
-0.894846210363478,-0.7246551568171581,1.2857546865361253,-1.0869645950055933,-0.6088932836856613
0.050343367721688764,0.5652177411419746,-0.5444064944516039,1.4407125435859296,-0.9295997362744363
-1.4782797979129896,0.578586316786646,-0.7302062742115456,-0.9203850741793065,-0.26661295748570896
0.3003005472390451,0.6746210915399874,1.315239803966385,1.0718829082460306,-0.7900660617488929
-1.202785701029793,1.3371436596653372,-0.2903608243988171,-0.4382679739893068,-1.549285483188356
0.3730398954365746,-1.210402470190633,-0.667186313166558,0.7488854127782101,1.2490866617618421
-1.3896281028414152,0.14051001733040264,-0.7201364546452035,-1.3794689092153416,-0.7194287290124552
-0.32765073092214897,-0.13766920076546904,-0.3545689094841878,0.5986187188005344,0.07971247001633917
-1.5218207362435214,0.30095105701044755,-0.3676161349711265,-0.4808384027620443,-1.2432185216701495
1.2813727518355582,0.8782822861804094,-0.7475484574096826,1.0415205371400849,-0.01949335705109455
0.9807557147502959,1.1799578372238066,-0.6014160124294271,0.7394900403416245,-0.32374187853441405
-1.4692833673539039,-0.37462437761717543,-0.7661196365693241,-1.4633272933509924,-1.1267232614878147
1.3402249995918316,0.7450834257590508,1.9075937184543434,0.39303107669124693,1.291634178555645
-1.0381955017582265,-0.40768584431142296,-1.188199992333421,-0.63040459502711,-1.289583633071355
1.1818232009263583,1.3124148878190232,1.055103082335333,0.16609842126890448,0.1505358956992633
-1.3937131380890786,-1.2393997149689706,-1.1514118573305252,0.6824979257767279,-0.8334009775995059
0.8699740440291258,1.3371436596653372,1.5579105913047933,-1.3982697985492905,-0.7521568847542222
0.5693570069438632,1.2167710164463876,1.2367906926979815,-1.09623930175083,-1.0564059440784275
0.5512801812661587,-0.9276710675685562,-1.1160014466687713,1.0012091196067172,1.2676782076612627
0.2506631441808961,-0.6259949832326885,-0.7948815480619593,0.6991786228082567,0.9634291483370575
-1.1437628670481397,0.9214112481283712,1.684975717416236,-0.7835902241136574,-1.0152562757468166
1.2628187098637986,1.0565352943673965,-0.7212065042467907,1.5108887197281753,1.195289665000663
-1.5851475510331399,0.7310455680641936,1.8820078958322015,-1.1765834311056884,-0.48302775959093286
0.3609091422690959,0.8215778311093129,-0.9248548248943207,1.216452152699878,-1.0531181227435369
-0.5833562942399443,0.4932152582687778,1.85263687918174,1.0651213581785803,1.0442747010859639
0.05955714957728721,0.7106279325475237,-0.24882700522124307,-0.7557324669816858,-0.09202173834200218
-1.0824060308799712,0.5577356477841184,-0.4864404599864204,0.9573028255253283,-1.549285483188356
1.03966004179033,1.0686655648961059,-1.0841134008759024,-1.0820600151793458,0.8404642001394441
-1.1492907110244883,0.07982400067628696,1.287870376119741,-0.1799195252971619,-1.4457909128975595
0.4052296755922542,0.4669591367876169,-0.2511192387974812,1.4900744218894604,1.2978080540837338
-1.0106716002905245,0.6999188864520773,-0.8073276157090676,-1.4673129985984275,-0.6059706563122286
1.4209075014054435,1.1320047115898033,1.8785956580841165,1.1488088882379848,-1.1258675566385081
-1.4553335592036292,0.22207870053526177,-0.8515379780545373,-0.5038038602044985,1.4423108405531762
1.0977401344516566,1.039503532744456,1.6113528988336117,1.4839076575749428,-0.6665014209636134
-1.1999675740728064,0.7759231960221633,-0.3384398276115636,-0.5214808500681393,-1.0400109403566107
-0.4853553048907401,0.5946469528212287,-0.2775344208190494,-0.057817057950724754,0.2644898576961971
-0.26506843732180807,-0.9583609826475232,-0.7986446031330052,-0.034187939205850816,-1.357177324235055
-0.5229894958844984,1.319695929915588,-1.188199992333421,-1.3831155759052252,0.25458282857977566
-1.5851475510331399,0.726106213204574,-0.5610294453711144,-1.4673129985984275,1.334879812819215
0.6817557925679394,0.29671458162664044,0.3591723400727336,0.9784919344938084,-0.056079445466699095
0.08052118697615156,0.9000662170059056,-0.28306802480646137,0.374431474815876,0.5524181353408255
-0.9521955987883616,0.993083089670002,-0.5820728080930436,-1.2046237885316482,-1.4040458547053687
0.07431471804712089,1.0788935811833709,-0.535105294068577,-1.1452263689245956,0.23853903495638554
-0.938566769080859,0.6787071784471789,-0.5711531931667143,-1.4437767817575127,1.4503047696388096
0.7596956292438914,1.0459761034560955,-0.7309947616898504,0.5673235912220811,-0.15552246036477033
-0.14215601343315903,1.3371436596653372,-1.188199992333421,-0.33876736525431184,0.441544388096864
-1.1827314568329583,-0.9957890480883228,-0.4134284495583359,-1.3392012730390124,-0.376946712480328
-0.5267822494375844,1.2257255303146535,-0.01172842312908401,-1.4673129985984275,0.4282317504915624
0.21909193837519442,1.3371436596653372,-0.9750886866150911,-1.099498877174218,0.19478567889662082
-0.3821426672165934,1.3371436596653372,-1.188199992333421,-1.4673129985984275,-0.0013240162470260753
-0.6827602357231188,1.3371436596653372,-1.188199992333421,-1.4673129985984275,0.30292450523629355
1.1883405512941663,-1.154312368045285,-0.6368133667830451,1.0761798882636269,-0.6542225135408177
-1.1277001279567034,0.7561423117149928,-0.6634346114069348,-0.504726472216229,1.4375799921216865
1.4210249455045367,1.184722805445649,-1.0704684235425599,-0.6804034386836469,-1.3987443570940463
-0.8668296813850978,0.02639342808016369,-0.3540773110995859,-0.38376338799075976,0.8857374945424776
1.2245409677207078,0.9290901264077562,0.1243869951829448,-1.2405004749484456,-0.1442208098314719
-1.3470378771501539,0.9547329615481093,-1.1458646293694061,-1.1087511593219475,1.4133142248770838
0.4566659396252098,1.3371436596653372,-1.188199992333421,-1.4673129985984275,-0.4121785175454903
-0.745803271558366,1.3371436596653372,-1.188199992333421,-0.6727614562045396,0.8048166440695592
-0.11689490370274745,-1.1275570848119532,-0.28674536237626613,-1.4464629281874986,-1.0330206223638783
-0.41751194078800985,-0.8258815337685558,-0.607865260983078,-1.4673129985984275,-0.7287721008805588
-1.5851475510331399,0.38082173698997424,-1.188199992333421,-0.5859472965498264,0.4882230607344906
-0.6832959083560893,1.2858489234126365,-1.188199992333421,-1.4673129985984275,-0.23388802878925677
1.3838573423795768,0.9611714015416516,-0.8238569018093408,1.4987340539602108,1.4932018830083817
-0.5397792192635374,0.8858881033913677,-0.15351538816231025,-0.3721180809376045,-0.6455041127820127
-0.7380657779710135,1.1875636544347647,-0.4746352867691223,-0.6741485777360647,-0.34125505345780743
-0.5169546760233737,0.8201950037339084,-0.22391329863532375,-0.2352367359958557,0.790853756833326
-0.9450485142240551,-0.07488201177849851,-0.8626307309800625,-0.4411041516549965,-0.7034112895924692
0.3110044343157245,-0.6385540209074936,1.7215129442366905,0.6112144016528103,0.35080525225368137
-0.07781365261020064,-0.03520291882069874,1.0792725793574958,0.007153941974877533,0.959302833061206
-0.3143354397597381,1.3371436596653372,-0.8474485152800896,-0.05071700324471112,-0.8661893715204825
0.3996486894896185,-0.7636761668666474,1.547597810874006,-0.7414917797265503,1.2915373671962012
-0.21883319318853747,1.0463787392711474,-0.3791227160980083,0.4569780199973475,-0.5339548373854874
0.1177015442114208,0.5957562011593857,-1.188199992333421,-0.7262158235531596,1.4519548654764414
0.7214890975500248,0.08278057413145146,1.4153584130816783,1.2644733604238634,-0.5954472615406814
0.4208720604647624,0.3844561251748487,1.0942379468092955,0.9624433975443912,-0.2911987400573619
-0.5484217232615535,1.3371436596653372,-0.19024278294909477,-0.24567752181147406,0.9257964215576875
1.3612379277468794,-0.6162901268587566,-0.5911656752114646,-1.3560768505012597,-1.26848574864411
-1.4398091498514778,-0.22044365824560339,-0.9680507688641745,0.6711932590380888,0.8684195558606292
-0.3826783398495639,1.2879351635563234,0.4588930156226623,-0.2699670983448377,-0.6528241272377399
-1.0115266571024786,-1.3656567073048538,-0.6661491881680965,1.2001628182867508,0.4623055841295988
-1.407436560781372,0.14272211449707323,-1.188199992333421,-0.23734998735142795,-1.05893809896877
1.0409598981993045,0.6497296654902414,1.4685810340344685,0.9713988207346425,1.416461131899895
-0.6640276362070356,0.9806392431687747,0.3007334401867955,-0.9391870313512317,-0.3803410263106068
-1.273024180764268,0.19065177526238497,-1.188199992333421,0.8452385690773537,-1.444350575005389
0.8320932735693971,1.0779203224251321,-0.15000607960156137,-1.3475394858788237,0.41576567444050844
-1.301583290852036,0.7519426335116344,-0.8933737953159546,1.499298406330812,-0.7507740958368324
0.6238101494861185,0.4312317410345009,1.4821828687844048,-1.0383432623387927,1.310651156595733
0.022575543894330388,1.0345828431212956,0.8399425039052096,-0.43428280266085995,0.7021535757882081
-1.556233982963039,0.5786599111475429,-0.043400756004922054,0.24243228510286727,-0.6765359183699691
-1.2556169458777764,0.8803354621909404,-0.36452065461173405,0.3844408540889721,-0.7999929909780887
1.3301380926013417,0.545305133594648,-0.5046137055806972,-0.0829833294628274,-0.6093127995765847
-1.5851475510331399,0.9549953414434812,-0.4312134119019573,0.45555405805563187,0.540522170628719
-0.9839129454413519,1.3371436596653372,-1.0713017566009841,0.45555405805563187,-0.06797541017880597
-1.1354594098158333,-1.3063193873080454,1.9147536843030537,-0.7156228708258844,-1.2327989301895617
-0.003609707412207984,0.20205943449388175,0.30915305593785175,0.6537202262279671,0.28844475290880744
-0.3042267444974705,0.5037349855372789,-0.011966842668960209,0.3516902633484952,-0.01580376857451186
-0.3696574560667818,1.1801188915498277,-0.4089251585825317,0.14139879495254948,-1.508462822115311
-1.3689106449085218,0.3249545510971977,-0.9392247111620011,1.3258729762369283,0.8268105714125458
-0.7676760393167337,0.9283056531839923,-0.29698434628280607,0.7218125165589956,0.21831299060502113
-1.4653046163588141,0.23207740106031147,-0.25139285360276775,-1.4668837277318585,-0.8452125012925421
0.7936167798739938,1.114146346637948,-1.092046527232497,1.1233292062797675,1.0085147362709468
-1.3248048057755617,0.6407714185746841,1.3013950083520034,-1.4673129985984275,-1.1616807677012193
-1.1763235792453008,1.2441230539539492,0.659154643472808,-0.8632525389204949,-0.8481055474172559
0.01476843412154253,-1.6796139839385171,-1.1510054087815935,1.398060959126975,1.2287842440046939
-1.5851475510331399,0.43211647324267516,0.8559194514047699,-0.7161498488673067,-0.9009570199012
1.4144018423054183,0.5898057237761385,-1.0494358464664821,1.2492395838505457,1.4290977035117474
-1.146956708837974,0.4869378726012565,1.2821051645793065,-0.6187502113511539,-0.3186786444355003
-0.3033371453034302,0.16750368229794418,0.17451129744848629,0.9758703922614033,-1.4816503782764492
-1.5851475510331399,1.3371436596653372,-1.188199992333421,-0.054776923231515645,0.34384182630523896
0.2883557915135698,-0.9842581982961942,1.7048105201372215,1.0002817023240924,-0.8393258327974699
-1.5478391212735192,1.3279912942906027,-0.578259798451738,-1.4673129985984275,0.6252864320715582
0.1412408490501416,-0.37374711150358503,-1.188199992333421,0.3448683804353701,-1.2002063103510159
-1.525807989978817,0.22155234086710748,1.8010848980047969,-1.220370661252693,1.3965949031011298
0.5163817469336429,0.43608363592899674,-1.1444045935204499,1.4652696135324161,-1.5348638176765363
-1.567986895612619,0.38991170714568757,1.903568401889434,-0.9498456561140644,0.08637739427316274
-0.11474530469444776,1.3371436596653372,0.29796720585866054,0.5603052261212729,-1.4348662888252062
-0.5773225372213454,-0.977363793240573,-0.06938507985799973,0.1500931317575369,1.3005155451028472
-1.0344101881028207,1.1708700002379748,0.0843467041230236,-0.31233036655012664,-1.4702879517230554
-0.8277989153125234,-0.3336653827307331,-0.4756655997807301,1.4018880904348936,0.5498375747707609
-0.8664077329023808,0.5147928049082803,-0.12016390052705857,-1.298589793034237,0.31915062691996937
-1.0830766845137103,0.07435188663886994,-0.6929384618010419,0.690717074682155,0.10153052338966946
-0.7116759294782711,1.3371436596653372,-1.0507556689193682,-1.1214637704326544,-1.549285483188356
-1.5851475510331399,-0.3224502420810029,0.5176293722678746,0.690717074682155,0.27620725923421824
0.2185562657422239,1.3371436596653372,-1.188199992333421,-1.1214637704326544,-1.393604211748463
-1.5851475510331399,0.1862382467784492,0.738521102304164,0.690717074682155,0.17042148676991728
0.9381750546417661,1.260928699569496,-0.871513561837164,-1.4404568734884504,-0.9182873289234217
-1.326794978405001,-1.5935155144912039,1.1262315783983952,0.23098879942727793,0.8651962754320346
1.4210249455045367,1.2149119588950348,-1.0720862704202911,-0.2128794122810409,-0.8522307870113359
-0.7668220453473055,-1.5155257570543115,0.9358887710726699,1.0445788251048949,1.4914011917227263
-0.967431446394776,0.24597606942042888,-1.1706341489002574,-1.1818249138135342,-1.4376506910909885
-1.5851475510331399,1.151003255843091,-0.2072733177486793,-0.27573395733714123,-0.5249045888001442
1.4095834457149976,0.16682960061552551,-1.188199992333421,0.663554480072911,-1.1525923324129845
-1.5711531034967843,0.795284912447703,1.6889823010172984,-1.1184433907160114,1.2422969584195127
1.3216369466592486,0.7027725344604799,-1.188199992333421,0.13555184811200552,-0.7482166624248573
-1.5505467126078298,0.618630715086579,1.3571062751686436,0.450795238113182,0.4823853357600262
1.4210249455045367,-0.49624172546172973,-0.4617907178910783,-1.0595542619857918,-0.3648614277764201
-1.1076804261419548,0.6818498709744665,-0.993436205539706,1.114237633747507,-0.5356517253801838
-1.5851475510331399,1.3371436596653372,0.4774993900477144,0.08973519189058696,-0.1646453174696962
0.7900886741098156,-1.1614008915600835,-0.35740894033657,1.0452862677643526,-0.5323671310906083
1.3065594625891686,0.43467734368490063,0.7022501106365713,-0.21686298185252273,1.181690896044116
-0.5143751572134144,0.6123991925715007,-0.47809237009732697,-0.2405070503290681,0.1790812628721701
-0.8149927257199399,0.9140747436148982,-0.7992128363697101,-0.5425370132085403,-0.07632592777172424
-0.8505331169379996,1.3371436596653372,-1.188199992333421,-1.146597472886473,0.30464236902553604
0.7043029339088864,0.2075950103352608,1.8057108047439663,0.6342183012624198,-1.0235368740245812
-0.36086881122147735,0.3473315031496312,-0.9426965537950552,-1.1226084927435052,0.9904099363731743
-0.3173836721235467,0.8897144768655387,-0.6577908802987228,1.0406155444549672,-0.9092585939735106
0.349897562281216,1.3206814544006427,-0.29769108991886767,-0.26306779717841366,0.27288770528706574
-1.284066583185394,-0.8445691685116774,0.25886413065668135,-1.4673129985984275,-0.9086217903647242
0.44348350377851603,0.8655877922181567,-1.188199992333421,0.2919783654573514,0.7867398118978483
-1.2514394433303742,0.3550370460525296,1.484360433915274,0.40355622170701216,-0.430053121544141
1.3734537083164173,-0.05317380848378048,-0.4021977538990253,-1.0159325467251508,0.29624398359378173
-1.5851475510331399,-0.16983686927954791,-0.5429651915664954,1.08058899126876,-1.2013944008677462
0.49256929156580825,0.7787816436627983,-0.1511408430782577,-1.0916262416921778,1.2810177373108542
-0.10866531402597956,1.3371436596653372,-0.7933812079574528,-0.8409053596664573,0.6725201565033297
-1.3085566006633846,-1.1437089138589516,1.6837802137234283,-0.40820406359780376,-0.8347633285632352
1.3395825112850248,0.6608402808157993,-0.2542907863434056,-1.228516129337739,0.567616980932625
-1.4206886128135012,-1.1238512354360626,0.44218548253305295,0.6205553143525927,-1.549285483188356
-0.1111757480717661,-0.6471400296788038,-0.7771539199410226,-0.41828338625836337,0.8748252408104976
0.2489519677144624,1.0425976956569494,-0.1700140203217425,-0.79768675324196,-1.549285483188356
-1.3217788931047936,-0.45765588206797886,0.11084817131140405,1.4236773243461893,-0.048354974664851086
0.7705100519432471,0.9704320252878506,-0.894886056397455,-0.954515311585473,0.33119664923921416
0.1692754463514593,1.3371436596653372,-1.188199992333421,-0.5484987526315622,0.5650149067271286
-0.8285099569622403,-0.7842575231716896,1.714503977429902,-0.2080634630068461,-0.9663444877513517
1.2877907264272106,0.9301055152711458,-0.4319780574262744,-1.4154454384829458,1.4573940503545286
-1.3721172408086648,0.40415274927171674,-1.0725903574474578,1.125958757296997,-0.9256509084908985
0.3703679093268764,1.0098162075095922,0.736844218207035,0.04835593638067938,1.036067787009554
-0.23086669626491169,1.3371436596653372,0.09460385332783992,-0.5557045232972531,0.4275702062020291
-0.24950310853241583,1.3371436596653372,-0.5476365115513552,-1.057845721223328,-0.1809273746054955
0.8692449340564715,-0.46318932473947677,-0.7013966788109351,1.120988505435192,1.2777283024533066
0.5686278969712091,-0.16151377369607955,-1.0225165774177472,0.8189580086367316,0.9734792431291014
-0.03260670862057902,0.44183786168318556,-0.5803312101208052,0.21489754895879892,0.3649822001624624
0.9475934336835686,-0.143067187149519,2.0194550575741106,1.070065981928948,0.6446718311184189
-0.4971034347489543,0.9818556832934556,-0.46050665836917376,1.4917503935936396,-0.43046725902620636
0.10413117084283349,1.3371436596653372,-0.15850005954243607,0.8876899339157074,0.17803032178131845
0.7053657764346216,1.3371436596653372,0.021967069842274867,0.2836300081567631,0.7865279025888434
0.9168342395675286,1.3371436596653372,0.062464331686958766,0.07116709123552364,1.0005509262749182
0.6234774797755632,1.3371436596653372,0.0305013540387001,0.37319758803398406,1.0388656352974814
1.3621466581063832,0.7163368284417395,0.5149664530736859,-1.0944880474693046,-1.201336851892966
-1.3915821388249796,1.297433102451792,-0.3642305775048847,0.6804380663199824,0.20938429405986864
-0.020698089540978744,1.2676369855529934,0.8540257190594677,-0.19810961130852997,0.40502337842844105
0.3496515142365084,0.6957384067776486,1.5303237475444051,0.1377585352905251,1.4806110278718225
-0.9112283336338977,1.3371436596653372,-1.163049569204339,1.031954844546241,-1.1639332453309463
0.29124087754967826,-0.45838115982754296,1.40591132264687,0.16129528605042845,1.2700565400582666
-1.4116682682975865,1.0802646761244286,-1.082792443091874,1.1445001620026465,0.6272651486904136
-0.16622514527095872,0.8100480479021245,1.6630649617016144,-0.6809880799758026,-1.549285483188356
-1.5177665234291045,1.123025666267906,-0.8583227169607283,1.4149557576727998,0.537651175980323
-1.2171489549225791,1.3371436596653372,-0.5372028183539164,1.1129252608743396,0.611287509495977
0.7866950179251432,-0.6829564852744545,1.7060923089968416,0.4747922270409735,-1.3977789327040366
-0.11515662475190734,0.22207123444067808,0.7427320455108345,1.3808826495983786,-0.48503229257230657
-0.9666986164732815,1.1270984208633403,-0.22062821797517257,0.48759453654170987,0.42771380971853756
-0.40957888417592225,0.6694017581334772,0.6263895543725377,1.267194745507075,-0.23218522454481652
-0.9955542596257296,0.20885304727262244,-1.1086234972407456,-0.9361671855535773,-0.8634146503906444
0.9427612201403136,0.686356725640699,1.8547588130866384,1.3017083367468194,1.1617961616784038
-1.1794998841334603,0.1302334714283438,-0.5336957804554519,-1.1202811398736365,-0.13405830629429605
1.2194090325851954,-0.18473599431388746,0.8718095460719465,0.37736642749439564,-0.3799892783712942
-0.28367721568364307,1.32364336078051,-0.7337910822932555,1.5529887658722468,-0.8324129638922927
-0.5842947841901683,1.3371436596653372,-0.41267061602087235,1.250958802992775,-0.5281639045680874
-0.5842947841901683,0.765286144410203,0.17858429792137115,0.6468983433148424,-0.09075835010125996
-0.8585905261255983,1.3371436596653372,-0.8766055220102339,1.5529887658722468,-0.8079223791574263
-0.7885704605301623,0.1483899468710785,0.7289951063549682,0.04283788363690969,0.44207900193734845
1.0113969333459791,0.7179799025426344,-1.0668926981099882,1.210826782239466,-0.8732286330338223
-1.5537315202361954,1.3371436596653372,1.4675160934230214,-1.3704189823641666,0.452325408652709
1.4210249455045367,-1.4125576468950192,0.35100022651069174,1.4656535012849823,-1.0888259169926315
-0.5660558750272893,0.6245358626098535,-0.8063410129464369,-1.1892672105910287,1.1434891336075703
1.355917869484312,0.24659682185582052,1.5120046118983468,0.5534144676586613,-0.8925441127655289
0.7546832638925243,0.8499484572350853,0.8697642470191516,1.1574749273365939,-0.8065250685361199
-0.294635122123973,0.7913092170818572,-0.9667576266931317,-0.6211133367932367,1.2516613060821629
-1.1783998421193245,0.5893065620239677,1.6100029901054556,1.0401969519681638,-1.3742016017932572
0.7243162586684804,1.0808475647944318,-1.188199992333421,-1.1146707191448961,1.2522335687846533
-1.4926111665300033,1.0376743395714376,1.2993270026763628,1.0342053130817985,-1.006855201110633
1.2731585733754136,0.5987005088877337,-0.04303858537053878,-0.42773215059377623,0.7858706610263967
-0.8139580485211365,0.7675611700883652,1.344340611804987,1.5529887658722468,-1.230928319588752
-0.815192540114778,1.3371436596653372,-0.90350038143941,-0.5612225760410228,0.8988129443171418
-0.7295874831432237,1.3371436596653372,-0.582379915167027,-0.2591920792425623,0.5945644228338224
-0.02057851975683364,-1.5640340401498636,1.4155826409822765,1.5529887658722468,-1.2519369224289545
-0.8545634157955877,1.298628744170132,-0.6503521906545858,-1.1854550290147814,0.35190513686514074
-0.5539458472890623,1.112352884060438,-0.3292322920477738,-0.883424532216321,0.047656077540935426
-0.922454607811976,1.2277301767103896,1.7064664006082186,1.3658085148025538,-1.489863746443489
0.6051306920963222,-1.3145726215779088,-0.3520433653582135,-1.4205037869778148,1.37960235815519
-1.1287544677422328,0.4954817512674157,1.2475190043268385,0.3916775920559828,-0.44589038426738403
-0.12873337517564898,1.182554971554011,-0.32841996261548134,1.203834045250095,0.1272183419363249
-1.2799634796147932,1.000730503693641,1.7214658279942867,-1.128411658227011,-1.2522956622997825
1.4210249455045367,0.8851916234251982,-0.7161134087425785,-1.1654015657343513,-0.812956032007621
-0.5558334556147679,0.20851920618623468,1.0465909370961817,0.7569299701744732,0.737700017771563
-0.25521588710824256,0.5101952905221023,0.7254704708237986,0.7744120796073952,0.4334514962882434
-0.5558334556147679,0.8118708415654998,0.40435057221698645,0.7766817692265309,0.1292024369640381
-0.6001614288356065,1.3371436596653372,-1.188199992333421,1.5022568514448151,-1.549285483188356
-1.1735314919301945,-1.6796139839385171,1.861365872669064,-0.3603408958943464,1.0491448503068759
0.8778188847115775,1.3371436596653372,-1.1612659639798366,0.8762587283768483,-1.0771069019319528
-0.7504622417699263,-0.2358195467483626,1.7328469550299481,0.78536008846187,1.315681582400613
1.4210249455045367,1.1714331570865772,-0.4234494498855605,0.5265957168778629,-1.3082623091942756
-0.3826783398495639,1.3371436596653372,1.376589692901097,1.5529887658722468,0.5172298953874132
-1.0201797895257516,0.4491653002246639,0.09210896314270692,0.36572539179314656,-0.6997647283867507
1.0411953178187545,1.2058897168830451,-0.6098503874853329,0.5868858490333029,1.439302696478901
0.43996071222696675,1.3371436596653372,0.021720702984402856,1.1909463087112353,0.8308051156713765
-0.9119383124410888,0.11227324761466714,-1.188199992333421,-0.08735826165271131,-0.9946876267511978
-0.6113207439345634,0.4139487986580646,-0.8670800937266091,0.14268820930922152,-0.6904385674269926
-1.4079472566149875,1.3371436596653372,0.6837464836798947,1.1896328680000914,1.0617550677153238
1.074946945066002,-1.0169463602612543,-1.020083562779868,-0.8227969632602945,-0.5128806179572174
0.7743293765594766,-0.7152702759253866,-0.6989636641730559,-0.5207670003808224,-0.8171291394405369
-1.4526636987789825,1.1725904017470583,1.1816328998131964,1.0710654782749893,-0.2712378512626963
0.05686868940844,1.0310247157596695,-1.0247162815058906,-0.7390645840058753,-1.469400514261487
-0.45063011388991914,0.8436044100087806,1.6176676106469037,0.07280995996243027,0.8948764868739775
0.6986183206599916,0.29420597384650116,0.05521240401572471,-0.47101002202597153,-1.3997049409160833
-1.5851475510331399,1.1827421572110746,0.20809212197447619,-1.3057555197758075,1.4416632801266738
-0.9839129454413519,1.3371436596653372,-0.4341482429047189,-1.4673129985984275,0.8331656993191491
0.19618236773297196,0.09411250583217015,0.9042709340916607,1.033106507803939,0.7338291769164663
-0.6367641311581387,1.274691378349695,-0.03274794389702557,-1.4673129985984275,0.7496739694121105
1.0386157990087954,0.3684269533960117,-0.9906535089100081,1.4426581443791853,0.32530836722148443
-1.111116064606394,1.3371436596653372,1.0205549556761309,-1.2629127923190522,0.8684399938142894
0.7877631746635069,-1.137861361922466,0.01868539517555045,-0.6151761576436752,-1.3627778613788821
-0.2958552653435171,1.2582990343986056,-0.9806870044776124,-1.2341067950639133,0.6009921592600085
-1.205985919874782,0.21200480577190442,1.3695597224681764,-1.0080374866456034,-0.2415893724330154
0.17229338770328448,-0.3853312905427405,0.25662582530970096,1.5529887658722468,0.6027842450914915
-1.3745660299879587,1.3371436596653372,-0.5433580161417199,0.45883552415753875,-1.5339763802149675
0.622186657528058,-1.588018335707684,1.8527180553584124,-1.4296647689785502,1.3091543454105536
-0.2796649851489925,-0.6829911492850218,0.8893577918724053,-0.8699868591195435,0.3964082431197097
-1.0868683752242707,1.2646836118526512,1.7822525926824337,-1.3787294314165877,0.8607972748270829
1.3004151699478932,1.1747246382130698,-0.6482751023298072,0.930703515448709,-1.1091283347497796
-1.5573356192409635,-0.35336627316736346,-0.831215550607948,-1.3705284357567618,1.2649895410731524
0.8009573017779837,0.6857775700179881,1.4697782407239894,0.053389724602088406,-1.549285483188356
-0.6335750721596702,-0.3515797433919665,0.8263463458109847,0.6156833035846295,1.1945807907131796
0.09402141273804013,1.3371436596653372,-0.942270804616705,0.27815039758014865,-0.5274475005082029
-0.9100783380210522,-1.314744341753335,1.781603183269057,-1.0694451112434922,0.6302205843578803
1.1717862475345775,-0.06317837522600316,-0.5340307031424207,-1.1114912315697487,-1.017923428699495
-1.5851475510331399,1.015965069691779,0.2901765635604207,-0.9650495332240387,-0.18612076619877252
-0.6832959083560893,1.3371436596653372,0.08898907316375568,-1.4673129985984275,0.7266258739329574
-0.3826783398495639,1.3371436596653372,-0.23213139310862746,-1.4673129985984275,0.8952809432200984
-1.3449143177837348,-1.6796139839385171,-0.25781315121229076,1.0478004922801158,-0.9813798297138683
0.45878896757036614,0.1304409221992777,1.3382858908232742,-0.764380886753682,0.8441123748678202
-0.142445638021422,0.7337920242860724,0.6960460936096502,-1.3684408125126264,0.78232628958898
-0.4430626751066845,1.03546810862194,0.3749256273372671,-1.4673129985984275,0.47807776810566033
-1.339972631460329,1.3371436596653372,0.05380572873045514,-0.8091718845986343,0.4915388497954429
1.4210249455045367,-1.1090273046400307,-1.0347123045479854,-1.3003415812347507,-0.9852463678418788
-1.0387210773872027,-0.20281194259361193,0.6639905864732968,0.8320961531810895,0.8659938934656748
-0.7421741957542429,1.0038907948724476,-0.6204901432850932,-0.3760247661747755,0.06953006636638887
1.4018874029861488,1.0178390594323,1.3323691125753467,0.09063377754784517,-1.3054897394279805
0.5000352288878352,1.3371436596653372,0.3690088490893397,0.8865777806631411,-0.39274363713713634
-0.7329418141544441,-0.03452457079851841,-1.1267223786452039,-1.0007265339392233,0.9962062475994322
1.1432382972933297,0.851200627955274,2.023001264396983,1.3177152280151518,-1.045832530104501
-0.9275445606677218,0.7806428343840326,-0.48035849105729306,-0.27628442781404744,1.020802786988801
1.1758744713098181,-0.4877426433630731,1.9443642558245344,1.2849662390316396,0.028650932000335073
-1.2895710446261766,0.3840769542284883,-1.1042604196610113,-1.4590441952270912,1.2128168237870873
0.6858700559850605,0.7304610795167802,0.8392686848722739,0.6924421669332552,-0.8168758163833254
-0.11442857762177872,0.4511336827324221,-0.806498256309641,-1.2849022458509491,0.39921846174801034
-1.5851475510331399,1.3371436596653372,1.120222270662373,0.5272785992638601,-1.0536844691962834
1.404077921431689,-1.2948498661499976,-0.4525559343798739,-0.9569088704098871,1.3278959489171125
-0.12455906115582385,-0.4488746882525506,0.9913320997397351,0.20633722581986727,-0.9507341938819157
-1.5525841817296644,0.6799065532128109,-0.47330467867038467,1.3443241486335602,0.7392651347492387
-0.4188192370946642,1.3371436596653372,1.1779742952072392,-0.40526964483827227,-0.9606944692460311
-0.24093766061751565,-1.6796139839385171,-0.4482831156259501,0.877603136389312,1.234780094199583
-1.5851475510331399,0.1304409221992777,1.0555464291463883,0.11244223254271862,-0.590712648222991
1.2329076640832957,0.8626066873093601,-1.0985525423432612,0.32754377710398763,1.3334486182221037
-1.474096449731696,0.8823177103029254,1.9823518681792354,0.386254576892125,-0.37429192986802323
0.4926606960230215,0.2919912102174793,-1.188199992333421,-0.7141038713042563,-0.8813285167739583
0.1920436589377591,0.5936667612608768,-0.8670800937266091,-0.41207390842478425,-0.6537314648120831
-0.10857390956876632,0.8953428455967444,-0.545959627454226,-0.11004341162632379,-0.34948240548787785
-1.0810774777228023,0.7003716517593347,1.427572305510193,0.856159348063427,-1.4914681258058278
-1.5851475510331399,1.3371436596653372,-0.8202686877342042,0.3484653926593446,0.6382731381000657
0.4990228713820725,-1.1075383520630433,0.10027653538017982,0.6140212137741451,-0.6752897410375723
-0.9150279956634011,0.7004196480816589,-0.771499403186959,1.0369710134410368,1.0961720438385003
-0.6015091131582389,0.8740383447020189,2.0095600790036774,-0.9825957129355531,-1.1537798850888292
-1.4663871214712756,1.3371436596653372,1.1631888777414887,1.0020286852537115,1.091461095519785
-1.3736397627267805,-1.1341891099722026,-0.8181791107668607,-0.5419171332631588,-1.5042257116169848
-1.5851475510331399,-0.5308380078854078,-0.17593874588766578,0.062142792495785366,-0.8957281308094602
-0.3062748420445623,1.279216898252387,-0.2318696992803348,1.5529887658722468,0.22612889435745498
-0.6068924105510877,1.3371436596653372,-0.4097119430641231,1.250958802992775,-0.07812016496675031
-0.6294124494076283,-1.6796139839385171,1.321409761059038,-0.8685527527170503,-1.422867058663026
-1.4104598163458255,1.031310560523733,-1.0961172570430975,0.34812208274988704,0.7319413554073111
-0.8457545769422942,1.2764016473018436,1.6812262863188974,0.044939922693728505,0.5361038077518785
-1.3082892957681622,-1.4296368715478134,-1.0929491154905997,0.8485809019439237,-1.549285483188356
-1.5851475510331399,-1.127961320504416,-0.7718292168837878,0.5465509390644514,-1.2450369617050365
1.1726785038349323,0.5534527759553984,1.2497056521068457,-0.09557901231510324,0.7329815396804468
-1.2221889541796154,0.8240805726722792,0.2752742069870167,0.45885527916010466,-1.4558189562132855
-1.2157720424304892,0.8800362851151201,-0.04691574122138245,0.8830405673658528,1.4932018830083817
-1.5512715712103813,-1.0426590567152125,1.71275556747081,-0.9627761061719855,0.4619468442587709
1.1233402909477779,0.24129536140888905,-0.4982314415644401,1.415981949968255,-1.1531764276149625
0.8227232538625152,0.5429714457447566,-0.2239905011529979,1.1139519870887826,-0.8489273682907571
0.5221062167772529,0.8446469967881539,0.07723726051014418,0.8119214902903223,-0.5446788468074376
-1.2360255696008993,0.17623901296092936,-0.1284427352164735,-0.8800768601598685,0.5486268949368269
-1.3184989610703748,0.7973791519784443,-0.3630072581990913,1.545339842446292,-0.059724393149760344
-1.5851475510331399,1.099055236314312,-0.041887359592279336,1.2433093456478317,-0.20424331484577657
1.1825884475448871,1.1902850459105412,-0.8670834997200358,-1.3238505682072637,-0.7171031050222595
-1.4837970134640812,1.3371436596653372,1.7285412116728982,1.0431457865403786,0.13051154168007342
-1.5851475510331399,0.09841084314252792,-0.19817988296468728,-0.5128228197543542,-1.549285483188356
-0.9839129454413519,1.3051141139010578,-0.33049932160254436,0.6952975656825227,-0.3322903215733064
-1.5851475510331399,0.5587110397122381,0.6924329022493837,1.27193968355583,-1.485926213318553
-1.4037819767566313,0.8603865907556356,0.37131300364257186,0.9699097206763578,-1.1816771539943476
-1.5851475510331399,1.3371436596653372,-1.188199992333421,-0.2635776898122115,0.24775816557986977
-1.2968398246596795,1.3371436596653372,-0.8670800937266091,0.03845280698624906,-0.05649089374433553
-1.4470285077075342,-0.8248506794235283,1.916311926295816,1.0345256644747605,-1.2603304672927367
-1.5851475510331399,-0.523175128380131,1.5951920276890041,1.0657807481290937,-0.9560819458094172
1.3840837278375584,-0.2369239954542869,-0.6276614624452264,-1.3062477930829925,0.9916249189341948
-0.9245957040800694,1.3371436596653372,1.4999479628330366,1.361595893985104,-1.2681415304771986
-0.95523267130565,-1.1890611721154594,-1.1796628698091403,0.2936393874298592,0.7965408863597669
-1.0171501569061434,1.2862168952171211,2.023001264396983,0.9117851639373409,-0.8456836499085021
0.7874432590632608,-1.6796139839385171,-0.8567150880632775,1.5503944535082432,-0.805255226204748
-0.8897934569961327,1.3371436596653372,1.297460518278475,-1.0943214647449646,-0.432929494601395
-1.4675190487611833,-0.9080731025786876,-1.1615452554408343,0.29043800917619267,-0.052921243785286225
1.267214095128977,1.3371436596653372,1.7631722175054854,1.1524267233025016,-1.549285483188356
-0.536489721646387,0.0719771352687679,-0.16354887713209987,1.5529887658722468,0.27620725923421824
-1.5851475510331399,1.3371436596653372,1.7631722175054854,-0.09776380881510377,-1.549285483188356
-1.3111547192175443,1.3334676746677818,1.4420523188986734,0.20426668798335668,-1.43686436771595
-0.029124305085007525,-1.6796139839385171,-0.28215975989264735,1.1051332471595283,-0.534421683274361
-1.2315929848473206,-0.4729107131799871,0.2943971570818003,1.5529887658722468,-1.549285483188356
-1.1934316239607976,0.7590940855379246,1.2207700349494437,-0.7639222503427583,1.1694781430502736
-1.5614371285477757,1.3371436596653372,1.0440239533835147,-0.15986179066482567,0.5609805622427487
-0.03304619400497046,-1.003027960079737,0.8830158321116985,0.8048016805817427,-0.5916667779543988
0.8236659951828426,1.1101050562982593,-0.4896517441223242,-1.1733238556823005,0.8872531301586597
-1.0306110574945802,0.9461261543704584,-0.5776291220022084,0.6622549212554619,-1.1717878736271579
0.4724751907742585,1.3371436596653372,-1.188199992333421,-0.8478959609798753,0.3494558094712112
0.5994131307291293,-0.6074470711167772,1.390282354142415,-0.6542013643343004,0.8967207432713831
0.1125940544540003,0.45781690396981717,-0.5041431108222273,-1.4673129985984275,-1.5356996224130681
-0.48864055113778765,1.0611685393490822,-1.1463834757014224,-1.4269594014649867,-0.9272020416055435
0.04955048719749026,0.7296435421598598,1.2853556176396181,1.2414897497358077,1.4736244747652911
0.9514026612958034,1.3371436596653372,0.32199478648804014,0.33539932717840326,0.5608783724744472
-1.3044375544548978,-1.3359656490226985,-0.28067758508641705,-0.33222258629609913,-1.0358168571291484
1.1619905593961388,1.1294587733367452,-1.0369290386032628,-1.4550937286328822,1.3359151565243785
-1.2816661533410207,0.8749470750713553,1.5617491458967998,1.4919180441559567,-1.549285483188356
0.5220371320130802,1.3371436596653372,-0.3649713810752142,-0.32026333487784103,0.27620725923421824
-0.37981451066397043,1.3371436596653372,-1.0553912259732465,-1.2263537574352459,1.1889533615250625
0.5220371320130802,1.3371436596653372,-0.09203039482166836,-0.5665324003793673,0.4638174548595806
0.2214200949278175,1.3371436596653372,-0.41315086109405147,-0.8096246479006872,0.15956839553537527
-1.3407245925472866,1.0060596953490264,-1.1639850820655673,-0.11383156684809886,1.4932018830083817
0.36237001932071894,1.1225643682811244,0.7831521048378443,-1.4673129985984275,-0.0718467888747884
-1.5001871080534441,0.8174757454280135,-0.0962424733594811,0.9950679834036366,0.8645411852331311
-1.1995700709681814,1.1191518297638812,-0.41736237196629306,0.6930374866051762,0.5602926637498118
0.4123459377233142,-1.6106741997220677,-0.9867315074790448,-1.441777255146442,-0.7967164643017999
-1.3913578790520496,0.19938070641572703,-0.2895649572680876,0.37040358996836753,1.0287762781207743
1.0721888687117191,0.647657290950781,-0.6233409597833272,-1.0415013931544093,-1.0683836606051755
-0.9022228689133432,0.8076546312955629,-0.3762372719999352,0.9117413825803025,1.1074543320999102
-1.5851475510331399,1.3371436596653372,-1.188199992333421,-0.29637953677556256,0.00474874519453264
-1.2845305139478773,1.1014134556178363,-0.8670800937266091,-0.5984094996550348,0.30899726667785227
0.3966934558468119,-1.6009357459225089,1.444753839351699,1.3326355941423547,1.0888418104059432
-1.1468982524990585,1.3299164801082692,-0.8555576179637356,-1.1304069134861756,-1.504929745336496
0.17639542843135964,-0.38035620508761286,2.001902270449083,0.933583474471437,1.3666269467852847
-1.1386803540900738,-0.3093808435121518,-0.046222053893457016,-0.6041747568903734,-0.8512438489858943
0.4499083868465854,0.872538726275626,-0.34823035571690797,1.351482934428283,0.9587278811542866
-1.5851475510331399,0.4312920030836412,-0.9430150141804614,-0.9650436601151677,-1.2280761493713588
0.5974181753083245,1.2107000149648603,0.2160967741930336,0.2421231460086592,1.1314764574232454
-0.6869143557349549,0.2645031831299997,1.6545630344427438,1.0415167997071668,-0.9173826805535075
0.6783089942569801,0.7174076797220372,-0.8674598619936976,-1.3349902539785274,1.39968049626296
-0.9571293137928245,1.3291272072522728,1.7737262558040046,1.055420584080704,-0.47324819876444607
1.1019803447080772,-1.090647912944724,-0.8390765834370086,-1.0177900508853417,1.2860729037964813
0.8013633076228148,-0.7889723619013266,-0.5179561171646255,-0.7157595540868814,0.9818238444722758
-0.7558625446431869,0.8643436208850219,1.3139898043787486,1.0594276460876697,-0.8249079321718507
0.6410473295684923,1.3371436596653372,-0.29161082398645377,-0.4507232361476675,0.6963357509265182
-1.4147643285750533,-1.6175872700141483,1.8910320754165153,1.4795129703824934,0.6800483153818611
0.6895565252855732,0.49414318716704386,-0.35680891782788166,-0.6346983715307768,1.4932018830083817
-1.1512888549728706,1.0728497776178263,1.9135263913382627,0.7001578302327438,-0.2898353134118609
-0.3322097939362902,-1.08817023612786,-0.47894046246060085,0.41744559026786576,-0.4116831660896693
-1.2442774789707074,0.6865636431191627,1.3989630960561927,1.5432426086603679,1.1553926280920785
-1.5476828834222365,0.8798762973740397,-1.029138963970594,-1.1265044996009108,-1.549285483188356
-0.6905482143304436,0.9916314675659332,0.9269622299665913,1.1203211066998546,0.8367923604120932
-0.002380530031195335,-1.4715968564009483,0.21328455895363693,1.406806018235848,-1.4812453840894426
-0.5678653644273534,-0.40903294109131927,0.11433477324930778,-1.082756779459038,0.08367420598113612
-1.2242933823805713,1.0889184130394631,0.0819426404292721,1.4256304000052809,-1.0303572342974008
-1.0317759329027858,-1.4730895420252277,-0.5233171508184129,-1.2428021997068774,0.9830275323746946
-1.5851475510331399,0.3369653641125674,1.2235442165955746,0.5693791793269202,-0.842464672206994
-1.5588565468952906,0.9403169994918322,0.5813038517163793,1.173439639004853,-0.5794448816654978
-1.477584698901159,1.3371436596653372,-0.060935945497244494,1.5529887658722468,-0.5794448816654978
-1.5851475510331399,-1.076262348559252,-1.188199992333421,-0.8632525389204949,-0.220031634048412
0.35455068685888486,0.5734101800702275,1.945122657027569,1.0601607168585645,-0.9244870208140291
-1.5224153966366702,1.0016493666199122,-0.72505641215022,0.9488717107815577,1.3119349827901357
-0.6100628698053558,-0.25068987398930764,1.981074052978613,1.4369580252604153,-1.273078909808835
-1.4903627231668106,1.1312266378756828,-0.34493959840104543,0.04211495732679219,0.7465889140911663
-1.2209443655819796,-1.4740665338307581,1.9971389886416993,-0.13898662606144807,-0.7552586131426262
-1.5851475510331399,-0.870714898451493,1.354898623762504,0.46507383361648436,-0.1467610323351013
-1.5851475510331399,-0.5690388141156255,1.0337787251556922,0.7671043304149449,-0.39578943007341727
1.07752433819091,0.9332658064499523,-0.29602896512658794,1.173228207085498,0.9827387118190202
-0.8716284153887922,-0.759107983566334,1.6604105574909929,1.4695868824715672,-1.3706265734253498
-1.4728630209805802,-0.15575634818706907,1.0181701926117979,0.8655269567126228,-0.7621289926178252
-1.5851475510331399,0.14591920285632812,0.6970502940049859,0.9634952179512827,-0.9021913647341091
1.4037829826307977,0.6303620828475286,-1.0147628333816308,1.5529887658722468,0.252345948335737
-0.753617821228834,1.2845487563701234,1.5053322707752401,-0.35212655225981365,-1.2835485204918022
-1.0542348583140966,1.0456038653118482,1.1842123721684283,-0.3360160807077569,-1.3880450883528428
-1.5851475510331399,0.47947071143256786,-0.10026835758996176,0.87210430472912,-0.1710499267377932
-1.5851475510331399,0.7811467957684355,-0.4213882561967737,1.1741348015275803,0.1331991325864121
-1.298773135213992,1.3371436596653372,0.5335802071511626,1.5529887658722468,-0.7469516606614576
0.06517427232579791,-0.9338321954775592,-0.07235680912288497,-0.8146664449069201,1.118200392998178
-1.5851475510331399,-1.1014294868161265,-0.05375100236340419,-0.029396550205116494,-0.4845401681618003
-1.369825220901917,1.0103009703650656,-1.188199992333421,1.5529887658722468,0.025317394190151346
-1.5851475510331399,1.3338516452463745,-0.545959627454226,1.0895940689249206,-0.5831801866173733
1.2215469403257115,-1.464062500381006,1.9747360668769047,1.2583808108487151,0.1803209861139373
0.3196952976486614,-0.5590347806658733,1.0113758033908975,0.8668201085022124,0.35795530898949574
-1.1046178454040487,0.24907289879527345,0.052921305770628715,0.7844289337463273,-0.8906821076188922
-1.3209535958835603,0.974028549707336,-0.3808926973488033,1.4636534407549233,0.9380618829583383
-1.1462153761762737,0.5245675225958174,0.18928025261267395,-0.7457038666250119,-1.1198254521274398
-1.5012159396183558,0.5915586561259084,-0.6169768610653463,0.835884308402865,0.7422813464368004
-1.5851475510331399,1.194909758212703,0.025263503813848762,1.439944768080797,0.13378376562927582
-1.2080940680245777,-0.10050351522004097,-1.188199992333421,0.0321936746867607,0.11158761011322883
-1.267066416986259,0.8243546850019968,1.7970419838071823,-0.17640206700243954,-0.5471050470432778
-0.29021529148070324,1.3371436596653372,-0.6316720197052865,0.9755073273493797,1.2486208915547394
-1.5851475510331399,-0.4729107131799871,1.2950485072667277,1.5529887658722468,-0.5768718508678345
1.4050897475161885,0.2020007723221522,-0.5137332529809614,-0.3172050469130309,0.658797684143049
-0.09799703217391238,1.3371436596653372,0.7320253051736803,1.1929458353223064,-0.8624459989553199
-0.9223079355434244,-1.617626200364478,-0.6309363251250971,0.16679518554859665,1.3964211804950168
-0.7946988105335516,-0.11995215831823468,1.3813700046756145,1.0571291248431678,-1.105811470007056
-0.4391461003993501,0.8625474918451603,-0.7217736021523533,1.4949101261662212,0.9607802819744964
-1.5851475510331399,1.3371436596653372,0.365695385150632,0.4424735767620069,-0.256214879640553
0.05065690626678049,-0.308946743441354,-0.16135598503081006,0.10108470782424071,-1.3496158192216041
-1.574687054894854,0.9308905217873799,-0.416920728151951,1.2719818631559032,1.336613273994146
0.8741185984582304,0.9041976337730696,1.3724042946451276,-1.2845584020225034,-0.9066613603359862
-0.6289676498106082,1.3371436596653372,-0.23319633372007445,0.22559248021283387,0.5863623493253844
-1.5851475510331399,-0.17123516213658993,-0.35633378174484276,1.5529887658722468,-0.7808087444225171
-1.5832455943333368,0.1304409221992777,-0.22873561766210523,1.250958802992775,-0.47655968509831176
-1.050877338775299,1.3371436596653372,-0.8887410765899318,0.49035062635915905,-0.6427218618797735
-1.5851475510331399,0.43211647324267516,0.07461975456164639,1.3964410489165642,0.010893039473902731
1.1023985732419541,1.0125637303164117,-0.5783432452906947,-1.307141039550368,-1.5092701212848956
-1.5298319117812507,-1.2472796445096463,1.9488022652596582,1.5529887658722468,0.9741881174165847
-1.5851475510331399,-0.9456040934662489,1.627681798987275,1.250958802992775,0.6699390580923794
-0.6105480574183539,-0.18597216625996815,1.8396708298714735,-0.8125286332778873,-0.6858174385362059
0.6919511094960547,0.07954348883692623,-0.6297101674914481,-0.745876322458223,0.7478652105131678
-1.2387103098209065,0.7823835010069864,-1.1494551141068272,-1.3721296588025833,-1.4012937228927345
-0.336858667143856,1.3371436596653372,-1.188199992333421,-1.4673129985984275,-0.48854762060189016
-0.13041851200020207,1.3371436596653372,-1.188199992333421,-1.4673129985984275,0.11994996020563477
-0.8835481943149126,-1.1625560030506832,-1.1782709538287202,0.9683720339901404,-1.520513685002528
1.370216289983028,0.9589721033942676,-0.856870060764197,-1.3051762176735349,1.3054851948876316
-1.289689551567796,0.9986202653887917,-1.188199992333421,-0.5901177377672028,-1.467485262867156
0.48061497025760164,0.9525757935058764,2.023001264396983,-0.8465296622888926,1.0510826910184103
-1.2590770297203073,1.2196881262587522,-1.0271640554486194,-1.4673129985984275,-1.1650503408507513
0.9992167580010537,-0.9174937140659669,-0.05978017839441615,0.4826696677939082,1.0664891431921284
0.2567085924672781,0.6837537250933221,-0.053756111353544404,-1.0517483663772855,-1.2535595883814106
0.8479014618759197,1.3371436596653372,-1.188199992333421,-1.4673129985984275,0.26768409471695837
-0.6650469021892157,-0.8494050646320651,0.6221070853039042,0.4772183549236722,1.2928308745265482
-0.6294523060023433,0.7657682408033253,-0.8817553840715596,-1.2240664484894976,-1.1581767343302376
0.9685133631176148,-0.5313494353643946,0.41314200891713526,-1.1381236446236407,1.269088964304714
0.6678963260323524,-0.22967335102852693,0.09202154264475232,-1.4401541414221013,0.9648404428213947
-1.3221280368744976,-0.2613306586485595,-1.0174581095133741,1.5529887658722468,-1.418664369981391
-0.7208934312827098,0.3420209767307053,-1.188199992333421,0.9489283061943145,-0.8101667891738662
0.12794203194687973,-0.6506266958494141,1.9767580916412835,-0.8165506450165247,1.342777468386291
0.798091346907339,0.6238804461638947,-1.0657261453613083,-0.9007453981147855,-1.549285483188356
-0.009231081530821462,0.6436357324324921,1.8849217232088318,-0.6803447075949374,0.41477604721063804
-0.02367723714061467,1.210605622197623,-0.022954577463825607,-1.264120517070519,0.9690151637769682
1.188957531380356,-1.2559941767662912,-0.9193496041854652,-1.3759589257864553,-1.1906768455364256
0.8883399628738304,-0.9543186257228938,-1.188199992333421,-1.4673129985984275,-0.8864277862122204
-1.215980890986796,1.1574118314582984,0.738521102304164,0.3448683804353701,1.2433134776936736
0.5877229257885678,1.3371436596653372,-1.188199992333421,-1.4673129985984275,-0.23145860150810169
0.8157095560351886,0.37243997923477634,-0.500416386347734,-0.5700274340765821,0.9855360222660619
-0.08614208664186186,1.2774671656574383,-1.1547264566003754,-1.4673129985984275,0.07278991997521764
0.5174594692547386,-1.6605759760424295,1.5287615318926446,1.413129754732917,1.4350161046190815
-1.341979278148917,1.147109154225196,-0.7502096736071576,-0.47797873266087065,-0.2623118439219727
1.4210249455045367,0.9961937846490737,-0.3382621482877988,-1.0661166602706176,0.5167517548399376
-0.45821243246851423,0.8005730405828778,-0.857294674611405,1.3228910386874402,1.3218689039508469
1.211934592522962,1.2231027979458766,1.8294437669419272,-1.1950404766111913,-0.7908760501229065
1.4210249455045367,1.3371436596653372,1.187203402062732,-1.005548356322289,-0.18237846931538174
-0.08206130276430151,0.44102885700578937,-0.41839722630246995,0.5046025259130482,1.338865213782987
0.7463718353412747,1.045515338761784,0.32535366367243873,-0.8824837669589893,-1.208409997382111
0.24528994379204172,0.8302363676565794,-0.9719977475802677,1.0213715023607544,1.4479963565569594
0.15555680645053196,1.3022380676089038,1.2777681996158443,-0.4527265001916563,-1.5269580944961738
0.32998786466788127,-1.2601223937786334,-0.5554373718298755,1.0539640530807035,0.09507535707830751
0.5422523968525639,1.3371436596653372,1.657027838352607,-1.36056710919261,1.413750413835467
1.0413127619178484,-1.3969812404234396,-0.48692297572188403,1.412839302803298,-1.2875645783860648
-1.1068099581133777,0.8291799152729793,1.4344353822652003,-0.5355592259508406,0.9497491654067549
0.3169239357628068,-1.1422871561332177,-0.5861452409003574,1.0586406494989598,-1.5027848358839289
-1.0063888763330744,1.3256170762129709,1.5155019994821017,1.4795914564737687,-0.3418197863878967
1.2509324104772392,-0.49252627682137456,-0.5027506271762361,-0.507246569840863,-0.6652934303341085
-0.8533884433833874,-0.4208795000258464,0.8681577534528432,1.5529887658722468,-1.549285483188356
0.9349179737216504,-0.06876461385205763,-1.0012177651888077,-1.1615664256416085,1.4558542118984856
-1.004147341446299,0.2938678664203514,1.3634584529096303,0.6897661649640462,-1.421152959759984
-0.40291326727577387,-0.26254869865065106,0.7212186556960064,1.293826624641979,-1.1551266386668704
-0.7726788390853695,1.0417865578096719,0.1200443535637713,1.034641524895215,-0.7515765544384448
0.6770070121629544,-1.6796139839385171,-0.36198432483990833,1.344626346780921,-1.4548782725040228
-0.9995941240660491,1.0498574060547037,-0.9244920865943661,0.3595276601773093,0.8717342692398096
0.7890407113794407,-0.9336652749343654,1.7661342964556614,0.9838161746448363,-1.4556775040603203
-1.1299028690912896,1.293275554353585,-0.3762594109572095,1.1970436635572779,0.7786641309975731
1.4210249455045367,-1.6796139839385171,-0.44534998761990174,0.5041086508488988,-1.1930745402053184
1.1204079084192744,-1.3779384328951196,-0.5563365540945515,0.8061386137283707,-1.4973230616886382
-0.9540406934130378,-0.5485849147109771,1.6568791099729696,1.11383559274934,1.4106169528348012
-0.6534236563277754,-0.24690936366757993,1.3357592113661576,1.4158655556288122,1.1063684313514814
-0.8540686625998578,1.080972355232474,-0.5909618832714274,1.4408027758949469,-0.7191243110710929
0.6248086900390468,-0.5323482921612059,2.023001264396983,-1.1773885809399993,-1.1642478822491389
-1.496810988770446,0.7239858423427895,-0.8512694722393911,1.3795003333377476,-0.9034267852487899
0.9073255189110384,-1.2471932511294628,1.3600938990695206,1.5529887658722468,-1.396146585615636
-0.5740739590414358,1.253950567596043,0.30927226570778993,-0.8300945679919679,0.7337286006708217
-1.5851475510331399,-1.2517454356556683,0.10491322776520053,1.4074872988648806,-1.1633281743344224
0.5191733028274866,0.8599850215255239,-1.188199992333421,1.4980314165716473,-1.549285483188356
-0.21963032508283906,-0.7709924062662502,1.1326490376800624,-0.4217458508972939,1.3657061631887966
-1.0205703841539593,-1.1396121611023549,-0.2422909038352086,0.6794545875435893,-1.1338937561772895
0.45591663564456664,0.2750693068434143,-0.801588516784905,1.4274104859121726,-0.20230332277069882
0.15529959855930398,-0.026606244199983208,-0.48046861817809294,1.48002019342135,-0.5065523820949042
-0.21547886217731724,0.6172409549090615,1.397355467158742,-1.2865371057930317,-0.4806779327608763
-1.0099169820972524,-1.0804620267626104,-0.5293656274788434,0.5256442732407661,-1.549285483188356
1.4210249455045367,0.7162632340808426,2.023001264396983,0.9680276562427061,1.4932018830083817
-0.6832959083560893,-1.3954672231003498,-0.22483972884741402,1.5529887658722468,-0.6365393808975117
1.388222436632771,0.4646115833334984,0.07877393121120335,-1.465029427085597,-1.2063355450855835
0.13592132220883665,-0.9454921020474927,-0.28653816444280217,0.6983099366143417,-1.459298786744406
-1.0591244653537415,1.2318162636175807,-0.11371067831440963,0.04056125307092673,0.5953238541645707
0.17939902140908706,-0.5782381092277437,-1.188199992333421,1.5529887658722468,-1.2301688882580035
-0.709837743330012,0.7893061705635318,0.738521102304164,0.06907946799138845,-1.549285483188356
0.7722722448509163,-1.1785681094704716,-0.13423916836332064,0.2921251931791258,0.12392836923789127
-0.9897415738524837,0.7675718359377706,-1.1031818550758572,1.4192703570170095,-1.395618425865781
1.0975684853837504,-0.459004578725286,1.5882205268099103,-0.6634867494593027,-0.23570001473351418
-0.7061353313916133,0.007150102583023357,-0.338500567827675,1.1486946295744949,-1.549285483188356
1.1805153731984408,1.3371436596653372,-0.23981985560406335,0.734528331183632,1.3774864921104564
-1.2891522846710368,-0.48946251157968645,-0.6088109918245869,-1.0072622362746355,-0.9813739134641245
1.1403638396824791,0.27127066457769716,1.7230586975868878,0.7840354354519725,-1.4226013652654412
-1.1636449307558054,-0.6915819576885647,-0.467488377228548,0.7198621104948456,1.0960838379332292
0.9285233816655645,0.7037095293307404,1.929920005367035,1.2657254004513563,-0.7680237287261843
-0.9595605660704437,-1.3521366765986267,-1.1122752898598491,1.0181039181525424,-0.7203984561295511
1.0706573126321348,1.0836025536958342,1.3676642871261606,0.36847827809666633,-1.2716719180515843
-1.56528886986104,-1.2596744281036087,-0.6536491922917308,0.5350065427000792,1.1697454499705158
-0.062202621592201635,0.2487043936983185,0.7591869674212894,1.5529887658722468,-0.35149877096873905
-0.9114137996546384,0.21841498126452247,-0.8464136609439127,0.27460037022714195,-1.549285483188356
0.30719361243970084,-1.2437385825070686,1.6448866071171975,1.5529887658722468,0.8644906281898661
0.30222748073820294,-0.942062498171201,1.3237661408448145,1.4734844910859377,0.5602415688656608
0.001609912231677537,-0.6403869471278036,1.0026462422380022,1.3845165022325432,0.2559930473823412
-0.6846675066355506,0.9129548294273357,-1.1122168203060225,1.5529887658722468,-1.549285483188356
1.4210249455045367,-1.6796139839385171,1.9049909718106952,-1.0788282035433479,1.0608025515065735
-1.3680492110414133,0.8244010814469099,-1.1396526650244891,1.1192271066928896,-0.23526597713867434
-0.22925064420453128,-0.9932361770331511,0.7807469058129504,0.8848799182804425,-1.1553804995649675
-1.2641308459301785,-0.37215683335724664,-1.188199992333421,0.8245897861250029,-0.423404870354777
0.8393184770593451,0.21244050572011322,1.225485632848852,1.4673422870448805,-1.3928017531468506
-1.2650023768012812,-1.2637855797569026,-1.022355360395545,0.47319794494199974,0.4278735484616202
1.0244645821998937,0.9082607891040392,0.6437584178525178,0.6814252825292937,-1.2478498695377662
-1.3423518044541873,1.3362279964938875,-0.6893133494637815,0.9567721100509881,-1.328030650951825
0.4613520123211766,1.0205236537276277,-1.188199992333421,-0.8554092689828098,0.4974620914707493
-1.3423518044541873,1.3371436596653372,0.3072417259598443,0.9567721100509881,-1.328030650951825
0.16073444381465124,1.3371436596653372,-1.188199992333421,-0.5533787721843493,0.19321303214654403
-1.5851475510331399,1.3371436596653372,0.6606339799511828,-1.0871247707020741,-1.549285483188356
1.2541905542398801,0.7352868430802328,-0.5615931372832503,0.9357565247536955,0.9094293855619322
-1.1161736007651049,0.24499427798266601,-0.6957234290930242,-1.2716642584557847,-1.2698690754023854
-0.36642854047359824,1.2490346776051147,-0.06691005796785642,-0.5480742870358876,1.2766294935236189
1.1509571911364818,-1.1505745211211784,-0.7917730113944308,1.1099006098057904,-1.2845682668112774
-0.6933860038741565,0.25478072810454905,-0.3003540091130562,-0.40778760678695336,1.2220838222494073
1.3212495405586182,0.056086086239730194,-0.9340277328582713,0.06949592480223885,-0.9343537118640155
-1.1199615715268252,-0.26938337494960235,-0.2469582501610706,0.8798317142463505,1.4932018830083817
0.08250710823548772,0.9373193625164574,-1.188199992333421,-0.32828920510951465,0.27620725923421824
1.2347097135856793,-1.0763444755996734,0.8363349892006545,-1.4264372286944587,-0.7943935295160333
0.9340926765004169,-0.774668924556276,0.5152145229282714,-1.1656204725195418,-0.49014447019182794
-0.6910233049394473,1.0353859815815187,-1.188199992333421,0.6465609065142559,0.5629872465876656
1.4043415063780715,1.3371436596653372,0.07880401748647346,-1.342393574669878,-1.1482912188492482
-0.9451749924846176,-1.3675018992519803,-0.42453993544770857,0.15805706738657113,1.3237954500037796
-0.34394038689282963,-0.7641502638727155,-1.0667803003269036,-0.4460033922913613,0.7152978691962547
-1.5358045553546196,1.2140810892263578,-0.457491218855311,-0.42524141851349706,-0.41489891674586277
-0.6551927577118617,1.3172817149026863,-1.188199992333421,-1.0293018781914296,0.8020962448691868
0.21095215889185126,0.4122545284800241,-1.188199992333421,-0.7624059204160716,-0.001766659296038682
-0.7958567774653402,0.3466568881747427,-0.8353975428704906,0.4455708408129605,1.2062180539592169
1.3070414616745893,0.2245441116253096,-0.3291505482055306,-1.0160761709329955,-0.30931053188665
1.0064238931680642,0.5262196626687068,-0.6502704468123425,-1.3181066677314557,-0.005062010403330467
-0.19604531801551167,1.3371436596653372,-1.188199992333421,-0.1099857483755907,1.211933151211719
-1.2506401857510214,-1.390384412566228,-0.047944918901847954,-1.0461945410613018,-0.33000772485397467
1.0896162976061996,0.1781897968171686,-0.683323342357178,1.4515676505364452,0.5849607359769919
0.41747255864619826,0.7379410397047553,-1.1415861339597708,-1.3327216321973685,-0.26327081422135273
-0.6458259265325572,0.7439507125522022,-0.802602935160521,1.0000910932452802,0.5228664678705885
-0.2509347574145811,1.0879451542812244,-0.15906715744799865,-0.021394706327915215,-0.9454353854750221
-1.0869098260827743,0.9653348158570316,-0.6438138186062669,-1.3230229937754452,1.170832426400716
1.3086192514040436,1.3371436596653372,0.6702320694279128,1.0932183110172966,-1.2631573589884972
-0.4950840339500574,-0.07711330747409878,-1.188199992333421,-0.718963068016501,0.5623348455931911
0.06786804670727396,0.374696339676479,0.8584063942719071,0.6935991693808362,1.2657570400171878
0.48609604916281796,0.3992981879148696,-0.34540962549394416,-1.1239064498039892,-1.4069082438995923
-0.8956098627182187,0.06058280834902747,-1.0805104274959163,0.5762053335919513,1.4932018830083817
1.4082006875890158,1.0027244842399718,1.3435589363135358,0.702596772171161,-0.4668188488156024
-1.3467503782469425,1.3371436596653372,-1.1088630521117642,-1.018359742445826,1.1314081516307488
0.921942792167475,-1.504689254058471,0.557132084031932,0.8308152815282301,-1.038437217924762
-0.4505302066925,1.313853177611335,-0.5962451467419696,-0.8205699871602206,1.4441228264974337
0.8065265966128363,-1.249934374426639,1.8728809687795127,1.2155412869058897,-1.4163360567867662
0.20529199102104853,-0.6465827390473741,1.2306411715658891,0.770192517843098,-0.8078384759792415
-0.6373800484018023,0.43035607479832133,-0.3685033962588087,1.1132162467229467,1.2500558510380524
-0.9354271322598371,-0.2144777153807184,-0.5367078139758876,-1.3634342541596194,-1.0766309127480205
-1.5480506269361407,1.2691979326134675,-1.0339402793712433,1.4332152531526436,1.4852563596024702
-0.7652676381534178,0.7790930864654344,-0.07058001588523632,1.040043183299542,0.5725097194707406
-0.6784615691277828,-0.16683176620958912,0.13889028285984176,1.1181261657390769,0.11442364510404783
-1.339278063869761,0.4990553441106797,0.32172060401718267,-0.9455080982533595,-1.3349236197442276
0.5464745387860471,0.23399405419845362,-0.5610884825905124,-0.4406599310567559,1.0655307107336343
-1.3754343723314846,0.3802479142919659,-0.1208127422748644,1.5260707061596308,-1.3855005631221269
1.0721522006445814,1.2726398022165752,-0.827850996767838,-1.3623931121324928,1.4073517208171138
-1.487591361280956,-1.544404077611779,1.270499241977476,0.8893781857566169,-1.211886600867917
0.2667567057055789,0.5859441529989298,-0.29763772935518107,0.5393595842114437,1.4932018830083817
-0.6350949369714716,1.3371436596653372,-1.188199992333421,1.4454500067688485,0.5804557807175379
-1.5851475510331399,-0.7745867975158547,1.0596410009109762,-0.6164287315901563,-1.549285483188356
0.754354845552072,0.926908960204361,-1.1427526867084508,0.33449380057429745,1.2831287627876165
-0.7487314027167664,1.3371436596653372,-0.503862116364516,1.5529887658722468,-0.23811492031075265
-1.4970947677248174,-1.6796139839385171,-1.188199992333421,-0.9243398121254217,-0.14427674528359502
0.01850060565066163,0.41674591766461877,0.5617341488171136,0.8386574836279387,-0.8048195750872508
-1.4835902905928255,0.6072070570809742,-1.117464320845583,1.5529887658722468,1.3142014442828933
-1.5851475510331399,1.210558692460239,-0.4752245236319591,1.041074180865891,0.7057038634753687
0.31184939412368395,0.6151408491611472,-0.6092344703406527,1.2306346427852919,-0.8394882607449812
-1.5851475510331399,1.3371436596653372,-1.188199992333421,-0.7621026544307343,0.23053273553037887
-1.2845305139478773,1.228868222841941,-0.8670800937266091,-0.46007215763227394,-0.07371632379382642
0.04255326342931233,-0.9381038681644036,1.047385668895769,1.3789231669114275,-1.1485940232679532
-0.851507212112836,0.6350347914720142,-0.06997091072740973,-1.4673129985984275,0.8493192124832423
-1.3940899157644517,1.2653006312407507,-0.47055150065038587,1.1079630177973592,-1.266363966349632
-1.5851475510331399,0.9497941399809601,-0.34924761242037977,1.5529887658722468,-1.4808898712639293
1.247757168431605,0.8539038874870613,0.30726443258268976,-0.7614875797562474,0.9160147093676576
-0.8912511455201786,0.48819484295367754,0.6713543442620443,0.48850967368760456,-1.285153437695027
-1.4371764889152316,1.1943119373535327,-0.21818895901601074,0.8012185502514635,0.4860388888972602
-1.5851475510331399,1.2681302810879915,-0.8604293238952059,1.4052790099293961,-0.12245869191026473
1.3462545052403274,-1.423476810223751,1.5192275886254532,-0.9175739907060654,-1.2514867496075404
-0.7196026090352042,0.48793192976583577,-0.6620926499967745,0.5566548219984715,-1.1931525271337593
-0.7173010235457247,-0.19135255399249912,0.8384784943972555,0.9436649328079496,-0.43650452296930237
-0.9195758988310222,0.5770595004442696,-0.9611655531518929,1.0989317781107732,0.11833589970735114
-1.5208099730015472,1.1804111358235343,-0.31892518827269783,1.5529887658722468,-0.4901616811001735
-1.5565974751068403,1.3371436596653372,-1.188199992333421,0.6437359411473196,-1.549285483188356
0.9447907179432048,-0.9117677528127024,1.908860180343543,0.7628223001290202,1.2390914267401494
-0.9305975758228963,1.010793199315123,-0.5444808586414225,-0.28850209602262805,-0.4010382192779316
-1.3650684691779889,0.14925281408797184,0.9602115377990389,1.0536239466851756,-1.0502159333237644
-0.1526287322604911,1.031081778053988,-0.754199227241086,1.4514272298425304,-0.8324059719607774
-1.2256171527463744,-1.3495006119180932,0.8597211077346529,-1.3089083114015416,-1.0526690256038946
-1.3246432537116501,0.08892143692658429,-0.4072726841049613,1.148783260126548,-0.6307511372845407
0.8997283205370832,1.0223043172858517,0.37355641797969247,1.1641921621280178,-1.3116066038221748
0.29849371494529536,0.5792721309034102,-0.18875606681829543,1.5529887658722468,-0.965698540847507
-0.6033579277317552,1.1362699847670046,0.09218900398823686,0.7670108945919977,-1.549285483188356
-1.5851475510331399,-0.9754604724141874,1.0892566814225966,1.5529887658722468,0.5804557807175379
-1.5324613841899195,-0.3721088370349226,0.6031277545986177,0.9489283061943145,-0.028041800089987072
1.3053106226214297,0.8987756492278576,-0.9573610584941542,1.4390248256640084,-1.120529485846951
-0.49839319415393407,-0.9112787236174669,0.9693600361434309,-0.12020388997310041,-1.549285483188356
-1.5851475510331399,0.2954240138485928,-0.3151206936149591,1.0879164954637763,-0.3322903215733064
-0.04461789200391267,0.12795311282547878,1.8327680165264868,1.2016561896969418,-0.6879881643512914
-1.4088613011871198,0.4152228343695342,-1.055346380393127,1.0995836931954508,-0.7653216161159291
-0.49983547146135676,0.74376672664996,1.254378107422848,1.3492815864396464,-1.4711366646408466
-1.0514390510501501,-1.0371053489298445,-0.20845179147435294,-0.49832424962788435,0.824359630495959
-1.4585242124658864,0.42372031659078,1.5641702395576855,1.0532219056870085,-1.1503576035324887
-1.0726555135488767,-0.12936210395610864,-0.7463552243791595,1.5529887658722468,-0.414370219155122
-1.5851475510331399,0.7756656157590238,0.21700503910684765,0.6468983433148424,-1.3271163214459663
-1.0022512303803872,0.4266731569986523,1.1803653025928547,1.5529887658722468,-0.996144637710828
-1.4638830644806433,0.3599849335916735,-1.188199992333421,-0.039497763544195305,-1.2467386902677051
-0.3151309773902509,0.27252230200541566,2.0078678679361275,1.4524721093025745,0.3438267667604367
-0.6157480144755134,0.5741983863412833,1.6867474016637445,1.1504416125041141,0.03957824527711739
-0.9308005787453116,0.37678257982016644,0.8865075430397423,-0.29551832544748324,-0.7779592634095529
1.3072019508959756,-0.13317194536370133,-0.9271220811854289,-1.2595720612094474,1.2495120939025088
-1.053073702854731,1.1977340751352408,-0.28345801105383034,-1.0254144140378363,-0.9554031906115386
-0.451839097262943,0.5943824397559759,-0.9256978082674543,-1.4673129985984275,-0.3469056098040138
1.0512471510058954,1.1106100842676028,-1.188199992333421,-0.32126496689983547,1.1743380732943551
-1.0777072040736961,1.0647053350118976,-0.9851380702208723,-0.3549029309988173,-1.1950785353458062
1.4210249455045367,1.2215013206576626,-0.29773763849570056,-1.3070203738590191,1.1362094572182784
0.5191733028274866,1.3371436596653372,-1.188199992333421,-0.4009299513016144,0.22346335492743402
-0.8288048957631318,0.3312516685861188,-1.188199992333421,-1.4673129985984275,1.4932018830083817
0.8521905628885241,0.044095538338230676,0.14919511597263313,0.9421256443647674,-0.6448431063333656
-0.9515127224655768,1.3371436596653372,-1.188199992333421,-0.8700557346690303,1.1806496360892087
0.6890150070187111,-0.7026477764466199,-0.685733650372212,-1.404143975258236,-0.1410981056485217
0.08778040142692299,-0.09929614106735507,-1.188199992333421,-1.4673129985984275,0.4673994751590032
-1.5046967488901384,-0.23388316178882035,-1.180201016770575,1.3133846111012946,-1.4923130738374184
0.5317477927494598,0.9475303134446734,-0.14946168831884407,-1.131414418617041,0.9244733329786216
-1.0788215944619295,-0.9315363713930568,0.3137040308216312,-0.27653430190055767,-1.549285483188356
-0.17696942036361593,-0.02650918497039429,-0.6496562326643758,-1.1826247244579624,-0.6365393808975117
-1.3541488250685854,-0.21561522821979948,-0.16096656644901225,-0.49653668885515667,1.416046456576944
0.7740578202941515,0.11485971609546568,-1.0607959698760112,-1.4068082310097032,-0.8284915659939308
-1.0296454650599494,1.3371436596653372,-1.188199992333421,-1.4673129985984275,0.9970006385877576
0.4734407832088888,-0.17123516213658993,-1.188199992333421,-0.8308933107984197,-0.5242430445106113
0.17282374612362644,-0.328982008256842,-1.188199992333421,-1.1329232736778918,-0.21999398518640603
-0.28564772572635605,0.4163918114643611,-0.6415857312395667,-1.30987470477031,1.174454246925688
0.7690040040842805,1.0732977432928514,-1.1378003722658796,-0.839698168833979,0.3472850836561257
-0.473318081865526,-1.1824920754667017,-0.829416618413025,-1.3899529424690098,-1.4127578013735442
0.9581076033694041,1.1172570416170196,-0.8613574571040096,-0.6890582654835025,1.4932018830083817
-0.5449786448994343,1.3371436596653372,-1.188199992333421,-1.4673129985984275,-0.028041800089987072
0.9700188795553187,-1.377805643070023,1.61198300761757,1.0384147303853186,1.4932018830083817
-1.2083932581955723,0.7387617768164975,-0.5766305982625841,0.22988251928358264,-1.549285483188356
1.2335900089848175,0.9363893004483106,-0.8173883526262714,-1.4673129985984275,0.9150584282727067
-0.9389557694452779,0.08903662810016201,-0.8559419275553932,0.9696027172581025,-0.6501870933746663
-0.33772116385349005,0.6923882634794268,-1.188199992333421,0.36554225758016984,-0.04168951256714155
0.18032156872142535,1.0585260751589056,1.676548722012755,-1.46553771796243,0.15176109723711387
0.480938605806688,1.3371436596653372,1.3554282557403718,-1.1635072211639697,0.4560096187204335
1.4210249455045367,0.3541368483627178,0.07094809364755303,0.044613164272907395,1.4932018830083817
-0.3410154442620063,0.7057024432921308,-0.43752869138082046,-0.37217948162125547,-1.351769334128344
1.3698915915914158,-0.3774209633312593,2.0226328494413175,1.1258829408006625,1.3470984820628011
-0.8789131380601815,1.10128226567015,-0.7924309357913748,-0.2495810035347155,-0.7024614625881478
1.0296889846351454,-0.15010504787964218,1.1362026241553602,1.5529887658722468,1.234990389985931
-0.40553689405055116,1.3371436596653372,-0.4693985718754132,0.04283788363690969,-0.027486748295842217
0.5394162015726394,-0.13888084125791722,2.023001264396983,-1.341497124688573,0.8338159489500804
1.281532178214419,1.1355420405450893,-0.3957337460405249,0.35504060499988893,0.7706239475957608
-1.473866875746137,-1.667704496492498,-1.1077617809037645,-0.4458330721341033,-1.4730088887643136
1.3467147160539708,1.202318257209662,1.6310310258569642,1.544795778997245,0.9850229220610095
1.0460976789687082,1.1452532964286646,1.3099111272501522,1.242765816117773,0.6807738627368043
-1.4595934320467758,-0.7052539767488182,-1.1133913203726982,-1.3180175032604147,-1.1572349749392032
0.34411038472858774,1.1048003960965063,0.8133297742648871,0.4941638757733829,0.6682572296424852
-1.0723313465785274,0.47633815146221525,-1.1827078279327017,1.4342232922024967,-0.9452051895759
0.1322879950346109,0.5404089754251202,1.2092441531931437,-1.423696622527669,0.7770290947047435
-1.3643962212804612,0.7690106590225531,-0.9390237575498197,0.03717353709035404,-0.43218834986076377
-1.063779184195199,1.0706862100659507,-0.6179038589430078,0.33920349996982635,-0.1279392905365586
0.16914312245700525,0.22663995103346163,1.7220278169097087,1.3156420205837,1.0223361713542145
-0.4959661932464176,1.1736980502078045,-0.0031833532868072003,-1.0641416939330068,-1.1057049775116679
-0.26795724330675635,-0.8296545779956999,-0.3361924396154451,1.2476276824249588,0.7078261836107325
-0.9440951444784706,0.9803997948496246,-1.188199992333421,-0.5645531626898507,-0.934193973120933
0.6760770249529364,0.34738216593430665,1.7843540906267712,0.05598243520912703,1.033889531422067
-0.71488358822094,0.4302302177753382,-1.0919517270821175,0.031597821095851415,-0.5332018601453685
0.1451170357414979,-0.28382920138421447,1.334724924695552,1.4137976873872424,1.4932018830083817
-1.06485052946114,-0.07496947174362259,-0.7835577552489827,-1.0650392117522889,-0.6301466041289023
1.044337080324828,0.8893369057965891,0.7012515868969469,1.50046555323917,0.7061621039100695
-0.21553519283118128,1.2225780381551334,-0.4161623269489163,-0.20771908525941196,-1.5287582479409438
-1.3902891908924229,-1.649126719998252,-0.7349156277896716,1.04729914235013,1.4343040032862835
1.1953654089680132,0.9699568616968421,1.3730247531143769,-1.2463287346244003,-0.8167967537731131
-1.5851475510331399,1.227560589704844,-0.45756104172056056,1.4612027525987645,-0.04811187058446973
0.8543008367233715,-1.3826490052849945,0.08930866888030395,-1.0046866110752213,-0.9435771452145859
-0.9973642804470566,1.0042150366943705,-0.25490556815694354,1.4711918429503066,1.2861148553855737
0.6178082777432915,0.5570013040525598,0.9341091395071657,0.33847470055083784,-0.7705704053204435
-0.5836799297890306,1.3371436596653372,-0.03637532689657048,1.072016387993098,-0.20083071442538064
1.1309157010499558,-1.2706895840769887,-1.1047372587407638,-1.1990614205118522,-0.46278342864945116
-0.8877554564530354,0.9346592996747619,0.8495008567919603,1.004490051789636,1.0170362872655494
0.9067972861757481,1.2916986085190032,-1.174052630969625,-0.6866860634186193,-1.4501404321410176
-1.197523567684878,-0.725075391283729,1.0223561585333383,1.4275252784946504,0.6149787114952167
1.098966654726355,0.4530044727181212,-0.353946180352654,-1.2772186176907567,-0.8506446942391139
-1.0110324353280116,1.2655352799276685,1.028923481525785,1.2419932353417464,0.17995686783425122
0.7926713814473522,-0.04088355021399055,-0.8977970454462291,-0.2912090652931566,0.7626617511223897
-0.4309287334116283,1.0094199712041834,1.730467300955755,0.526700364999564,-1.473846307023503
-0.011879153683690902,1.3371436596653372,-1.0175546126604669,-1.4304779275976853,0.7378699754914755
-1.5721362328330892,-1.0959445737594231,0.42085261036984567,1.0727435856551217,-1.104638439035128
1.2617638386570065,-0.05242239939317332,-0.9704332612662228,-0.8584606160007723,1.4796230141646098
-1.5517269992326588,1.2226777638470732,0.8929777952195254,1.1365111321811638,-0.346567845727732
1.0530486690870167,-1.6516673253266072,0.6047280038436438,-1.141791134154067,-0.29579028769942967
0.4369310796073584,1.270496499778569,-0.22760426017883548,1.5529887658722468,-0.34021110429847123
-0.7655376001549544,1.1386708674681498,-1.188199992333421,0.3448683804353701,-0.3011036178102399
-1.526190081866819,0.6757479385296631,1.613238116195347,-1.3493713619275778,-0.229754183741004
0.9989095965111163,0.9211296697040698,-1.0908351289036975,1.0471651286840744,0.5622912804814416
-0.8047942202642475,1.3371436596653372,0.7999629530613998,-0.765015716430735,-1.2632009241002469
-0.9608604224794179,-0.7502249308890846,0.3406641717914878,0.5972513522715751,-0.18930263287916058
-0.6602433853941554,-0.44854937984568727,0.019544273184675977,0.29522138939210313,0.02462949569721442
-1.074829026514005,0.670795784650757,-0.0777138691176745,0.5219735801964104,-0.8871899067473978
1.3881432548646035,0.43824453701852145,-0.8069211671601357,-0.2553804315853033,1.1690398027283473
-1.3699952757060345,0.4550272510578467,0.8604142273970072,0.5316663455094623,-1.1209194204891555
0.49166959536777355,1.3371436596653372,-1.188199992333421,-0.03356912709844592,0.9185081397142226
0.49283872214608215,-0.9194210330535145,0.2333027176540985,0.9881569360194706,-0.3251956624487292
-0.3694369162426918,0.15665384699034712,0.28064432328994243,1.0833514881140687,-0.4332527369737604
-1.4841381859148421,1.0108273300332198,-0.8268184130939458,-1.343447530752723,-0.41905427542954726
-0.08334202800781237,1.2997411922631108,1.6340101347742744,1.4784520733528008,-0.663826738238534
-1.0541540822821407,-0.9848874834111101,-1.1356137244858724,-1.0788912059839637,0.11636202365646829
0.5907392728766044,0.6690337863289924,1.4785549181192885,1.1862649070220845,-1.110019537097549
-1.1991773506549224,-0.45593761372877634,-0.5486617155728227,-0.817686824623563,1.1292428042245213
0.8941792197102196,1.3371436596653372,0.6188537939157366,1.450519033643483,-1.2719026517915923
-0.9095240656438813,-0.27671401324590245,-1.188199992333421,-0.3616623453903145,0.5535895527900963
-0.8508222101049997,1.3371436596653372,1.03066848549145,1.0985655096848201,-1.4076816590933716
-1.5851475510331399,0.04764033338810014,-0.8960520414805638,-0.47854415286944846,0.41781108332920297
1.314931473164385,0.5298919146189703,1.4990504835650738,0.25160394548336806,-1.2180938225309257
1.1495420163134653,-1.3832606917483916,-0.5111163146980346,-0.74549457038161,0.5292490256623678
-0.05292666344884758,-0.17655742098986177,-1.188199992333421,-1.4673129985984275,-0.6877461359526819
-1.1546224605548392,0.33767250992814224,-0.49668512054867164,1.4486070697464888,0.7014705178632431
-0.5533878549630512,0.9410241453074074,-1.1389254854278668,0.844546610068556,0.0929729370557185
-0.2527702864565257,1.242700229643275,-1.188199992333421,0.5425161132700956,-0.2112761222684868
-0.6228132601653382,-1.6655078648074655,-0.32954337278075513,-1.3640317095074934,1.2978838896486313
1.0764110106452025,-0.23053781812283097,-0.8747044100125069,-1.3120990112754427,-0.41180579381163146
-1.4391634730170937,0.18241134001180798,0.8510119825423186,-1.01087473214927,1.3304087415355665
-0.8379293988465687,-0.420940295367457,0.2087716176631233,-1.4673129985984275,1.1762850573009482
0.3645398123370074,0.3832786154004975,-1.0757085444296957,-0.7265281661612976,-0.04070956647321559
-1.463880407374329,-0.6303845135554622,1.9886279787336902,-1.3807449755973067,1.1484765321415864
0.8726306189222008,1.207909828760419,-0.8771862438895037,0.7117534828199901,-1.3159980746547253
-0.9310731978531628,-0.6021445440849053,-1.0769341343977736,-1.1004278962138074,0.5094941299269632
1.0303670781665641,1.1000018304490373,1.4302079767569669,-1.2567855380096666,0.9291079078915532
-0.472719701523537,-0.40837699135288985,-0.17539265160823503,-1.4673129985984275,-0.30786212638119265
-0.7733367386087995,-0.7100530756887575,-0.49651311788061814,-1.4673129985984275,-0.0036130670569873256
-0.2952802675370943,-0.10670144030949268,-1.1387534827598131,-1.2559531583069539,0.6048845137505373
-0.9301458677494587,1.108895548975692,1.744318340891419,-1.4183691788627117,1.461797353686567
0.566668546775016,-0.9853578473698862,0.6404160029696822,1.1733600850756007,-1.152295982084909
-0.9364177014938223,0.5230209744320409,-0.9651846253955199,-0.33679079715973664,0.3689482388543456
1.2540167794869224,-1.1997286213982248,1.3309402983328031,-0.948274332531586,1.2825613406530982
-1.461083005846594,0.673773689804732,-0.47916525802676985,-0.5551770113368425,-0.33838567233206884
-0.8598484002548059,0.07042205442546712,-1.0204553837289603,-1.1592374710147748,0.27011190847545613
1.0186375480525505,0.9338545613371281,1.6276869079774152,-0.7031585320447229,1.4932018830083817
-0.8221839182490642,-1.6058276377522747,-0.32023365741416104,-1.4475873615767951,-1.3413045640133492
0.05322420238769409,0.8111050335781951,-0.8013495295794576,1.2323661420642513,1.132519868741696
-1.5707954569868745,-1.6796139839385171,0.2549392908978625,-0.7380971227991302,-1.0999914937818227
1.0115478569846337,-0.38471587103205146,-0.48607772168646585,-1.0226956985495659,1.0711576020808655
0.3325381553083828,0.11547246914380317,-1.188199992333421,-1.4445787280778941,-1.3379075609786415
-1.3563829200576807,0.783687401096791,1.8415560472332086,0.6392125794786968,0.8344430714229223
-0.9269738142314019,0.9080325399267646,-0.5765079824992192,-1.4645339502644823,-0.590329705512302
0.1976607816862698,1.2527613253873455,1.564605071385174,0.872832036310132,1.042745619447637
-0.7190164513822612,-1.331986753902031,-0.9300058222867886,-1.3755798433047834,-1.4807425028612202
1.0844184662340914,0.5061209360492568,1.343635571165639,0.6096446798272968,0.02751178500421216
-1.0766688069260528,-0.10816746131025866,-0.6175660979281832,0.9093243313204046,1.4932018830083817
-0.7760517698407902,0.19350808973313882,-0.2964461993213713,0.7075157678100917,1.1889533615250625
1.192371381573017,0.7110433673818621,1.9183498456961865,-1.2145285196830435,-1.479717915973773
-0.25110587506122445,-0.24560919662506708,0.40071183590601916,1.4950147742879218,0.5225141820903901
1.2930677395674857,0.5253466628948785,1.7471969730026384,-1.22390520495504,0.6384484742288362
-1.3950002403877442,0.43079230803900026,-0.7210032799723248,-0.09027559500461821,0.31996384233929787
0.30590757298356114,1.2051495069343139,2.023001264396983,1.0921750333142173,0.6663037915452625
-0.2953270326082267,1.0788167870676522,1.380760899517788,0.48811457363628474,1.2748013723527871
-1.5604231767782244,-1.5192348061850234,-0.7747277172899968,0.8333166919882747,-1.516503543358009
-0.8466308906047628,0.5924956509961687,1.4731132759544003,1.5529887658722468,0.6132377205478848
-1.5851475510331399,1.3371436596653372,0.7016279491706086,0.24469770337009664,-0.2995089195838453
0.5396282386565234,-0.9726393552464712,-1.188199992333421,1.1905682940675404,-1.2934716848347976
-0.06160636693526432,-0.3692877198672062,-0.545959627454226,0.7990198718577678,-0.6849741040272728
-1.5646926152041025,1.1390911019347207,1.0596410009109762,1.5529887658722468,-0.1296684489844028
1.0310876853990127,-0.6309919336790972,0.08232865301764297,-0.7783861157349904,-1.3754687549202
-0.17138152578456317,0.5757113370794326,1.1322999233538154,0.4297342697018864,-0.15847413114603617
-1.5851475510331399,1.3371436596653372,0.8111800247470032,1.5529887658722468,-0.8094536121592966
-1.575087746527056,0.9619617409825882,0.8111800247470032,0.9489283061943145,-0.24545806192456907
1.2593054838949813,0.28980844413667367,-1.008160315123774,0.43729029122388247,-0.7754776655624754
-0.486278915045604,0.04271484413270763,1.952827581824568,1.4719318546680489,1.3203806982198405
-1.3881305577226544,0.9477420305553697,0.9894667506729896,0.5658414321106437,0.4076340580881105
-1.5851475510331399,1.3371436596653372,0.20832032353407196,1.4617329341541165,-0.5051120442027339
-1.5851475510331399,1.03546810862194,0.529440789806455,1.1597029712746443,-0.20086352271941443
0.816434946059003,-1.429422487974766,0.4708968717898572,-1.4461863581515748,-1.1482132319208074
-0.9872688707163607,0.3806318848705587,-0.8135838579685328,0.3659944869632347,0.6772795105017669
-1.385848634819901,1.3211368861702517,1.7065208965030474,0.9579424604732757,-0.9150048859973892
-1.5851475510331399,0.7774393465151342,1.0642810992894234,1.1881864814608682,-0.6544984259152328
-0.5479078389003604,1.3371436596653372,0.004983083619523395,0.4218434809742453,0.25824767637561136
-1.5851475510331399,0.1304409221992777,0.34646287560061934,1.5529887658722468,-0.9587474852394381
0.7019482062931199,1.2003573407964876,1.6051466111444062,-1.0840776950360176,0.5744943523393394
-1.4518995150029788,-1.401101458048728,-1.0213727312919125,1.1665312612156284,-0.975675489279082
-1.3598690435420921,1.3371436596653372,1.8217098912008007,-1.1661618663736477,0.9266483615207936
-1.1542690654150323,-1.5837530625304828,-0.8211803586414451,0.9009765079388045,-0.7820264161879665
-1.534398414693072,0.5737258892126258,0.42557388492496534,0.5059389251406878,1.4756021157023749
0.6964495904862289,1.06347449599052,1.0420740221466702,1.0686414860682438,-1.4446851120363564
-1.5532601495760319,-1.408268375556656,-0.8600853185590986,0.7926726429252151,1.00082468728579
-0.7472296062279026,0.27641693691578084,1.611239365719385,0.22845909126085512,-1.2242063841980335
-0.5866282549554201,0.8290092616824934,-1.109440367997607,0.8046639294827691,1.0812087725546806
-0.8872452920406827,1.1306848127258908,-0.7883204693907951,1.1066944262812295,0.7769597132304753
-0.8813194135384459,-1.275913717115731,1.6898650209804111,-1.1064387561837505,-1.422601903106327
-1.5851475510331399,-0.37088653069306887,0.7742806272921653,-0.20034833362634574,-0.5098558008154828
-0.03221770825616,1.0771459817583031,-0.8632494864525984,1.175510710760352,0.414264022687357
-1.2131606383447575,-0.32214146574071784,1.1415426541830156,-0.348141380931367,-1.4279324441254828
-0.23666503366406008,0.64630059490642,-0.513744606292384,0.7781986330722056,0.9715306455998508
-0.48904815124640705,0.00308748054452387,2.0047440042981783,1.3182988014693306,0.23496293090670672
-0.6044797580176687,1.0497752790142825,-0.2280952908978662,-0.96637311839596,-1.2386108388015076
-0.9849683480694069,-0.6955480537899457,0.8012101143211809,0.35774490467547587,1.314197679396693
-0.7734690625032535,0.5722492023624548,0.8598976517272755,0.9508402700913092,-1.4626565273944505
-1.41518255710893,0.6348812032405773,-0.9481325193042324,1.5202990418964328,0.5340594745449558
-0.7111971189204274,1.152596200451781,1.4347634929653157,-1.4233196757219506,-0.24279843874429208
-1.5851475510331399,0.5342942439610303,0.4714032294793085,-0.5172292531645458,-0.8171952938694902
-1.5427178145632643,0.835970328296898,0.722901216448847,-0.21519875636608535,-0.5129467723861707
-0.9318602327434697,1.3371436596653372,0.40178075017646386,0.6908916661913193,-0.20869771306196544
-1.232477269828732,1.1847750681077354,0.6741268229114618,0.9929216290707915,-0.5129467723861707
-1.5822348310913625,-0.6760636800962441,0.38345593787469445,0.25779046480045176,1.42112475022066
1.4039636658601726,0.26141755289703067,1.4883250102640724,1.5529887658722468,-0.4645055951657802
0.8620957238071135,1.0399349663529025,-1.0118558179918549,-0.6664718905227199,0.6375449015406935
-0.6668967796052577,-0.49820210858243397,0.8207196446699064,1.339563193015157,-1.5073866025028266
-1.5088120751497853,-0.8736234755843332,-1.188199992333421,-0.8980555142518817,0.9926914574107344
1.4210249455045367,0.724253555162864,1.01377021676994,0.8564407233702452,-1.2056046193217824
0.6222530851859164,0.7371144363758403,-0.7947265753610399,1.453586398231094,1.3829208364205714
0.021018479594128565,1.3371436596653372,-0.15248621048184474,0.8495259385531613,0.7744232556130465
-0.2795985574911341,1.03546810862194,-0.014907917993004342,1.1515559014326335,0.4701747341297269
-1.5851475510331399,0.19152637491362395,0.30621254827937894,0.7600032078709549,-1.051068948968642
1.4210249455045367,0.39419777872922923,1.2927948749493268,1.5521622592784055,0.7061561876603257
-1.4224927880009368,1.2623403247382943,-0.037837065742239925,0.7998570568313752,-1.0570266124606398
-0.4568663424096706,-0.27994683220066535,0.9507803420002225,1.0723468838468373,0.756698171380648
-1.4113302843744029,0.2445356464582357,-0.23981417894835197,1.1765091392684168,-1.0514992216772814
-1.5459249418846703,0.8478872818375005,0.40242618593084295,0.5724486795904841,-0.4430016408697567
-1.1479850089816228,1.3371436596653372,0.21836630114642647,1.5529887658722468,-0.11091501297835656
-1.1998751067730673,-1.4062898604919627,-0.3320405336281726,1.061252047270588,0.32349691911811285
1.188103005989665,1.059688119451619,-0.8322180480065703,-1.272812184280565,-1.3440228118501785
-0.7932156137888882,1.1433745070559114,-1.188199992333421,-1.2524693369084927,1.3096072074363967
-0.04549207998132975,1.0558206824572376,0.7745928433562889,-0.6903337979464794,-1.2551451433127467
-1.5323811395792264,1.0409343564421842,-0.3290795900091388,-0.8561722392170474,1.3747203764347908
0.7512773850188055,1.104422825027557,1.0105430379980442,-1.0292009675026466,-1.1366711665115565
-1.5823506809266676,0.1187714163648794,-1.1788130744491527,-0.05693982905299713,1.1578586285534678
1.340693713145681,1.106253618077986,1.1547652883314345,-1.2934316016885612,-1.0548650299406128
-0.7768664386367661,1.311116853946391,-0.5232592489301573,0.9228890771363901,0.9979316411610761
1.1698699424606769,0.4048625615496432,2.023001264396983,-1.197959945639051,-1.549285483188356
-0.9188085265274413,0.8931680789029925,-1.1443745072451799,1.5529887658722468,0.8096432281787213
0.9283767093970129,0.18582494511399178,2.023001264396983,-1.4673129985984275,-0.8206175754258306
-0.8753265759570878,1.3371436596653372,0.09628073742496912,0.04283788363690969,0.8143681603604671
0.5899240726593654,-1.6379291780000402,-0.9941719001198952,-1.1459647788853728,-1.3560650692832223
-0.883831973269284,0.7176716594948198,1.5931013153905185,1.3539806074554097,1.333181849142747
0.8841560832712737,1.3255509479466578,-1.188199992333421,0.032881362343652125,-1.549285483188356
-1.523545198241527,-1.2650366838921507,1.6578089461784868,-1.4259492267391798,0.8350879426449953
0.651941465457278,-0.4252114347618311,-0.06678063021763797,1.4250302750624655,-1.3410221975483045
0.35132389695075256,-0.12353588371843391,-0.3879005288244499,1.1230003121829932,-1.0367731382240992
-1.1210759619150585,1.0719933099105767,0.4617404261274693,-1.328742867896781,1.492055744080744
0.5339207742933256,-0.05973223928313301,-1.188199992333421,0.5411215168727347,-1.4619315178803933
-1.3792738909557027,0.6022794346557006,1.9789106794870226,-0.7640722815784621,-0.1347972996713839
-0.7780392853639151,1.2056305367424953,1.3366708822733986,-1.3681322073374063,-0.3246357700866123
0.8052974192318236,-1.1353351554908078,-0.4798583776891242,1.2165776236621215,-0.33221502384929463
-1.3874673439865957,0.25058264977860134,0.6300419146572124,0.09768631346390257,0.6571088637616397
-0.7862332698160707,0.8539342851578664,-0.012198450221982734,-0.50637414621403,0.048611282954114717
0.6154046593713415,-0.03192956963819561,-0.633574834699727,-1.3779766056431273,-1.407588612620128
-1.2694912922087238,0.4914585928717161,1.8922786690107252,1.5529887658722468,0.18671268720077497
0.9415612709287583,1.220095561706037,-0.8535202662289365,-1.4673129985984275,-1.425264215491033
-0.8621425458466054,1.0605099231483015,0.43391856882063173,0.04283788363690969,0.40022852693154115
1.3284168191309136,0.9003611277419635,-0.4930492225655598,-1.4439177363704159,-0.9908028020330703
-1.3737646467235545,0.8081671253594904,1.938091551263506,1.1594872680033832,1.2604162800212022
1.1148359564781076,0.6062369980775573,-0.8803140811864509,-0.07402844019156438,-1.4559448109805626
-0.6888678602972561,1.3371436596653372,1.0464070134511343,1.2133778471654197,0.36954793144201187
1.4210249455045367,-0.6217227772533739,-1.0726425826800021,-1.1332372180429944,-0.02764810056158183
-0.6832959083560893,1.3371436596653372,1.1751984105643951,0.9809741238702754,-0.46695976312768195
-0.08206130276430151,1.3009565658028508,0.5329580456851999,0.3769136641923429,-0.5661311683784245
0.2185562657422239,1.1730772977724129,0.21183814707838797,0.0748837013128706,-0.26188264689510493
0.9947304996999253,0.5273459763659123,1.7085281619625767,-1.2869396807101874,0.7916212557773615
-1.109590354160701,1.3371436596653372,-0.5393128312818205,0.8272716612030826,-1.3381200081285323
0.9143811990181316,1.169611963300613,1.2192975104579227,-0.7319405029453897,1.4932018830083817
-1.5851475510331399,1.109161661918356,-0.38796467503398796,1.3813242006016775,-1.2508284323633223
-1.3956634541238029,1.3187866662537817,-0.33517575057754445,1.3858876061944203,-1.179029901154444
-0.927379820076233,-1.2181186789429368,-0.5483733414626868,-1.2535628029964694,-1.3005512844145724
-1.528613894246758,-0.6147675768561421,-0.44295727723757283,-0.6495023433185368,-1.3482884279154517
-1.1594350115113683,0.7118790366827717,1.2035300315541106,0.44678390475430996,1.0068269915713088
-1.0204428430508712,1.039326479644327,-0.8033136524555805,0.7363997172375182,-1.5416045774982579
-0.765338848602642,1.044680736045815,0.3300380399654347,1.0436316528197043,1.249986469563784
-0.5076144159072128,-0.8842530611017094,0.7965666099493064,1.1519969185169445,-0.780586616136682
-0.8657934099225059,-0.2699012019382321,-1.049100923779513,0.7779327414160471,-1.5275120706085472
0.3560987169976181,-0.21050841952451568,1.758941973669396,1.4031134345129732,0.5348877495090866
-1.1700868193042864,0.7162717667603669,-0.12056524008585008,-1.2208874948333384,-1.0416680281257578
-0.5629672546475027,0.5924439216265528,-1.188199992333421,1.448370543634685,-1.4781312853606652
-0.6236980765680129,0.0064754876081345725,1.2864211259166363,-1.4249449251222444,1.4587859825669773
0.1577765530655301,0.9009242845905662,-0.8476091646367204,1.5529887658722468,-0.9901111386539325
-1.1727768737369224,0.5642295501945687,1.2472800171213911,-1.3758553455027307,-0.2137485768205057
-1.5851475510331399,1.1675811855738334,0.6050396522421961,-0.7717948858247982,-0.8222456197871446
-1.5851475510331399,0.8300145179889482,-0.6794405098506229,0.4363254996120787,-1.549285483188356
-0.7091341415779753,1.0936684490721378,1.0904731887415362,0.7275969948779119,1.4362918632001973
-1.5712631076981978,1.0305788832545257,-0.799428549286741,1.5529887658722468,-1.015089007231333
-1.1768342750789165,0.8410131418957496,0.6756844972386526,-0.3188281606373715,-1.2055782651183784
-1.3517462695391609,-0.299467469782345,-1.1292286221417596,1.3702218891595928,-0.8977477233356361
-1.2432188878150752,0.09311258245041817,2.023001264396983,1.2581213262204158,-0.9474420698199388
-1.5851475510331399,0.6964642178296833,1.380760899517788,1.5529887658722468,-1.5473395748635344
-1.2387581377345644,1.0454129466074926,-1.0084396065847718,-0.892436550819329,1.299166102320377
-1.3807358308498516,0.6302234268052589,1.6332046173288355,0.9692033458548768,-1.4166915696122795
-1.290885249409248,1.3371436596653372,-0.46443660711813284,0.5630666551286049,0.7857743875078386
-1.5851475510331399,0.7592530066940645,-0.29249184095285324,1.1671265808875493,0.17727680670031368
-1.5851475510331399,1.060929091029932,-0.5010158411908513,1.4691570776860097,-0.12697225262389164
-0.9637965249567614,1.2032648513443873,1.3738751161399354,-1.2308546945063612,-0.9552337707325119
-1.5774153716584163,-1.1472841065796264,0.1056001031062723,0.06170444500641593,-1.536586522033751
-1.5851475510331399,-0.24225692015696415,-0.8577601603797348,0.9677948675638207,-0.623839881902021
-1.5851475510331399,0.36109471522230063,-0.21552036316611084,1.5529887658722468,-1.2323374627095458
-1.5070610420886366,0.765156021047458,-0.7969154938033317,-0.8379250238739345,-1.2327908625762747
-1.5851475510331399,1.3371436596653372,-0.15467512892413665,-0.23386456419600196,-1.3505145513417747
-0.16072334093649035,-1.0826607916175244,-1.1189896382352196,0.6834787349581797,1.0623633657571625
-1.33000635709651,-0.29120250307813583,1.878064323109535,0.05515699645326164,0.11169248908595963
-1.5779627355591699,1.051366090453091,0.7266177229430598,0.09512777367211314,-0.9311051529137883
-1.5777735495895888,1.3371436596653372,-0.813206360363729,1.4317549847197253,-0.9175935141807408
0.09538078832845559,-0.8268126624216432,1.5109033406903472,0.5189617431835795,0.5244643931422979
-1.5033719156818095,1.0557449549264593,-0.17203888341397663,0.9692583395106684,-0.820942969161739
-1.0599274428819345,1.296423046513105,-1.073007591642241,0.9464925677698273,0.5708015368174422
-1.5851475510331399,-0.21073666870179025,0.853713502995344,1.5529887658722468,-1.2546906677642464
-0.8029868565492349,0.4400635976346049,-1.188199992333421,-0.3030609989947725,1.4932018830083817
-1.3184622930032368,0.6734377155484633,1.4661883236521394,0.06932880815891043,-1.483542502512691
-1.5851475510331399,0.9080730701545051,-0.4369082329115713,1.1405747896008862,1.3910411581143673
-1.5851475510331399,1.3371436596653372,-0.28954338597638446,1.5529887658722468,0.4782950558235234
-1.5851475510331399,1.3371436596653372,-0.281962779939464,1.3138982411680098,0.1740459964993181
-1.5181076958798654,-1.3973300136989946,0.07257275251213795,1.5190021526739248,-1.1772614803219363
-1.4199775711637843,1.1590122421615716,-1.0068575226380219,-0.8298153283611027,-1.0468345276747448
-1.5851475510331399,1.0099058006445973,-0.04349725915201477,0.07627562811529022,-1.549285483188356
-0.7208891799126068,-0.22539954517180139,-0.8387785590121634,0.8842824629325685,0.9278219303336073
-1.5851475510331399,0.679627641250861,0.1245817044738437,1.5529887658722468,0.015075290201877332
-1.5851475510331399,1.3371436596653372,-1.1598984576189753,0.6570860515300209,-1.2019193335722862
-0.3847923336332513,-1.6796139839385171,1.7980507255270868,0.46468941194493,-1.426522763163803
0.18052935443520668,1.0038406653802425,-1.188199992333421,1.2791726840899227,0.7969942862264956
-0.42070525115658125,1.3371436596653372,-0.545959627454226,1.5529887658722468,0.18849670541897098
-1.5467162281450801,-1.2493989487864903,1.1014824948281046,-0.8287907378226127,-0.671888973116664
-1.5513985808922066,0.8427122117060226,-0.14752083973113764,1.5529887658722468,-0.7198971884239863
-1.5156945119251837,1.1578688631053178,-1.1598768863272724,-0.9366941635949996,-0.9956379915964051
-0.365534158488192,-0.30200594194081937,1.1855889611784278,0.8560029097998637,-0.5192093916604166
-0.8282027954723028,0.5149341274129012,-0.8572288254051535,1.2409152529044294,-1.3333789407202121
-1.5851475510331399,0.3977105762308828,0.6766665586767141,1.086193004969641,1.082844884529282
-1.0121117519128957,0.35692756785962887,0.12193808590907369,0.7398002472738091,-1.383061992545913
1.2644034080696702,-0.7649853998811547,1.280636046081212,0.5243970384841675,-1.510980993142623
-0.8040587332364388,1.2149706210667641,-0.5065829374469603,-0.7147376331433327,1.221452397049479
-0.006127581355674617,-0.7422324766371822,-0.40547545490675163,1.3648805636009405,-1.2497446829784369
0.2944894557295878,-0.44055692559378484,-0.08435498863436865,1.06285006680248,-0.98622308689049
-0.10931417938794086,1.3219794882732747,0.9312679733236409,-0.39420524164435466,1.3865921383070368
0.4919198947825842,0.7186278528940097,0.8062089773405848,-0.9982657013222873,0.7780945574995117
-1.2502283342722988,-0.8321386543222069,-0.18752536786007734,1.1382276817284513,-1.187416454086711
1.2353128767190342,0.594008068441848,1.4134709250576587,-0.46944243587641105,0.9974400545914556
0.9346953082125089,0.3641952776444374,1.092351026450847,-0.360083013023012,0.6931909952672503
-1.5851475510331399,0.7482815807032467,-0.3778568218743799,-1.3511311589129154,-1.369685889716087
-0.3768008206822482,0.7649896337967343,0.23969519965063588,-0.3564817294471314,0.7257427391984752
-0.4109350712387604,0.017778621515459066,-0.49204842816365096,-0.6982833177628303,-1.4443618696639908
-1.5851475510331399,1.3371436596653372,-1.188199992333421,-1.4673129985984275,0.07688181343437803
0.49221908495357847,0.4138288078522542,1.3132688691034087,1.2847959188743812,-0.5298812305164444
-0.301258225323092,1.1238842671450366,-0.6175070607087852,-0.9783371750851123,0.9248035672825022
-0.90249283091488,1.3371436596653372,-1.188199992333421,-1.4673129985984275,0.3163059864749776
-0.5805126590623397,-1.6157116803962168,2.023001264396983,1.3896426584389228,-1.010359234481615
-1.5851475510331399,1.238929318586012,0.2419539409581773,-0.08909296444560037,0.9208041824556993
1.4168033349923166,-0.6286182488939356,-0.5753243997834052,-0.5249566626817764,-1.4427897607548001
-1.3883160237433951,0.5964094844354636,-0.45642514291272174,-0.2662061729914644,1.4932018830083817
0.7954714400814017,0.593468376461937,-0.4429907695062697,-0.5960490438078935,-0.2959989699631197
-1.1509880705380875,0.665734305815446,-0.09022635363660535,-1.4623304665998926,-1.5166417684656595
0.07707332582266654,0.26787732458938357,-0.7634504730538533,0.412819182234507,0.7936698917113709
-1.5201265652574993,1.1004817936722784,-0.25645699816285217,-1.0824156052255334,-0.6375763381253325
1.0805890446138675,-1.4909473736846124,-1.1733663232941243,-0.28742838493721723,0.9495227343938334
-1.0722468505977312,0.7306397324943199,1.723853429386475,-0.8804703584542234,-0.7739286838113737
0.18503261821674677,1.3371436596653372,-0.20286766525110997,-1.4673129985984275,0.03727736196766816
-1.579269500444561,-0.5652311058779139,0.7852297608281937,0.7947939030656114,-1.549285483188356
-1.2786519319380358,-0.2635555548345166,0.4641092945558106,0.4927639401861394,-1.549285483188356
1.3823752084774388,1.3371436596653372,-0.06783137918980647,-0.9628401764505778,0.9298313038829531
-1.5029382759313095,-1.1884062889619706,-1.188199992333421,-1.420816663504941,-0.5902022372223676
1.4210249455045367,0.7660727508038481,1.1047431658686973,1.1890898723890209,1.3816682049975446
-1.5421895818279738,1.2650606496291303,-0.43212848880262483,-0.762576774492318,-1.1822746952184706
1.0688069037948298,-1.5779375081422131,1.7995788812445794,1.1663967136305844,0.22633650093937333
-0.7348969129805341,0.23211686470311108,-0.12714164572743494,-0.6457846654032133,-0.678646943846731
0.6262254591258517,1.3242763789427179,-0.2540103595512655,1.240373859050324,1.2218832075990045
0.32560842204058904,1.0226008278993204,0.0671101067211176,0.9383433622518634,0.9176346861156848
-0.149324886269243,-0.6136289974321207,-0.17681635686063854,0.1529159614485201,0.9081186673232396
-0.9901141001577539,0.8947503576622768,0.19140445717985655,-1.3572354547058056,-0.6131250157751295
0.5528638166295042,1.319377021018368,-0.796263246062099,1.1621173529396007,-0.20123409508973
-1.277932387548113,-0.81346008555108,2.016403287463695,-1.1413672024773807,1.2951021765872779
-0.5746000660916746,1.2340320938315432,0.5909814143730682,1.0036656808717472,-1.437009584755116
-1.5851475510331399,-0.5760222790137812,0.6452076680556225,0.22634690774325927,0.38848315766745845
1.363746236107615,1.1763026506325918,-0.2737634184300077,-0.6322583617543831,-1.5092491454903496
-1.4520344960037472,-1.3002163882783018,0.49048871364639735,0.8487533577771347,0.4581593687409729
-1.5851475510331399,-0.9985408372349042,0.8116086122532095,0.5467228609786742,0.15391084725765355
1.3039926978895182,0.8470126821862615,-1.188199992333421,-0.9555868869949308,-1.3488273444830226
-1.1453438453051705,-1.496509614149505,1.9155166268306578,1.0814774324652412,0.6792888840511128
-0.8358579187639107,0.92965541642624,-1.020038149534177,-1.1920622764946216,-1.5348815664257678
-1.4332174005068679,-1.4623911617791867,0.8328495225938933,0.23483301614282154,0.9292837818612097
0.09670243300920725,1.25424441174716,-0.2842209535814341,-0.08163144658452798,-1.261663237007747
-1.4088575812382798,-1.6756494877145467,1.1294053966066042,0.17179533687374463,0.8954283116228073
-0.8821904129882859,1.1909447286962622,-0.4082763168347257,1.4861458459737706,-1.0276293053246273
-0.052811876456068295,-1.4257715677233127,1.1398998300201544,-1.4264489749122007,1.2397561980749974
-1.3225425454595345,0.45067451791552166,-0.4887332612282297,1.4996112828579378,-1.0524872353844945
-1.5851475510331399,0.148998433579654,-0.1676127949558466,1.1975807860594776,-0.748238713901175
0.9799718683875662,1.3072382178101345,0.8246274544615914,-0.9613681617999175,1.0646739302025559
-0.35929846138970356,-1.345954216990813,-0.7501699370171784,1.4465135733934822,-1.3321053335026398
-1.5316031388503883,0.22769107049235948,1.357290766479262,-1.0378189538923115,0.5313234779588952
-0.8136014648537525,0.08109856968022701,0.11060861644038572,1.0763923880209585,-0.47699372269315177
-0.8878585521780319,0.27641587033084025,1.163575457995431,0.24861346523006836,0.3774547303041459
-1.5851475510331399,0.42909910444590027,0.2002151945094239,-0.05341649764940394,-0.5352913719866985
0.9391969777302605,-1.097992416845251,1.3601512332922052,1.161662987880583,0.7563684749176532
0.6385799406449978,-0.7963168658018537,1.0390307670198222,1.2348387208989293,0.8038049653633709
-1.2580965574903167,1.1256435990044502,-0.8957420960787248,-1.3227651109041108,-1.4975263655434703
-1.0724546363115126,-1.6127572401109334,1.9025045966091294,1.249139207080751,0.7037950661716674
-1.4231825728001388,0.8237973943705669,-0.7249411760392799,-1.0500280793970798,-0.22593443777005817
-0.7162307411223092,-1.42072608766211,1.663801223947375,1.161518295834762,1.3745240645114745
-0.9512374462514113,1.274281276440059,-0.5747397042451374,-0.788305262699069,-0.5494758496678807
-1.5524720518431991,0.6709296410607942,0.06750009296848639,-0.18424480302113658,-0.5025470810183575
1.291992142931442,-1.5477771524862223,2.023001264396983,0.7234607244757847,0.24466020207766626
-1.5851475510331399,1.0172241732140812,-0.5664483809131575,-1.1067863374451141,-1.4089154660853949
-1.5851475510331399,1.1264851345225324,1.0642271710601658,0.8947691657811783,0.9841306440314685
-1.5851475510331399,0.8794491301053554,0.42198680618097084,0.29070870610324556,0.3756330632239439
-1.5851475510331399,1.3371436596653372,-0.5413734573050363,1.1528874953893786,-0.5371130390669003
-1.5851475510331399,0.7337920242860724,-0.3351751829119733,0.5488270357114462,-1.1456106198744251
-1.5851475510331399,0.7864109257424482,-0.5957853376293512,0.24679707283197388,-1.4498591413577446
-1.2314659751654953,0.9749404798314941,1.8949779188014664,-1.2483917975950751,1.4731898993295656
-1.5851475510331399,1.3371436596653372,1.2527381215878424,-0.6443313379171426,0.8646923185220406
-1.188052046516789,-1.109314749281505,-1.1183283078448487,0.4259487840750526,0.16926297750190586
-1.5851475510331399,0.7007401568562897,0.8083927867927365,0.4018818517597976,-1.549285483188356
-1.5851475510331399,1.0024157078996871,0.4872728881859247,0.7039123485582581,-1.2450369617050365
-1.5851475510331399,1.2406155893769986,0.1661524219135414,0.4018818517597976,-1.3542208128858169
-1.5851475510331399,0.9389395050411306,-0.15496747669327057,0.09985188888032534,-1.3123407566312908
-1.2664159573605092,-0.5026849650875044,-1.1736779716926766,0.6817434982463024,-0.14576441317371547
-1.4557900500684327,1.2221103406587084,1.7136808623517579,-0.38116266859889697,-1.2923841705637116
-1.5851475510331399,-0.29747188935860336,-0.21303966462025614,0.650675286237864,-1.549285483188356
-1.4030948490637434,1.1230054011540354,-0.9536190070492403,1.3663242805452223,1.3767308256659079
-1.5851475510331399,0.5196537657747706,-0.3113792098356164,0.7622638208672898,0.7682332448583833
-0.10073916589030933,-1.549093318302843,0.11452323821892417,0.604506243484187,-1.0179944236964205
-1.0025908085673596,-0.6440661318801806,-0.8488370252670829,1.5105966660415915,-1.549285483188356
-1.5851475510331399,0.26096105454248153,0.11452323821892417,0.6371564574548693,-1.0711675250300723
-1.5851475510331399,0.16347945731730373,-0.2065966603878878,0.536683582242235,-1.3015484414168441
-1.4074535662617835,-0.21572028683644223,-0.5496755662828677,1.1671351235913616,-0.002341073362072339
-1.5730513402477473,0.8827987401111068,1.7256796095288127,-0.8070773204076513,-1.2004413468181103
-1.133782244310223,-0.9776123075317177,-1.1549177598978475,0.8267110462653992,-1.4023145448939813
-1.5851475510331399,0.5307665142702094,0.4506828684673544,1.5529887658722468,-1.1587748133952462
-1.5851475510331399,0.07828971823932687,-0.5126773950186525,0.6468983433148424,-1.549285483188356
-1.5851475510331399,-0.06801747110121245,-0.32251283468226316,0.9489283061943145,-1.2967638088967743
-1.5851475510331399,0.23365807994218504,-0.27495267780153293,1.1989716450239207,-1.2692602395196606
-1.2515255335749587,0.7559268615570045,-1.1140912520219062,-1.3765307530228923,-1.0553845842362948
-1.5103728593988275,-0.767862512758249,1.818010982339293,1.1139658689824778,-0.3422306968246473
-0.9930156602530111,0.506879811234448,0.7335171302946201,0.9021265694395377,-0.8533554123035418
-0.6230460226784743,0.9269969534619552,-0.4378221744810967,0.49252901583130043,-0.17106875116879602
-0.8668360584402521,-1.341629748349412,-0.04079290037113354,0.8026996415249242,-0.7809544993025687
0.8588104775600659,1.1477315065379987,-0.6322623918992656,-1.2170251248721937,1.13917833890789
-1.3545287912715356,0.908810080348415,-1.188199992333421,-0.9820719384080604,-1.549285483188356
-0.23948316062104705,1.2476155863417324,-1.188199992333421,-1.1147876474033271,0.8859246631707356
-1.441952371804623,0.6607826852290103,-1.188199992333421,-1.4673129985984275,-0.33107049844431385
-0.5401007291275725,1.3371436596653372,-1.188199992333421,-0.7395734088016965,-0.8254468487394215
-0.2691258386638022,-1.3218787284205766,0.27446358055143755,-0.6262848761136192,0.5026888291989458
-0.7612947327922196,0.8462895375965784,-1.188199992333421,-0.9202745529487346,0.28088539925889966
-1.1457530396775786,0.6749714646929533,-1.0226613321383862,-0.653666377508054,-0.8076416262150391
-0.8152919158909343,0.0009180467754745966,-0.8239414839794398,-0.483715692189831,0.17171499410026433
-0.5146748788056718,0.3025935978188721,-1.1450613825862517,-0.7857461889882914,0.37278035516566504
-0.5478525710890222,0.6042691488622692,-1.188199992333421,-1.0877761518677636,0.06853183368234543
-0.20663388667814878,1.2333996089618058,-0.6788802239319138,-0.997365513908064,-0.552474850447097
-1.394751003815459,-0.5730950366444817,-0.7380695777028906,-1.194404579096162,0.5534540168868749
1.4210249455045367,1.0568702020387242,-1.1132857345764673,0.9182802884296445,-0.7067399868346804
-1.1387218049485774,1.3371436596653372,-1.188199992333421,-0.9096100550770311,0.05285054481598409
0.22997385157493452,-0.12933170628530344,-1.188199992333421,-1.4673129985984275,-1.1809897933422964
-1.0396011109985113,0.40327228340330473,-0.496092477692408,0.4418392810039421,-0.12498815759617811
0.3594647392766215,0.9252706857356987,-0.6944467492235443,-1.4673129985984275,-0.8862024308810705
-0.6563533817499645,0.9720153706320753,-1.145571713934701,0.6811358984376511,0.3868733998962614
-1.2297500159076957,1.1184878806383978,-0.34665394842586944,-0.7640210253555881,-1.3034427170166287
1.4210249455045367,0.41051546173448106,-0.17579115283917093,-1.3867494285393904,1.3064226515515798
0.819790339912749,1.0138670971137458,-0.818031517718366,-1.4673129985984275,0.6979250707440549
0.5191733028274866,1.3155426481571433,-1.139151416325178,-1.1652830357189554,0.39367601141984954
0.2185562657422239,1.2802413530877712,-1.188199992333421,-0.9991445319769796,0.0894274899365302
-1.5755431745493336,-0.8695501876964284,-0.9804031716920454,-0.40773688448306766,-1.0906443570275186
1.387560285739238,0.7688149406859646,0.12226619660918894,-1.3730180999990642,0.4761119596680643
-1.168065292820338,-0.24652912613627898,-0.6829640100506503,1.532654461203987,0.028250240540414667
1.3944320940893788,0.7114268046679845,-0.03752030835354724,0.03782865568896129,-0.45090736405011905
0.7931974884975911,1.3147779067547791,-0.6797606732327424,-0.5662318039889711,-1.034347475829145
0.04113915144882166,-1.4638246519392664,-1.0251363540285294,-0.48314279711541736,0.08136471721751443
-0.5600954541429661,-0.8604730165600014,-1.188199992333421,-1.0872032567933498,0.1417508026706192
0.19037712185740624,0.9495818895777934,0.4174006360317809,0.7249781222404479,-1.468673891224772
-1.0932597787527794,1.3371436596653372,-1.188199992333421,-0.7793204739644628,0.05256979187359676
1.0277041262183346,-1.3805531658768424,1.9380183224048293,1.0018113802254855,-0.78659160962663
-1.5851475510331399,1.2404540017585073,0.17231272869148526,-0.6587797196587152,1.1060839135228935
1.3407394153742878,-0.35207943843660733,-0.18129296755459953,0.7745423558405331,-1.549285483188356
-1.1480599393796869,0.6881123244528204,-0.963376610551459,-0.5696093755087667,-0.40845612077487414
-0.5468253337878992,1.2914639598320856,-0.321136813337835,0.03445108416916592,0.20004146003265078
0.8853602838529318,-1.1469188012374931,-0.6508358417211918,-1.4673129985984275,-0.9212271672052001
-1.5478152073166904,0.9174776828676765,0.7114258569283777,1.414004314035703,0.8125836043013854
0.896044508342885,0.6797188342632765,-1.188199992333421,-1.2549616707457367,-0.3707201285454308
-1.3815164886850042,0.15310585218565595,0.8738974200425769,0.8247339442518357,-0.6524938929338591
-1.4601694926957245,0.010212267947300424,-0.39202291620202334,-0.47872675316343677,-1.2036866787230225
-1.1004042062107715,0.8464815228858747,-1.188199992333421,1.4630527818931198,-1.272481368584712
-1.0442324473044027,1.2503460437895029,1.010489677434358,-1.1035256941837497,-0.9426891699121314
-0.3789180029935128,-1.390111900113921,-0.8288705241335944,1.1737498459370377,-0.47631281613173
-0.6392139831799585,0.5256858369059688,0.9056844213637837,-1.2877592463571816,-0.7849614139017727
-1.3843558724925058,0.5308433083859281,-0.3129209895268158,0.9349903510055281,-0.46586902181128115
-1.0388890065062688,1.2743532709235452,-0.21258155850435115,-1.3428212437794824,-1.532011647459143
-1.0467657324644923,-1.3528096916961045,-0.10889346827776852,1.1399789360099768,1.231912326596502
-1.1834047675730115,1.0725346017678983,-0.9792241303008007,-1.007700583764005,-0.6384035374076917
-1.3538900229135689,-1.5946935575580254,1.2456996361713548,0.6535579148555332,-1.23640838037416
-1.2708411022164077,1.0928151811197098,-1.1677941180478753,-0.8404061454124249,-0.9304086489666783
-0.7262932027347074,-1.2605559605569612,1.5707228032452827,1.4510257227633514,-1.3029807116957273
-1.5851475510331399,0.4719400884599173,-0.4994536255390911,-1.189963974870721,-0.581552142256059
0.9010589993793037,1.3216477803567683,-0.7049678629189378,0.29261533081035745,-0.9367777607363124
-0.0007926432977467732,0.7337920242860724,-0.6335243124638961,0.02375294940120124,-1.549285483188356
-1.3401724458551674,-0.25802104557807815,-0.7301557519757147,0.8898485683852826,1.1299204837406285
-1.5851475510331399,0.04365503875778946,-0.7718962014211815,0.5975305919024403,0.8256714244164232
-0.619133699341243,1.3371436596653372,-0.743736015433948,0.2955006290229683,-0.6955722586819458
-0.9197512678477684,1.03546810862194,-1.06485591404076,-0.006529867775492125,-0.9998207801652653
-1.5209858734395563,0.6912443511307026,-0.4602296375704604,0.4168294477554024,-1.549285483188356
-1.320239365706266,1.3371436596653372,-1.1547928734721982,0.4514241946813639,-1.0097278092816866
-1.5851475510331399,-0.17123516213658993,0.16898677611021237,0.953435116374301,-1.549285483188356
-0.43524599975116485,1.3371436596653372,-1.188199992333421,0.33078519928177436,-0.049573184271186205
-0.7358630368364274,1.03546810862194,-0.8670800937266091,0.02875470248331392,-0.3538222435953915
-1.1755710867370803,-1.5950289985218236,1.3016430782065889,-0.09005722213841569,-1.273392471045256
-1.2807611429303571,-0.21910082780546922,-0.3778108409631182,1.4151709270250727,-1.3790367913565922
0.3843841451350095,0.13169469279687737,-0.33703031399843847,-1.274813846567589,0.8433454137646705
-0.8586303827203134,0.07941016571935942,-1.1299824820202253,0.7694952196444177,-1.5089076165278668
-0.9965007208948969,-0.6812648815587652,1.68565861909831,-0.00891061254418769,1.2812511602552912
0.4982193624326169,-0.030901915047989694,-0.9907704480176617,1.0384494351195561,-1.477358408007772
-1.0048674172574843,1.3371436596653372,-0.2751973416626916,-0.005035962446313058,-0.4855529225497602
-1.1632543361275978,0.24272245205932558,-0.9278696967426121,1.0872773944348175,-0.5738583283847015
-1.5851475510331399,1.3371436596653372,0.4269482032726802,-0.22581947288075074,-1.549285483188356
1.2465348995270098,-0.861484139083629,-0.9655905062788807,1.4465925934037465,0.3176441345988458
-0.496153253530947,0.9631365842945881,1.6971447642646311,-0.9798038505458897,-1.1460053950846016
-1.5851475510331399,1.033667179949846,-0.3710243990602138,1.422525127169503,-1.022272947942953
-1.5559618952764507,1.1670804239442523,-0.6921448653325969,1.1204946303710424,-1.3265214694262724
0.5930626466378615,-0.7862669691996584,-0.013942886522076826,-1.4673129985984275,-0.9721585477268411
-1.099118166754632,1.3371436596653372,-0.6274576705051893,0.6434844653038444,-1.3498105176222635
-0.8569006065096794,-0.8949375757435233,0.8059785051187046,-0.41463084645960896,-1.2233657388935293
-1.4717826415531703,-0.06135931460991974,-0.8463551913900859,1.010644002048435,-1.2858182090298749
-0.6618620945608501,1.161111814617016,1.9755188776994985,-0.83933990919285,-1.549285483188356
-0.3122299487162567,-0.9424944650721179,0.4661966008608696,1.1676039044630626,1.138227436221797
-0.9433272407536271,1.2447262077378223,-0.6611611107945441,-0.5610752144002602,0.22657691581532577
-1.5851475510331399,-0.3097680138455663,-1.0850489137371309,1.2511056307145492,-1.549285483188356
1.1625304833992127,1.24549894852724,1.8779797409394368,-1.1750596263131659,1.0687948670695495
-1.5504244857173703,-1.2683873604828426,-0.632573472632247,1.1008453437647328,-1.549285483188356
0.817506291324944,1.1208727645654348,-0.5699287385297788,-1.1194877362570674,0.8405179842280243
-1.1374442682326438,-1.593597641531625,-0.1609631604555855,1.1905426659561036,-0.6444165985109267
-0.08083106254076279,1.2659501814695369,-0.7198906554529025,-0.33920037355379884,0.6018042989975653
-1.2177111986186928,-1.622213582193721,-0.08952301599397047,0.8662066355846904,-1.549285483188356
-1.5183282357039556,-1.3205374978578532,-0.41064291460078245,0.56417613878623,-1.2450369617050365
0.8828769522915514,0.8716481278502791,-0.7195330261430883,-0.38382692435036386,-0.8732205654205354
-0.8755428644110751,1.0554681761343907,-0.6798236841111381,1.0770875505436859,-1.3401110950877608
-0.13760864168680084,-1.6796139839385171,-0.8573713094635081,-0.015573921517796598,-0.4456107070067685
-1.5733319306745412,0.5723334625727569,2.020689730191326,0.37065613364981925,-1.085779048374579
1.0198050805670704,-0.1831313172708518,-0.38398250105248455,-1.178307455518812,-0.27482363644831953
-1.3805865014749858,0.9866915794138432,-0.8640084553212042,0.7041205769636832,-1.245217676242665
-1.5851475510331399,1.2325468743018477,-0.5428879890488211,0.40209008016522285,-1.4223082419826807
-0.3792533298103822,-0.27583194750007944,-1.188199992333421,0.6100824933976781,-0.9681349600601772
-0.42175002535937905,-0.058475802223182376,1.6968382248562186,-1.4424734855071457,-0.6549034201022396
0.2396845123113142,1.0748688229102599,-0.6372447926171069,0.7060982128962352,0.4478231425976838
-0.3615495618592107,1.3371436596653372,-1.188199992333421,0.10203828713729088,-0.03462604821394084
-1.5851475510331399,-0.7923657018896401,-0.3706996943535253,-1.4071611514609497,1.1937197074550152
0.8917033280465193,0.7181825536813363,-0.25629861946850574,1.0762920112511638,-1.5336800298868922
0.2904692538759942,1.3215341890606014,-0.8985389843477009,0.47223155157323093,-0.9251824490793674
-1.5355425646720258,-1.067565414954126,-0.47954218796600273,-0.6735521902261673,0.07036587110292074
0.6510460206293461,0.834272858364036,-0.15238857200360972,0.8932800657228933,-0.8798069649080323
-0.25080562204770424,1.3371436596653372,-1.115749403155188,-0.012810356834511384,-0.6789847079230129
-0.21858927082888144,1.3371436596653372,-1.188199992333421,-0.3148408536329718,-0.6467605090912396
1.2393367985214678,-1.3088999895716709,1.9973774081815756,-1.206186035491326,0.671983929140188
-0.5643670182538959,0.5011549165661239,0.07065631354399027,0.6059948096234835,-1.1535082754415005
0.9002788729654141,1.1798474456824617,0.3350374706504098,-0.4682256345021439,0.7555789244973001
-0.9515584246941834,-1.5380946943960414,-0.10859714684963669,-1.3422761124924587,-0.8996264015497327
1.1272627112890037,0.7427732027778511,-0.8761746638417435,1.062393566067509,0.6806178888799225
-1.3497157088937437,1.3101035982528828,1.8918427018520947,-0.8686146873196897,-0.8878186427428971
0.45398810788162,-0.31081220050235026,-0.0348783927854907,0.33950623203617525,0.9376735618387912
-1.5851475510331399,0.6830391131831636,-1.0410877565773888,-0.5177781218844872,-1.1422539549061523
0.2185562657422239,1.3371436596653372,0.09628073742496912,-0.029148811794559217,0.6600788211330226
0.4352002405541987,-1.4443882745678889,-1.188199992333421,-1.4673129985984275,-1.2415388445837985
0.13458267204767327,-1.1427127235244916,-0.8670800937266091,-1.1652830357189554,-0.9372897852595933
-1.0678860077146397,0.06399054723403828,0.4174006360317809,-0.11803083969084191,0.2797048385145705
0.33489128866036044,1.334948094565245,-0.553203040141893,-1.0244223925576308,-0.7932242634303058
-0.7097213620734439,-1.3973182812646487,-0.1597205405203737,1.280775508892709,1.3779952895884224
-0.27093692232765504,-0.4922905615495163,-1.1230808040063807,0.374685086335304,0.4652486494566922
-1.5851475510331399,0.4914772581081754,-0.2209500843540053,-1.3899753670665174,-0.6297179449429205
0.23802913507748177,-0.18138425113825496,-0.1180402636254471,-0.27327953174806424,1.2881505831383238
-0.6638225075995687,0.7236429352844074,-0.9701125302185324,-1.179369954305469,0.3754039430065935
0.015204730978356668,-0.8199230569982545,0.8564683840120563,1.1241001852988293,-0.38142316217283473
-1.0347024697973977,0.624865437356479,-0.7752329396483059,-1.2896557266035162,0.7517376648909222
1.2331776260848324,0.9927743133297169,1.2647737670270207,1.369541676368537,-0.6776159028686539
-1.4103397151404173,0.334112249396635,-1.0583987181691132,-0.9314265188567286,1.1648871332490915
1.4146181307594048,0.734187194006541,1.8939981280256895,1.3587554449675079,-0.9450669644682497
-1.4796306707631992,1.0776088796224959,-0.6887439808959344,-0.7665598101448117,0.632441329375345
1.4033424344038798,1.014893151826541,1.659219027457183,1.0265168796507116,-0.3013822193890838
-0.693428517575186,0.6923269348453462,0.477884267304943,-1.4315206713817765,-0.14152192426653148
1.4210249455045367,0.1994180368886458,1.3073674178259018,1.0593037768823912,1.2828361773457417
-0.38036134314346126,0.9095582896842007,-0.3415551762659458,0.021435740992109934,0.6225063325328624
0.6267675088139766,0.07046738428543972,1.1012366956358037,0.9295876247632249,0.8783056091825043
0.04475706740642451,-0.07270724508474669,-0.2069242034224319,-1.2887170970221378,0.642330071901649
1.4210249455045367,1.3371436596653372,1.1749639646835168,0.22143378521319962,1.4932018830083817
-1.5702172706528743,-1.0296323215439829,-0.6802931435384658,1.3086572923791526,-1.1640666298706246
0.7983889428145448,0.3739358646138774,0.4760455985200408,-0.4800033534643902,0.038810746333081673
-0.928916690368446,1.2079983553104838,1.4446000019819216,1.2334927111295009,-1.3888717497943162
1.2092541036730584,-0.9935998824978739,-0.8146862645076747,1.5119688378414455,1.2816410948974957
-0.888026481297098,0.6104409426206777,1.2299611082116708,-1.4342169622725398,-1.2900117544164513
0.5294159162479968,1.3371436596653372,0.184209863731307,1.197318631836237,1.3361329820831276
-1.226064078028446,-1.6796139839385171,0.8251542481116035,0.5369313206527923,-0.5470926767029045
1.2572095584342313,0.7710339706547487,0.8949146701482337,0.5474297697191437,0.23592943097848804
-0.24587722125587017,1.3371436596653372,-0.7106865258825396,1.5529887658722468,-0.6768166713123562
1.2759448150566286,-0.377133518689785,1.505161403438329,-0.5411360097833199,1.4932018830083817
0.07347560387305273,0.8295697520687447,0.2206806736799389,0.6669849095725451,0.27620725923421824
-0.41635397385622136,-0.6843243804606911,1.9595754224686348,0.5866439837316166,-0.0918759834619505
0.5319858694752246,1.2294889752773326,-0.5397663960731565,0.9855893196048805,0.31501409266728786
